execution,root,checkpoint,created_instances,reachable_instances,active_instances,lost_references
f01_auto,0,creation,9,9,1,0
f01_auto,0,after:StudentAgent.t_SubmitEvidence,10,10,4,0
f01_auto,0,after:EvidenceNet.t_LMS_Submit,10,10,4,0
f01_auto,0,after:EvidenceNet.t_Review_Request,10,10,4,0
f01_auto,0,after:ProfessorAgent.t_StartReview,10,10,4,0
f01_auto,0,after:ProfessorAgent.t_AssessEvidence,10,10,4,0
f01_auto,0,after:ProfessorAgent.t_ApproveEvidence,10,10,5,0
f01_auto,0,after:UniversityAgent.t_VerifyEvidence,10,10,5,0
f01_auto,0,after:UniversityAgent.t_RequestCredential,11,11,7,0
f01_auto,0,after:CompetencyNet.t_Verification_Pass,11,11,7,0
f01_auto,0,after:UniversityAgent.t_IssueCredential,11,11,8,0
f01_auto,0,after:StudentAgent.t_WaitCredential,11,11,8,0
f01_auto,0,after:StudentAgent.t_ReceiveCredential,11,11,8,0
f01_auto,0,after:StudentAgent.t_AcceptCredential,11,11,9,0
f01_auto,0,after:HEDULedgerNet.t_Order,11,11,9,0
f01_auto,0,after:HEDULedgerNet.t_Validate,11,11,9,0
f01_auto,0,after:HEDULedgerNet.t_Commit,11,11,9,0
f01_auto,0,after:HEDULedgerNet.t_Anchor,11,11,9,0
f01_auto,0,after:StudentAgent.t_GenerateVP,11,11,9,0
f01_auto,0,after:StudentAgent.t_ShareVP,11,11,10,0
f01_auto,0,after:HRAgent.t_ParseVP,11,11,10,0
f01_auto,0,after:CompetencyNet.t_Agg_Ingest,11,11,10,0
f01_auto,0,after:HRAgent.t_SemanticMatch,11,11,10,0
f01_auto,0,after:HRAgent.t_GapAnalysis,11,11,10,0
f01_auto,0,after:HRAgent.t_GenerateResult,11,11,10,0
f01_auto,0,after:WalletNet.t_GenerateVP,11,11,10,0
f01_auto,0,after:WalletNet.t_ShareVP,11,11,10,0
f01_auto,0,terminal,11,11,10,0
f01_ledger_reject,0,creation,9,9,1,0
f01_ledger_reject,0,after:StudentAgent.t_SubmitEvidence,10,10,4,0
f01_ledger_reject,0,after:EvidenceNet.t_LMS_Submit,10,10,4,0
f01_ledger_reject,0,after:EvidenceNet.t_Review_Request,10,10,4,0
f01_ledger_reject,0,after:ProfessorAgent.t_StartReview,10,10,4,0
f01_ledger_reject,0,after:ProfessorAgent.t_AssessEvidence,10,10,4,0
f01_ledger_reject,0,after:ProfessorAgent.t_ApproveEvidence,10,10,5,0
f01_ledger_reject,0,after:UniversityAgent.t_VerifyEvidence,10,10,5,0
f01_ledger_reject,0,after:UniversityAgent.t_RequestCredential,11,11,7,0
f01_ledger_reject,0,after:CompetencyNet.t_Verification_Pass,11,11,7,0
f01_ledger_reject,0,after:UniversityAgent.t_IssueCredential,11,11,8,0
f01_ledger_reject,0,after:StudentAgent.t_WaitCredential,11,11,8,0
f01_ledger_reject,0,after:StudentAgent.t_ReceiveCredential,11,11,8,0
f01_ledger_reject,0,after:StudentAgent.t_AcceptCredential,11,11,9,0
f01_ledger_reject,0,after:HEDULedgerNet.t_Order,11,11,9,0
f01_ledger_reject,0,after:HEDULedgerNet.t_Reject,11,11,9,0
f01_ledger_reject,0,terminal,11,11,9,0
f01_reject,0,creation,9,9,1,0
f01_reject,0,after:StudentAgent.t_SubmitEvidence,10,10,4,0
f01_reject,0,after:EvidenceNet.t_LMS_Submit,10,10,4,0
f01_reject,0,after:EvidenceNet.t_Review_Request,10,10,4,0
f01_reject,0,after:ProfessorAgent.t_StartReview,10,10,4,0
f01_reject,0,after:ProfessorAgent.t_AssessEvidence,10,10,4,0
f01_reject,0,after:ProfessorAgent.t_ApproveEvidence,10,10,5,0
f01_reject,0,after:UniversityAgent.t_VerifyEvidence,10,10,5,0
f01_reject,0,after:UniversityAgent.t_RequestCredential,11,11,7,0
f01_reject,0,after:CompetencyNet.t_Verification_Pass,11,11,7,0
f01_reject,0,after:UniversityAgent.t_IssueCredential,11,11,8,0
f01_reject,0,after:StudentAgent.t_WaitCredential,11,11,8,0
f01_reject,0,after:StudentAgent.t_ReceiveCredential,11,11,8,0
f01_reject,0,after:StudentAgent.t_RejectCredential,11,11,8,0
f01_reject,0,terminal,11,11,8,0
f01_cancel,0,creation,9,9,1,0
f01_cancel,0,after:StudentAgent.t_SubmitEvidence,10,10,4,0
f01_cancel,0,after:EvidenceNet.t_LMS_Submit,10,10,4,0
f01_cancel,0,after:EvidenceNet.t_Review_Request,10,10,4,0
f01_cancel,0,after:ProfessorAgent.t_StartReview,10,10,4,0
f01_cancel,0,after:ProfessorAgent.t_AssessEvidence,10,10,4,0
f01_cancel,0,after:ProfessorAgent.t_ApproveEvidence,10,10,5,0
f01_cancel,0,after:UniversityAgent.t_VerifyEvidence,10,10,5,0
f01_cancel,0,after:UniversityAgent.t_RequestCredential,11,11,7,0
f01_cancel,0,after:CompetencyNet.t_Verification_Pass,11,11,7,0
f01_cancel,0,after:UniversityAgent.t_IssueCredential,11,11,8,0
f01_cancel,0,after:StudentAgent.t_WaitCredential,11,11,8,0
f01_cancel,0,after:StudentAgent.t_ReceiveCredential,11,11,8,0
f01_cancel,0,after:CompetencyNet.t_SBT_Cancel,11,11,8,0
f01_cancel,0,terminal,11,11,8,0
f02_auto,0,creation,9,9,1,0
f02_auto,0,after:StudentAgent.t_SubmitEvidence,10,10,4,0
f02_auto,0,after:EvidenceNet.t_LMS_Submit,10,10,4,0
f02_auto,0,after:EvidenceNet.t_Review_Request,10,10,4,0
f02_auto,0,after:ProfessorAgent.t_StartReview,10,10,4,0
f02_auto,0,after:ProfessorAgent.t_AssessEvidence,10,10,4,0
f02_auto,0,after:ProfessorAgent.t_ApproveEvidence,10,10,5,0
f02_auto,0,after:UniversityAgent.t_VerifyEvidence,10,10,5,0
f02_auto,0,after:UniversityAgent.t_RequestCredential,11,11,7,0
f02_auto,0,after:CompetencyNet.t_Verification_Pass,11,11,7,0
f02_auto,0,after:UniversityAgent.t_IssueCredential,11,11,8,0
f02_auto,0,after:StudentAgent.t_WaitCredential,11,11,8,0
f02_auto,0,after:StudentAgent.t_ReceiveCredential,11,11,8,0
f02_auto,0,after:CompetencyNet.t_DenyInvalidIssuerSignature,11,11,8,0
f02_auto,0,terminal,11,11,8,0
f03_auto,0,creation,9,9,1,0
f03_auto,0,after:StudentAgent.t_SubmitEvidence,10,10,4,0
f03_auto,0,after:EvidenceNet.t_LMS_Submit,10,10,4,0
f03_auto,0,after:EvidenceNet.t_Review_Request,10,10,4,0
f03_auto,0,after:ProfessorAgent.t_StartReview,10,10,4,0
f03_auto,0,after:ProfessorAgent.t_AssessEvidence,10,10,4,0
f03_auto,0,after:ProfessorAgent.t_ApproveEvidence,10,10,5,0
f03_auto,0,after:UniversityAgent.t_VerifyEvidence,10,10,5,0
f03_auto,0,after:UniversityAgent.t_RequestCredential,11,11,7,0
f03_auto,0,after:CompetencyNet.t_Verification_Pass,11,11,7,0
f03_auto,0,after:UniversityAgent.t_IssueCredential,11,11,8,0
f03_auto,0,after:StudentAgent.t_WaitCredential,11,11,8,0
f03_auto,0,after:StudentAgent.t_ReceiveCredential,11,11,8,0
f03_auto,0,after:StudentAgent.t_DenyInvalidSignature,11,11,8,0
f03_auto,0,terminal,11,11,8,0
f03_cancel,0,creation,9,9,1,0
f03_cancel,0,after:StudentAgent.t_SubmitEvidence,10,10,4,0
f03_cancel,0,after:EvidenceNet.t_LMS_Submit,10,10,4,0
f03_cancel,0,after:EvidenceNet.t_Review_Request,10,10,4,0
f03_cancel,0,after:ProfessorAgent.t_StartReview,10,10,4,0
f03_cancel,0,after:ProfessorAgent.t_AssessEvidence,10,10,4,0
f03_cancel,0,after:ProfessorAgent.t_ApproveEvidence,10,10,5,0
f03_cancel,0,after:UniversityAgent.t_VerifyEvidence,10,10,5,0
f03_cancel,0,after:UniversityAgent.t_RequestCredential,11,11,7,0
f03_cancel,0,after:CompetencyNet.t_Verification_Pass,11,11,7,0
f03_cancel,0,after:UniversityAgent.t_IssueCredential,11,11,8,0
f03_cancel,0,after:StudentAgent.t_WaitCredential,11,11,8,0
f03_cancel,0,after:StudentAgent.t_ReceiveCredential,11,11,8,0
f03_cancel,0,after:CompetencyNet.t_SBT_Cancel,11,11,8,0
f03_cancel,0,terminal,11,11,8,0
f04_auto,0,creation,9,9,1,0
f04_auto,0,after:StudentAgent.t_SubmitEvidence,10,10,4,0
f04_auto,0,after:EvidenceNet.t_LMS_Submit,10,10,4,0
f04_auto,0,after:EvidenceNet.t_Review_Request,10,10,4,0
f04_auto,0,after:ProfessorAgent.t_StartReview,10,10,4,0
f04_auto,0,after:ProfessorAgent.t_AssessEvidence,10,10,4,0
f04_auto,0,after:ProfessorAgent.t_ApproveEvidence,10,10,5,0
f04_auto,0,after:UniversityAgent.t_VerifyEvidence,10,10,5,0
f04_auto,0,after:UniversityAgent.t_RequestCredential,11,11,7,0
f04_auto,0,after:CompetencyNet.t_Verification_Pass,11,11,7,0
f04_auto,0,after:UniversityAgent.t_IssueCredential,11,11,8,0
f04_auto,0,after:StudentAgent.t_WaitCredential,11,11,8,0
f04_auto,0,after:StudentAgent.t_ReceiveCredential,11,11,8,0
f04_auto,0,after:CompetencyNet.t_DenyInvalidIssuerSignature,11,11,8,0
f04_auto,0,terminal,11,11,8,0
f05_auto,0,creation,9,9,1,0
f05_auto,0,after:StudentAgent.t_SubmitEvidence,10,10,4,0
f05_auto,0,after:EvidenceNet.t_LMS_Submit,10,10,4,0
f05_auto,0,after:EvidenceNet.t_Review_Request,10,10,4,0
f05_auto,0,after:ProfessorAgent.t_StartReview,10,10,4,0
f05_auto,0,after:ProfessorAgent.t_AssessEvidence,10,10,4,0
f05_auto,0,after:ProfessorAgent.t_ApproveEvidence,10,10,5,0
f05_auto,0,after:UniversityAgent.t_VerifyEvidence,10,10,5,0
f05_auto,0,after:UniversityAgent.t_RequestCredential,11,11,7,0
f05_auto,0,after:CompetencyNet.t_Verification_Pass,11,11,7,0
f05_auto,0,after:UniversityAgent.t_IssueCredential,11,11,8,0
f05_auto,0,after:StudentAgent.t_WaitCredential,11,11,8,0
f05_auto,0,after:StudentAgent.t_ReceiveCredential,11,11,8,0
f05_auto,0,after:StudentAgent.t_RejectCredential,11,11,8,0
f05_auto,0,terminal,11,11,8,0
f05_cancel,0,creation,9,9,1,0
f05_cancel,0,after:StudentAgent.t_SubmitEvidence,10,10,4,0
f05_cancel,0,after:EvidenceNet.t_LMS_Submit,10,10,4,0
f05_cancel,0,after:EvidenceNet.t_Review_Request,10,10,4,0
f05_cancel,0,after:ProfessorAgent.t_StartReview,10,10,4,0
f05_cancel,0,after:ProfessorAgent.t_AssessEvidence,10,10,4,0
f05_cancel,0,after:ProfessorAgent.t_ApproveEvidence,10,10,5,0
f05_cancel,0,after:UniversityAgent.t_VerifyEvidence,10,10,5,0
f05_cancel,0,after:UniversityAgent.t_RequestCredential,11,11,7,0
f05_cancel,0,after:CompetencyNet.t_Verification_Pass,11,11,7,0
f05_cancel,0,after:UniversityAgent.t_IssueCredential,11,11,8,0
f05_cancel,0,after:StudentAgent.t_WaitCredential,11,11,8,0
f05_cancel,0,after:StudentAgent.t_ReceiveCredential,11,11,8,0
f05_cancel,0,after:CompetencyNet.t_SBT_Cancel,11,11,8,0
f05_cancel,0,terminal,11,11,8,0
f05_expire,0,creation,9,9,1,0
f05_expire,0,after:StudentAgent.t_SubmitEvidence,10,10,4,0
f05_expire,0,after:EvidenceNet.t_LMS_Submit,10,10,4,0
f05_expire,0,after:EvidenceNet.t_Review_Request,10,10,4,0
f05_expire,0,after:ProfessorAgent.t_StartReview,10,10,4,0
f05_expire,0,after:ProfessorAgent.t_AssessEvidence,10,10,4,0
f05_expire,0,after:ProfessorAgent.t_ApproveEvidence,10,10,5,0
f05_expire,0,after:UniversityAgent.t_VerifyEvidence,10,10,5,0
f05_expire,0,after:UniversityAgent.t_RequestCredential,11,11,7,0
f05_expire,0,after:CompetencyNet.t_Verification_Pass,11,11,7,0
f05_expire,0,after:UniversityAgent.t_IssueCredential,11,11,8,0
f05_expire,0,after:StudentAgent.t_WaitCredential,11,11,8,0
f05_expire,0,after:StudentAgent.t_ReceiveCredential,11,11,8,0
f05_expire,0,after:CompetencyNet.t_SBT_Expire,11,11,8,0
f05_expire,0,terminal,11,11,8,0
f06_auto,0,creation,9,9,1,0
f06_auto,0,after:StudentAgent.t_SubmitEvidence,10,10,4,0
f06_auto,0,after:EvidenceNet.t_LMS_Submit,10,10,4,0
f06_auto,0,after:EvidenceNet.t_Review_Request,10,10,4,0
f06_auto,0,after:ProfessorAgent.t_StartReview,10,10,4,0
f06_auto,0,after:ProfessorAgent.t_AssessEvidence,10,10,4,0
f06_auto,0,after:ProfessorAgent.t_ApproveEvidence,10,10,5,0
f06_auto,0,after:UniversityAgent.t_VerifyEvidence,10,10,5,0
f06_auto,0,after:UniversityAgent.t_RequestCredential,11,11,7,0
f06_auto,0,after:CompetencyNet.t_Verification_Pass,11,11,7,0
f06_auto,0,after:UniversityAgent.t_IssueCredential,11,11,8,0
f06_auto,0,after:StudentAgent.t_WaitCredential,11,11,8,0
f06_auto,0,after:StudentAgent.t_ReceiveCredential,11,11,8,0
f06_auto,0,after:CompetencyNet.t_DenyInvalidIssuerSignature,11,11,8,0
f06_auto,0,terminal,11,11,8,0
f07_auto,0,creation,9,9,1,0
f07_auto,0,after:StudentAgent.t_SubmitEvidence,10,10,4,0
f07_auto,0,after:EvidenceNet.t_LMS_Submit,10,10,4,0
f07_auto,0,after:EvidenceNet.t_Review_Request,10,10,4,0
f07_auto,0,after:ProfessorAgent.t_StartReview,10,10,4,0
f07_auto,0,after:ProfessorAgent.t_AssessEvidence,10,10,4,0
f07_auto,0,after:ProfessorAgent.t_ApproveEvidence,10,10,5,0
f07_auto,0,after:UniversityAgent.t_VerifyEvidence,10,10,5,0
f07_auto,0,after:UniversityAgent.t_RequestCredential,11,11,7,0
f07_auto,0,after:CompetencyNet.t_Verification_Pass,11,11,7,0
f07_auto,0,after:UniversityAgent.t_IssueCredential,11,11,8,0
f07_auto,0,after:StudentAgent.t_WaitCredential,11,11,8,0
f07_auto,0,after:StudentAgent.t_ReceiveCredential,11,11,8,0
f07_auto,0,after:StudentAgent.t_DenyInvalidSignature,11,11,8,0
f07_auto,0,terminal,11,11,8,0
f07_cancel,0,creation,9,9,1,0
f07_cancel,0,after:StudentAgent.t_SubmitEvidence,10,10,4,0
f07_cancel,0,after:EvidenceNet.t_LMS_Submit,10,10,4,0
f07_cancel,0,after:EvidenceNet.t_Review_Request,10,10,4,0
f07_cancel,0,after:ProfessorAgent.t_StartReview,10,10,4,0
f07_cancel,0,after:ProfessorAgent.t_AssessEvidence,10,10,4,0
f07_cancel,0,after:ProfessorAgent.t_ApproveEvidence,10,10,5,0
f07_cancel,0,after:UniversityAgent.t_VerifyEvidence,10,10,5,0
f07_cancel,0,after:UniversityAgent.t_RequestCredential,11,11,7,0
f07_cancel,0,after:CompetencyNet.t_Verification_Pass,11,11,7,0
f07_cancel,0,after:UniversityAgent.t_IssueCredential,11,11,8,0
f07_cancel,0,after:StudentAgent.t_WaitCredential,11,11,8,0
f07_cancel,0,after:StudentAgent.t_ReceiveCredential,11,11,8,0
f07_cancel,0,after:CompetencyNet.t_SBT_Cancel,11,11,8,0
f07_cancel,0,terminal,11,11,8,0
f07_expire,0,creation,9,9,1,0
f07_expire,0,after:StudentAgent.t_SubmitEvidence,10,10,4,0
f07_expire,0,after:EvidenceNet.t_LMS_Submit,10,10,4,0
f07_expire,0,after:EvidenceNet.t_Review_Request,10,10,4,0
f07_expire,0,after:ProfessorAgent.t_StartReview,10,10,4,0
f07_expire,0,after:ProfessorAgent.t_AssessEvidence,10,10,4,0
f07_expire,0,after:ProfessorAgent.t_ApproveEvidence,10,10,5,0
f07_expire,0,after:UniversityAgent.t_VerifyEvidence,10,10,5,0
f07_expire,0,after:UniversityAgent.t_RequestCredential,11,11,7,0
f07_expire,0,after:CompetencyNet.t_Verification_Pass,11,11,7,0
f07_expire,0,after:UniversityAgent.t_IssueCredential,11,11,8,0
f07_expire,0,after:StudentAgent.t_WaitCredential,11,11,8,0
f07_expire,0,after:StudentAgent.t_ReceiveCredential,11,11,8,0
f07_expire,0,after:CompetencyNet.t_SBT_Expire,11,11,8,0
f07_expire,0,terminal,11,11,8,0
f08_auto,0,creation,9,9,1,0
f08_auto,0,after:StudentAgent.t_SubmitEvidence,10,10,4,0
f08_auto,0,after:EvidenceNet.t_LMS_Submit,10,10,4,0
f08_auto,0,after:EvidenceNet.t_Review_Request,10,10,4,0
f08_auto,0,after:ProfessorAgent.t_StartReview,10,10,4,0
f08_auto,0,after:ProfessorAgent.t_AssessEvidence,10,10,4,0
f08_auto,0,after:ProfessorAgent.t_ApproveEvidence,10,10,5,0
f08_auto,0,after:UniversityAgent.t_VerifyEvidence,10,10,5,0
f08_auto,0,after:UniversityAgent.t_RequestCredential,11,11,7,0
f08_auto,0,after:CompetencyNet.t_Verification_Pass,11,11,7,0
f08_auto,0,after:UniversityAgent.t_IssueCredential,11,11,8,0
f08_auto,0,after:StudentAgent.t_WaitCredential,11,11,8,0
f08_auto,0,after:StudentAgent.t_ReceiveCredential,11,11,8,0
f08_auto,0,after:CompetencyNet.t_DenyInvalidIssuerSignature,11,11,8,0
f08_auto,0,terminal,11,11,8,0
f09_auto,0,creation,9,9,1,0
f09_auto,0,after:StudentAgent.t_SubmitEvidence,10,10,4,0
f09_auto,0,after:EvidenceNet.t_LMS_Submit,10,10,4,0
f09_auto,0,after:EvidenceNet.t_Review_Request,10,10,4,0
f09_auto,0,after:ProfessorAgent.t_StartReview,10,10,4,0
f09_auto,0,after:ProfessorAgent.t_AssessEvidence,10,10,4,0
f09_auto,0,after:ProfessorAgent.t_RejectEvidence,10,10,4,0
f09_auto,0,terminal,10,10,4,0
f10_auto,0,creation,9,9,1,0
f10_auto,0,after:StudentAgent.t_SubmitEvidence,10,10,4,0
f10_auto,0,after:EvidenceNet.t_LMS_Submit,10,10,4,0
f10_auto,0,after:EvidenceNet.t_Review_Request,10,10,4,0
f10_auto,0,after:ProfessorAgent.t_StartReview,10,10,4,0
f10_auto,0,after:ProfessorAgent.t_AssessEvidence,10,10,4,0
f10_auto,0,after:ProfessorAgent.t_RejectEvidence,10,10,4,0
f10_auto,0,terminal,10,10,4,0
f11_auto,0,creation,9,9,1,0
f11_auto,0,after:StudentAgent.t_SubmitEvidence,10,10,4,0
f11_auto,0,after:EvidenceNet.t_LMS_Submit,10,10,4,0
f11_auto,0,after:EvidenceNet.t_Review_Request,10,10,4,0
f11_auto,0,after:ProfessorAgent.t_StartReview,10,10,4,0
f11_auto,0,after:ProfessorAgent.t_AssessEvidence,10,10,4,0
f11_auto,0,after:ProfessorAgent.t_RejectEvidence,10,10,4,0
f11_auto,0,terminal,10,10,4,0
f12_auto,0,creation,9,9,1,0
f12_auto,0,after:StudentAgent.t_SubmitEvidence,10,10,4,0
f12_auto,0,after:EvidenceNet.t_LMS_Submit,10,10,4,0
f12_auto,0,after:EvidenceNet.t_Review_Request,10,10,4,0
f12_auto,0,after:ProfessorAgent.t_StartReview,10,10,4,0
f12_auto,0,after:ProfessorAgent.t_AssessEvidence,10,10,4,0
f12_auto,0,after:ProfessorAgent.t_RejectEvidence,10,10,4,0
f12_auto,0,terminal,10,10,4,0
f13_auto,0,creation,9,9,1,0
f13_auto,0,after:StudentAgent.t_SubmitEvidence,10,10,4,0
f13_auto,0,after:EvidenceNet.t_LMS_Submit,10,10,4,0
f13_auto,0,after:EvidenceNet.t_Review_Request,10,10,4,0
f13_auto,0,after:ProfessorAgent.t_StartReview,10,10,4,0
f13_auto,0,after:ProfessorAgent.t_AssessEvidence,10,10,4,0
f13_auto,0,after:ProfessorAgent.t_RejectEvidence,10,10,4,0
f13_auto,0,terminal,10,10,4,0
f14_auto,0,creation,9,9,1,0
f14_auto,0,after:StudentAgent.t_SubmitEvidence,10,10,4,0
f14_auto,0,after:EvidenceNet.t_LMS_Submit,10,10,4,0
f14_auto,0,after:EvidenceNet.t_Review_Request,10,10,4,0
f14_auto,0,after:ProfessorAgent.t_StartReview,10,10,4,0
f14_auto,0,after:ProfessorAgent.t_AssessEvidence,10,10,4,0
f14_auto,0,after:ProfessorAgent.t_RejectEvidence,10,10,4,0
f14_auto,0,terminal,10,10,4,0
f15_auto,0,creation,9,9,1,0
f15_auto,0,after:StudentAgent.t_SubmitEvidence,10,10,4,0
f15_auto,0,after:EvidenceNet.t_LMS_Submit,10,10,4,0
f15_auto,0,after:EvidenceNet.t_Review_Request,10,10,4,0
f15_auto,0,after:ProfessorAgent.t_StartReview,10,10,4,0
f15_auto,0,after:ProfessorAgent.t_AssessEvidence,10,10,4,0
f15_auto,0,after:ProfessorAgent.t_RejectEvidence,10,10,4,0
f15_auto,0,terminal,10,10,4,0
f16_auto,0,creation,9,9,1,0
f16_auto,0,after:StudentAgent.t_SubmitEvidence,10,10,4,0
f16_auto,0,after:EvidenceNet.t_LMS_Submit,10,10,4,0
f16_auto,0,after:EvidenceNet.t_Review_Request,10,10,4,0
f16_auto,0,after:ProfessorAgent.t_StartReview,10,10,4,0
f16_auto,0,after:ProfessorAgent.t_AssessEvidence,10,10,4,0
f16_auto,0,after:ProfessorAgent.t_RejectEvidence,10,10,4,0
f16_auto,0,terminal,10,10,4,0
inter_A_reject_before_wait,0,creation,9,9,1,0
inter_A_reject_before_wait,0,after:StudentAgent.t_SubmitEvidence,10,10,4,0
inter_A_reject_before_wait,0,after:EvidenceNet.t_LMS_Submit,10,10,4,0
inter_A_reject_before_wait,0,after:EvidenceNet.t_Review_Request,10,10,4,0
inter_A_reject_before_wait,0,after:ProfessorAgent.t_StartReview,10,10,4,0
inter_A_reject_before_wait,0,after:ProfessorAgent.t_AssessEvidence,10,10,4,0
inter_A_reject_before_wait,0,after:ProfessorAgent.t_RejectEvidence,10,10,4,0
inter_A_reject_before_wait,0,terminal,10,10,4,0
inter_A_wait_before_reject,0,creation,9,9,1,0
inter_A_wait_before_reject,0,after:StudentAgent.t_SubmitEvidence,10,10,4,0
inter_A_wait_before_reject,0,after:EvidenceNet.t_LMS_Submit,10,10,4,0
inter_A_wait_before_reject,0,after:EvidenceNet.t_Review_Request,10,10,4,0
inter_A_wait_before_reject,0,after:ProfessorAgent.t_StartReview,10,10,4,0
inter_A_wait_before_reject,0,after:ProfessorAgent.t_AssessEvidence,10,10,4,0
inter_A_wait_before_reject,0,after:StudentAgent.t_WaitCredential,10,10,4,0
inter_A_wait_before_reject,0,after:ProfessorAgent.t_RejectEvidence,10,10,4,0
inter_A_wait_before_reject,0,terminal,10,10,4,0
inter_O_wait_before_assessment_pass,0,creation,9,9,1,0
inter_O_wait_before_assessment_pass,0,after:StudentAgent.t_SubmitEvidence,10,10,4,0
inter_O_wait_before_assessment_pass,0,after:StudentAgent.t_WaitCredential,10,10,4,0
inter_O_wait_before_assessment_pass,0,after:EvidenceNet.t_LMS_Submit,10,10,4,0
inter_O_wait_before_assessment_pass,0,after:EvidenceNet.t_Review_Request,10,10,4,0
inter_O_wait_before_assessment_pass,0,after:ProfessorAgent.t_StartReview,10,10,4,0
inter_O_wait_before_assessment_pass,0,after:ProfessorAgent.t_AssessEvidence,10,10,4,0
inter_O_wait_before_assessment_pass,0,after:ProfessorAgent.t_ApproveEvidence,10,10,5,0
inter_O_wait_before_assessment_pass,0,after:UniversityAgent.t_VerifyEvidence,10,10,5,0
inter_O_wait_before_assessment_pass,0,after:UniversityAgent.t_RequestCredential,11,11,7,0
inter_O_wait_before_assessment_pass,0,after:CompetencyNet.t_Verification_Pass,11,11,7,0
inter_O_wait_before_assessment_pass,0,after:UniversityAgent.t_IssueCredential,11,11,8,0
inter_O_wait_before_assessment_pass,0,after:StudentAgent.t_ReceiveCredential,11,11,8,0
inter_O_wait_before_assessment_pass,0,after:StudentAgent.t_AcceptCredential,11,11,9,0
inter_O_wait_before_assessment_pass,0,after:HEDULedgerNet.t_Order,11,11,9,0
inter_O_wait_before_assessment_pass,0,after:HEDULedgerNet.t_Validate,11,11,9,0
inter_O_wait_before_assessment_pass,0,after:HEDULedgerNet.t_Commit,11,11,9,0
inter_O_wait_before_assessment_pass,0,after:HEDULedgerNet.t_Anchor,11,11,9,0
inter_O_wait_before_assessment_pass,0,after:StudentAgent.t_GenerateVP,11,11,9,0
inter_O_wait_before_assessment_pass,0,after:StudentAgent.t_ShareVP,11,11,10,0
inter_O_wait_before_assessment_pass,0,after:HRAgent.t_ParseVP,11,11,10,0
inter_O_wait_before_assessment_pass,0,after:CompetencyNet.t_Agg_Ingest,11,11,10,0
inter_O_wait_before_assessment_pass,0,after:HRAgent.t_SemanticMatch,11,11,10,0
inter_O_wait_before_assessment_pass,0,after:HRAgent.t_GapAnalysis,11,11,10,0
inter_O_wait_before_assessment_pass,0,after:HRAgent.t_GenerateResult,11,11,10,0
inter_O_wait_before_assessment_pass,0,after:WalletNet.t_GenerateVP,11,11,10,0
inter_O_wait_before_assessment_pass,0,after:WalletNet.t_ShareVP,11,11,10,0
inter_O_wait_before_assessment_pass,0,terminal,11,11,10,0
inter_O_wait_before_assessment_fail,0,creation,9,9,1,0
inter_O_wait_before_assessment_fail,0,after:StudentAgent.t_SubmitEvidence,10,10,4,0
inter_O_wait_before_assessment_fail,0,after:StudentAgent.t_WaitCredential,10,10,4,0
inter_O_wait_before_assessment_fail,0,after:EvidenceNet.t_LMS_Submit,10,10,4,0
inter_O_wait_before_assessment_fail,0,after:EvidenceNet.t_Review_Request,10,10,4,0
inter_O_wait_before_assessment_fail,0,after:ProfessorAgent.t_StartReview,10,10,4,0
inter_O_wait_before_assessment_fail,0,after:ProfessorAgent.t_AssessEvidence,10,10,4,0
inter_O_wait_before_assessment_fail,0,after:ProfessorAgent.t_RejectEvidence,10,10,4,0
inter_O_wait_before_assessment_fail,0,terminal,10,10,4,0
inter_cancel_phase0,0,creation,9,9,1,0
inter_cancel_phase0,0,after:StudentAgent.t_SubmitEvidence,10,10,4,0
inter_cancel_phase0,0,after:EvidenceNet.t_LMS_Submit,10,10,4,0
inter_cancel_phase0,0,after:EvidenceNet.t_Review_Request,10,10,4,0
inter_cancel_phase0,0,after:ProfessorAgent.t_StartReview,10,10,4,0
inter_cancel_phase0,0,after:ProfessorAgent.t_AssessEvidence,10,10,4,0
inter_cancel_phase0,0,after:ProfessorAgent.t_ApproveEvidence,10,10,5,0
inter_cancel_phase0,0,after:UniversityAgent.t_VerifyEvidence,10,10,5,0
inter_cancel_phase0,0,after:UniversityAgent.t_RequestCredential,11,11,7,0
inter_cancel_phase0,0,after:CompetencyNet.t_Verification_Pass,11,11,7,0
inter_cancel_phase0,0,after:UniversityAgent.t_IssueCredential,11,11,8,0
inter_cancel_phase0,0,after:CompetencyNet.t_SBT_Cancel,11,11,8,0
inter_cancel_phase0,0,terminal,11,11,8,0
inter_cancel_phase1,0,creation,9,9,1,0
inter_cancel_phase1,0,after:StudentAgent.t_SubmitEvidence,10,10,4,0
inter_cancel_phase1,0,after:EvidenceNet.t_LMS_Submit,10,10,4,0
inter_cancel_phase1,0,after:EvidenceNet.t_Review_Request,10,10,4,0
inter_cancel_phase1,0,after:ProfessorAgent.t_StartReview,10,10,4,0
inter_cancel_phase1,0,after:ProfessorAgent.t_AssessEvidence,10,10,4,0
inter_cancel_phase1,0,after:ProfessorAgent.t_ApproveEvidence,10,10,5,0
inter_cancel_phase1,0,after:UniversityAgent.t_VerifyEvidence,10,10,5,0
inter_cancel_phase1,0,after:UniversityAgent.t_RequestCredential,11,11,7,0
inter_cancel_phase1,0,after:CompetencyNet.t_Verification_Pass,11,11,7,0
inter_cancel_phase1,0,after:UniversityAgent.t_IssueCredential,11,11,8,0
inter_cancel_phase1,0,after:StudentAgent.t_WaitCredential,11,11,8,0
inter_cancel_phase1,0,after:CompetencyNet.t_SBT_Cancel,11,11,8,0
inter_cancel_phase1,0,terminal,11,11,8,0
inter_cancel_phase2,0,creation,9,9,1,0
inter_cancel_phase2,0,after:StudentAgent.t_SubmitEvidence,10,10,4,0
inter_cancel_phase2,0,after:EvidenceNet.t_LMS_Submit,10,10,4,0
inter_cancel_phase2,0,after:EvidenceNet.t_Review_Request,10,10,4,0
inter_cancel_phase2,0,after:ProfessorAgent.t_StartReview,10,10,4,0
inter_cancel_phase2,0,after:ProfessorAgent.t_AssessEvidence,10,10,4,0
inter_cancel_phase2,0,after:ProfessorAgent.t_ApproveEvidence,10,10,5,0
inter_cancel_phase2,0,after:UniversityAgent.t_VerifyEvidence,10,10,5,0
inter_cancel_phase2,0,after:UniversityAgent.t_RequestCredential,11,11,7,0
inter_cancel_phase2,0,after:CompetencyNet.t_Verification_Pass,11,11,7,0
inter_cancel_phase2,0,after:UniversityAgent.t_IssueCredential,11,11,8,0
inter_cancel_phase2,0,after:StudentAgent.t_WaitCredential,11,11,8,0
inter_cancel_phase2,0,after:StudentAgent.t_ReceiveCredential,11,11,8,0
inter_cancel_phase2,0,after:CompetencyNet.t_SBT_Cancel,11,11,8,0
inter_cancel_phase2,0,terminal,11,11,8,0
inter_expire_phase0,0,creation,9,9,1,0
inter_expire_phase0,0,after:StudentAgent.t_SubmitEvidence,10,10,4,0
inter_expire_phase0,0,after:EvidenceNet.t_LMS_Submit,10,10,4,0
inter_expire_phase0,0,after:EvidenceNet.t_Review_Request,10,10,4,0
inter_expire_phase0,0,after:ProfessorAgent.t_StartReview,10,10,4,0
inter_expire_phase0,0,after:ProfessorAgent.t_AssessEvidence,10,10,4,0
inter_expire_phase0,0,after:ProfessorAgent.t_ApproveEvidence,10,10,5,0
inter_expire_phase0,0,after:UniversityAgent.t_VerifyEvidence,10,10,5,0
inter_expire_phase0,0,after:UniversityAgent.t_RequestCredential,11,11,7,0
inter_expire_phase0,0,after:CompetencyNet.t_Verification_Pass,11,11,7,0
inter_expire_phase0,0,after:UniversityAgent.t_IssueCredential,11,11,8,0
inter_expire_phase0,0,after:CompetencyNet.t_SBT_Expire,11,11,8,0
inter_expire_phase0,0,terminal,11,11,8,0
inter_expire_phase1,0,creation,9,9,1,0
inter_expire_phase1,0,after:StudentAgent.t_SubmitEvidence,10,10,4,0
inter_expire_phase1,0,after:EvidenceNet.t_LMS_Submit,10,10,4,0
inter_expire_phase1,0,after:EvidenceNet.t_Review_Request,10,10,4,0
inter_expire_phase1,0,after:ProfessorAgent.t_StartReview,10,10,4,0
inter_expire_phase1,0,after:ProfessorAgent.t_AssessEvidence,10,10,4,0
inter_expire_phase1,0,after:ProfessorAgent.t_ApproveEvidence,10,10,5,0
inter_expire_phase1,0,after:UniversityAgent.t_VerifyEvidence,10,10,5,0
inter_expire_phase1,0,after:UniversityAgent.t_RequestCredential,11,11,7,0
inter_expire_phase1,0,after:CompetencyNet.t_Verification_Pass,11,11,7,0
inter_expire_phase1,0,after:UniversityAgent.t_IssueCredential,11,11,8,0
inter_expire_phase1,0,after:StudentAgent.t_WaitCredential,11,11,8,0
inter_expire_phase1,0,after:CompetencyNet.t_SBT_Expire,11,11,8,0
inter_expire_phase1,0,terminal,11,11,8,0
inter_expire_phase2,0,creation,9,9,1,0
inter_expire_phase2,0,after:StudentAgent.t_SubmitEvidence,10,10,4,0
inter_expire_phase2,0,after:EvidenceNet.t_LMS_Submit,10,10,4,0
inter_expire_phase2,0,after:EvidenceNet.t_Review_Request,10,10,4,0
inter_expire_phase2,0,after:ProfessorAgent.t_StartReview,10,10,4,0
inter_expire_phase2,0,after:ProfessorAgent.t_AssessEvidence,10,10,4,0
inter_expire_phase2,0,after:ProfessorAgent.t_ApproveEvidence,10,10,5,0
inter_expire_phase2,0,after:UniversityAgent.t_VerifyEvidence,10,10,5,0
inter_expire_phase2,0,after:UniversityAgent.t_RequestCredential,11,11,7,0
inter_expire_phase2,0,after:CompetencyNet.t_Verification_Pass,11,11,7,0
inter_expire_phase2,0,after:UniversityAgent.t_IssueCredential,11,11,8,0
inter_expire_phase2,0,after:StudentAgent.t_WaitCredential,11,11,8,0
inter_expire_phase2,0,after:StudentAgent.t_ReceiveCredential,11,11,8,0
inter_expire_phase2,0,after:CompetencyNet.t_SBT_Expire,11,11,8,0
inter_expire_phase2,0,terminal,11,11,8,0
inter_issuer_deny_phase0,0,creation,9,9,1,0
inter_issuer_deny_phase0,0,after:StudentAgent.t_SubmitEvidence,10,10,4,0
inter_issuer_deny_phase0,0,after:EvidenceNet.t_LMS_Submit,10,10,4,0
inter_issuer_deny_phase0,0,after:EvidenceNet.t_Review_Request,10,10,4,0
inter_issuer_deny_phase0,0,after:ProfessorAgent.t_StartReview,10,10,4,0
inter_issuer_deny_phase0,0,after:ProfessorAgent.t_AssessEvidence,10,10,4,0
inter_issuer_deny_phase0,0,after:ProfessorAgent.t_ApproveEvidence,10,10,5,0
inter_issuer_deny_phase0,0,after:UniversityAgent.t_VerifyEvidence,10,10,5,0
inter_issuer_deny_phase0,0,after:UniversityAgent.t_RequestCredential,11,11,7,0
inter_issuer_deny_phase0,0,after:CompetencyNet.t_Verification_Pass,11,11,7,0
inter_issuer_deny_phase0,0,after:UniversityAgent.t_IssueCredential,11,11,8,0
inter_issuer_deny_phase0,0,after:CompetencyNet.t_DenyInvalidIssuerSignature,11,11,8,0
inter_issuer_deny_phase0,0,terminal,11,11,8,0
inter_issuer_deny_phase1,0,creation,9,9,1,0
inter_issuer_deny_phase1,0,after:StudentAgent.t_SubmitEvidence,10,10,4,0
inter_issuer_deny_phase1,0,after:EvidenceNet.t_LMS_Submit,10,10,4,0
inter_issuer_deny_phase1,0,after:EvidenceNet.t_Review_Request,10,10,4,0
inter_issuer_deny_phase1,0,after:ProfessorAgent.t_StartReview,10,10,4,0
inter_issuer_deny_phase1,0,after:ProfessorAgent.t_AssessEvidence,10,10,4,0
inter_issuer_deny_phase1,0,after:ProfessorAgent.t_ApproveEvidence,10,10,5,0
inter_issuer_deny_phase1,0,after:UniversityAgent.t_VerifyEvidence,10,10,5,0
inter_issuer_deny_phase1,0,after:UniversityAgent.t_RequestCredential,11,11,7,0
inter_issuer_deny_phase1,0,after:CompetencyNet.t_Verification_Pass,11,11,7,0
inter_issuer_deny_phase1,0,after:UniversityAgent.t_IssueCredential,11,11,8,0
inter_issuer_deny_phase1,0,after:StudentAgent.t_WaitCredential,11,11,8,0
inter_issuer_deny_phase1,0,after:CompetencyNet.t_DenyInvalidIssuerSignature,11,11,8,0
inter_issuer_deny_phase1,0,terminal,11,11,8,0
inter_issuer_deny_phase2,0,creation,9,9,1,0
inter_issuer_deny_phase2,0,after:StudentAgent.t_SubmitEvidence,10,10,4,0
inter_issuer_deny_phase2,0,after:EvidenceNet.t_LMS_Submit,10,10,4,0
inter_issuer_deny_phase2,0,after:EvidenceNet.t_Review_Request,10,10,4,0
inter_issuer_deny_phase2,0,after:ProfessorAgent.t_StartReview,10,10,4,0
inter_issuer_deny_phase2,0,after:ProfessorAgent.t_AssessEvidence,10,10,4,0
inter_issuer_deny_phase2,0,after:ProfessorAgent.t_ApproveEvidence,10,10,5,0
inter_issuer_deny_phase2,0,after:UniversityAgent.t_VerifyEvidence,10,10,5,0
inter_issuer_deny_phase2,0,after:UniversityAgent.t_RequestCredential,11,11,7,0
inter_issuer_deny_phase2,0,after:CompetencyNet.t_Verification_Pass,11,11,7,0
inter_issuer_deny_phase2,0,after:UniversityAgent.t_IssueCredential,11,11,8,0
inter_issuer_deny_phase2,0,after:StudentAgent.t_WaitCredential,11,11,8,0
inter_issuer_deny_phase2,0,after:StudentAgent.t_ReceiveCredential,11,11,8,0
inter_issuer_deny_phase2,0,after:CompetencyNet.t_DenyInvalidIssuerSignature,11,11,8,0
inter_issuer_deny_phase2,0,terminal,11,11,8,0
inter_D_E_accept,0,creation,9,9,1,0
inter_D_E_accept,0,after:StudentAgent.t_SubmitEvidence,10,10,4,0
inter_D_E_accept,0,after:EvidenceNet.t_LMS_Submit,10,10,4,0
inter_D_E_accept,0,after:EvidenceNet.t_Review_Request,10,10,4,0
inter_D_E_accept,0,after:ProfessorAgent.t_StartReview,10,10,4,0
inter_D_E_accept,0,after:ProfessorAgent.t_AssessEvidence,10,10,4,0
inter_D_E_accept,0,after:ProfessorAgent.t_ApproveEvidence,10,10,5,0
inter_D_E_accept,0,after:UniversityAgent.t_VerifyEvidence,10,10,5,0
inter_D_E_accept,0,after:UniversityAgent.t_RequestCredential,11,11,7,0
inter_D_E_accept,0,after:CompetencyNet.t_Verification_Pass,11,11,7,0
inter_D_E_accept,0,after:UniversityAgent.t_IssueCredential,11,11,8,0
inter_D_E_accept,0,after:StudentAgent.t_WaitCredential,11,11,8,0
inter_D_E_accept,0,after:StudentAgent.t_ReceiveCredential,11,11,8,0
inter_D_E_accept,0,after:StudentAgent.t_AcceptCredential,11,11,9,0
inter_D_E_accept,0,after:HEDULedgerNet.t_Order,11,11,9,0
inter_D_E_accept,0,after:HEDULedgerNet.t_Validate,11,11,9,0
inter_D_E_accept,0,after:HEDULedgerNet.t_Commit,11,11,9,0
inter_D_E_accept,0,after:HEDULedgerNet.t_Anchor,11,11,9,0
inter_D_E_accept,0,after:StudentAgent.t_GenerateVP,11,11,9,0
inter_D_E_accept,0,after:StudentAgent.t_ShareVP,11,11,10,0
inter_D_E_accept,0,after:HRAgent.t_ParseVP,11,11,10,0
inter_D_E_accept,0,after:CompetencyNet.t_Agg_Ingest,11,11,10,0
inter_D_E_accept,0,after:HRAgent.t_SemanticMatch,11,11,10,0
inter_D_E_accept,0,after:HRAgent.t_GapAnalysis,11,11,10,0
inter_D_E_accept,0,after:HRAgent.t_GenerateResult,11,11,10,0
inter_D_E_accept,0,after:WalletNet.t_GenerateVP,11,11,10,0
inter_D_E_accept,0,after:WalletNet.t_ShareVP,11,11,10,0
inter_D_E_accept,0,terminal,11,11,10,0
inter_D_reject,0,creation,9,9,1,0
inter_D_reject,0,after:StudentAgent.t_SubmitEvidence,10,10,4,0
inter_D_reject,0,after:EvidenceNet.t_LMS_Submit,10,10,4,0
inter_D_reject,0,after:EvidenceNet.t_Review_Request,10,10,4,0
inter_D_reject,0,after:ProfessorAgent.t_StartReview,10,10,4,0
inter_D_reject,0,after:ProfessorAgent.t_AssessEvidence,10,10,4,0
inter_D_reject,0,after:ProfessorAgent.t_ApproveEvidence,10,10,5,0
inter_D_reject,0,after:UniversityAgent.t_VerifyEvidence,10,10,5,0
inter_D_reject,0,after:UniversityAgent.t_RequestCredential,11,11,7,0
inter_D_reject,0,after:CompetencyNet.t_Verification_Pass,11,11,7,0
inter_D_reject,0,after:UniversityAgent.t_IssueCredential,11,11,8,0
inter_D_reject,0,after:StudentAgent.t_WaitCredential,11,11,8,0
inter_D_reject,0,after:StudentAgent.t_ReceiveCredential,11,11,8,0
inter_D_reject,0,after:StudentAgent.t_RejectCredential,11,11,8,0
inter_D_reject,0,terminal,11,11,8,0
inter_G_student_denial,0,creation,9,9,1,0
inter_G_student_denial,0,after:StudentAgent.t_SubmitEvidence,10,10,4,0
inter_G_student_denial,0,after:EvidenceNet.t_LMS_Submit,10,10,4,0
inter_G_student_denial,0,after:EvidenceNet.t_Review_Request,10,10,4,0
inter_G_student_denial,0,after:ProfessorAgent.t_StartReview,10,10,4,0
inter_G_student_denial,0,after:ProfessorAgent.t_AssessEvidence,10,10,4,0
inter_G_student_denial,0,after:ProfessorAgent.t_ApproveEvidence,10,10,5,0
inter_G_student_denial,0,after:UniversityAgent.t_VerifyEvidence,10,10,5,0
inter_G_student_denial,0,after:UniversityAgent.t_RequestCredential,11,11,7,0
inter_G_student_denial,0,after:CompetencyNet.t_Verification_Pass,11,11,7,0
inter_G_student_denial,0,after:UniversityAgent.t_IssueCredential,11,11,8,0
inter_G_student_denial,0,after:StudentAgent.t_WaitCredential,11,11,8,0
inter_G_student_denial,0,after:StudentAgent.t_ReceiveCredential,11,11,8,0
inter_G_student_denial,0,after:StudentAgent.t_DenyInvalidSignature,11,11,8,0
inter_G_student_denial,0,terminal,11,11,8,0
inter_G_cancel_instead_of_student_denial,0,creation,9,9,1,0
inter_G_cancel_instead_of_student_denial,0,after:StudentAgent.t_SubmitEvidence,10,10,4,0
inter_G_cancel_instead_of_student_denial,0,after:EvidenceNet.t_LMS_Submit,10,10,4,0
inter_G_cancel_instead_of_student_denial,0,after:EvidenceNet.t_Review_Request,10,10,4,0
inter_G_cancel_instead_of_student_denial,0,after:ProfessorAgent.t_StartReview,10,10,4,0
inter_G_cancel_instead_of_student_denial,0,after:ProfessorAgent.t_AssessEvidence,10,10,4,0
inter_G_cancel_instead_of_student_denial,0,after:ProfessorAgent.t_ApproveEvidence,10,10,5,0
inter_G_cancel_instead_of_student_denial,0,after:UniversityAgent.t_VerifyEvidence,10,10,5,0
inter_G_cancel_instead_of_student_denial,0,after:UniversityAgent.t_RequestCredential,11,11,7,0
inter_G_cancel_instead_of_student_denial,0,after:CompetencyNet.t_Verification_Pass,11,11,7,0
inter_G_cancel_instead_of_student_denial,0,after:UniversityAgent.t_IssueCredential,11,11,8,0
inter_G_cancel_instead_of_student_denial,0,after:StudentAgent.t_WaitCredential,11,11,8,0
inter_G_cancel_instead_of_student_denial,0,after:StudentAgent.t_ReceiveCredential,11,11,8,0
inter_G_cancel_instead_of_student_denial,0,after:CompetencyNet.t_SBT_Cancel,11,11,8,0
inter_G_cancel_instead_of_student_denial,0,terminal,11,11,8,0
inter_F_expiry_excludes_accept,0,creation,9,9,1,0
inter_F_expiry_excludes_accept,0,after:StudentAgent.t_SubmitEvidence,10,10,4,0
inter_F_expiry_excludes_accept,0,after:EvidenceNet.t_LMS_Submit,10,10,4,0
inter_F_expiry_excludes_accept,0,after:EvidenceNet.t_Review_Request,10,10,4,0
inter_F_expiry_excludes_accept,0,after:ProfessorAgent.t_StartReview,10,10,4,0
inter_F_expiry_excludes_accept,0,after:ProfessorAgent.t_AssessEvidence,10,10,4,0
inter_F_expiry_excludes_accept,0,after:ProfessorAgent.t_ApproveEvidence,10,10,5,0
inter_F_expiry_excludes_accept,0,after:UniversityAgent.t_VerifyEvidence,10,10,5,0
inter_F_expiry_excludes_accept,0,after:UniversityAgent.t_RequestCredential,11,11,7,0
inter_F_expiry_excludes_accept,0,after:CompetencyNet.t_Verification_Pass,11,11,7,0
inter_F_expiry_excludes_accept,0,after:UniversityAgent.t_IssueCredential,11,11,8,0
inter_F_expiry_excludes_accept,0,after:StudentAgent.t_WaitCredential,11,11,8,0
inter_F_expiry_excludes_accept,0,after:StudentAgent.t_ReceiveCredential,11,11,8,0
inter_F_expiry_excludes_accept,0,after:CompetencyNet.t_SBT_Expire,11,11,8,0
inter_F_expiry_excludes_accept,0,terminal,11,11,8,0
inter_I_ledger_reject,0,creation,9,9,1,0
inter_I_ledger_reject,0,after:StudentAgent.t_SubmitEvidence,10,10,4,0
inter_I_ledger_reject,0,after:EvidenceNet.t_LMS_Submit,10,10,4,0
inter_I_ledger_reject,0,after:EvidenceNet.t_Review_Request,10,10,4,0
inter_I_ledger_reject,0,after:ProfessorAgent.t_StartReview,10,10,4,0
inter_I_ledger_reject,0,after:ProfessorAgent.t_AssessEvidence,10,10,4,0
inter_I_ledger_reject,0,after:ProfessorAgent.t_ApproveEvidence,10,10,5,0
inter_I_ledger_reject,0,after:UniversityAgent.t_VerifyEvidence,10,10,5,0
inter_I_ledger_reject,0,after:UniversityAgent.t_RequestCredential,11,11,7,0
inter_I_ledger_reject,0,after:CompetencyNet.t_Verification_Pass,11,11,7,0
inter_I_ledger_reject,0,after:UniversityAgent.t_IssueCredential,11,11,8,0
inter_I_ledger_reject,0,after:StudentAgent.t_WaitCredential,11,11,8,0
inter_I_ledger_reject,0,after:StudentAgent.t_ReceiveCredential,11,11,8,0
inter_I_ledger_reject,0,after:StudentAgent.t_AcceptCredential,11,11,9,0
inter_I_ledger_reject,0,after:HEDULedgerNet.t_Order,11,11,9,0
inter_I_ledger_reject,0,after:HEDULedgerNet.t_Reject,11,11,9,0
inter_I_ledger_reject,0,terminal,11,11,9,0
inter_VP_wallet_g0_s0,0,creation,9,9,1,0
inter_VP_wallet_g0_s0,0,after:StudentAgent.t_SubmitEvidence,10,10,4,0
inter_VP_wallet_g0_s0,0,after:EvidenceNet.t_LMS_Submit,10,10,4,0
inter_VP_wallet_g0_s0,0,after:EvidenceNet.t_Review_Request,10,10,4,0
inter_VP_wallet_g0_s0,0,after:ProfessorAgent.t_StartReview,10,10,4,0
inter_VP_wallet_g0_s0,0,after:ProfessorAgent.t_AssessEvidence,10,10,4,0
inter_VP_wallet_g0_s0,0,after:ProfessorAgent.t_ApproveEvidence,10,10,5,0
inter_VP_wallet_g0_s0,0,after:UniversityAgent.t_VerifyEvidence,10,10,5,0
inter_VP_wallet_g0_s0,0,after:UniversityAgent.t_RequestCredential,11,11,7,0
inter_VP_wallet_g0_s0,0,after:CompetencyNet.t_Verification_Pass,11,11,7,0
inter_VP_wallet_g0_s0,0,after:UniversityAgent.t_IssueCredential,11,11,8,0
inter_VP_wallet_g0_s0,0,after:StudentAgent.t_WaitCredential,11,11,8,0
inter_VP_wallet_g0_s0,0,after:StudentAgent.t_ReceiveCredential,11,11,8,0
inter_VP_wallet_g0_s0,0,after:StudentAgent.t_AcceptCredential,11,11,9,0
inter_VP_wallet_g0_s0,0,after:HEDULedgerNet.t_Order,11,11,9,0
inter_VP_wallet_g0_s0,0,after:HEDULedgerNet.t_Validate,11,11,9,0
inter_VP_wallet_g0_s0,0,after:HEDULedgerNet.t_Commit,11,11,9,0
inter_VP_wallet_g0_s0,0,after:HEDULedgerNet.t_Anchor,11,11,9,0
inter_VP_wallet_g0_s0,0,after:WalletNet.t_GenerateVP,11,11,9,0
inter_VP_wallet_g0_s0,0,after:WalletNet.t_ShareVP,11,11,9,0
inter_VP_wallet_g0_s0,0,after:StudentAgent.t_GenerateVP,11,11,9,0
inter_VP_wallet_g0_s0,0,after:StudentAgent.t_ShareVP,11,11,10,0
inter_VP_wallet_g0_s0,0,after:HRAgent.t_ParseVP,11,11,10,0
inter_VP_wallet_g0_s0,0,after:CompetencyNet.t_Agg_Ingest,11,11,10,0
inter_VP_wallet_g0_s0,0,after:HRAgent.t_SemanticMatch,11,11,10,0
inter_VP_wallet_g0_s0,0,after:HRAgent.t_GapAnalysis,11,11,10,0
inter_VP_wallet_g0_s0,0,after:HRAgent.t_GenerateResult,11,11,10,0
inter_VP_wallet_g0_s0,0,terminal,11,11,10,0
inter_VP_wallet_g0_s1,0,creation,9,9,1,0
inter_VP_wallet_g0_s1,0,after:StudentAgent.t_SubmitEvidence,10,10,4,0
inter_VP_wallet_g0_s1,0,after:EvidenceNet.t_LMS_Submit,10,10,4,0
inter_VP_wallet_g0_s1,0,after:EvidenceNet.t_Review_Request,10,10,4,0
inter_VP_wallet_g0_s1,0,after:ProfessorAgent.t_StartReview,10,10,4,0
inter_VP_wallet_g0_s1,0,after:ProfessorAgent.t_AssessEvidence,10,10,4,0
inter_VP_wallet_g0_s1,0,after:ProfessorAgent.t_ApproveEvidence,10,10,5,0
inter_VP_wallet_g0_s1,0,after:UniversityAgent.t_VerifyEvidence,10,10,5,0
inter_VP_wallet_g0_s1,0,after:UniversityAgent.t_RequestCredential,11,11,7,0
inter_VP_wallet_g0_s1,0,after:CompetencyNet.t_Verification_Pass,11,11,7,0
inter_VP_wallet_g0_s1,0,after:UniversityAgent.t_IssueCredential,11,11,8,0
inter_VP_wallet_g0_s1,0,after:StudentAgent.t_WaitCredential,11,11,8,0
inter_VP_wallet_g0_s1,0,after:StudentAgent.t_ReceiveCredential,11,11,8,0
inter_VP_wallet_g0_s1,0,after:StudentAgent.t_AcceptCredential,11,11,9,0
inter_VP_wallet_g0_s1,0,after:HEDULedgerNet.t_Order,11,11,9,0
inter_VP_wallet_g0_s1,0,after:HEDULedgerNet.t_Validate,11,11,9,0
inter_VP_wallet_g0_s1,0,after:HEDULedgerNet.t_Commit,11,11,9,0
inter_VP_wallet_g0_s1,0,after:HEDULedgerNet.t_Anchor,11,11,9,0
inter_VP_wallet_g0_s1,0,after:WalletNet.t_GenerateVP,11,11,9,0
inter_VP_wallet_g0_s1,0,after:StudentAgent.t_GenerateVP,11,11,9,0
inter_VP_wallet_g0_s1,0,after:WalletNet.t_ShareVP,11,11,9,0
inter_VP_wallet_g0_s1,0,after:StudentAgent.t_ShareVP,11,11,10,0
inter_VP_wallet_g0_s1,0,after:HRAgent.t_ParseVP,11,11,10,0
inter_VP_wallet_g0_s1,0,after:CompetencyNet.t_Agg_Ingest,11,11,10,0
inter_VP_wallet_g0_s1,0,after:HRAgent.t_SemanticMatch,11,11,10,0
inter_VP_wallet_g0_s1,0,after:HRAgent.t_GapAnalysis,11,11,10,0
inter_VP_wallet_g0_s1,0,after:HRAgent.t_GenerateResult,11,11,10,0
inter_VP_wallet_g0_s1,0,terminal,11,11,10,0
inter_VP_wallet_g0_s2,0,creation,9,9,1,0
inter_VP_wallet_g0_s2,0,after:StudentAgent.t_SubmitEvidence,10,10,4,0
inter_VP_wallet_g0_s2,0,after:EvidenceNet.t_LMS_Submit,10,10,4,0
inter_VP_wallet_g0_s2,0,after:EvidenceNet.t_Review_Request,10,10,4,0
inter_VP_wallet_g0_s2,0,after:ProfessorAgent.t_StartReview,10,10,4,0
inter_VP_wallet_g0_s2,0,after:ProfessorAgent.t_AssessEvidence,10,10,4,0
inter_VP_wallet_g0_s2,0,after:ProfessorAgent.t_ApproveEvidence,10,10,5,0
inter_VP_wallet_g0_s2,0,after:UniversityAgent.t_VerifyEvidence,10,10,5,0
inter_VP_wallet_g0_s2,0,after:UniversityAgent.t_RequestCredential,11,11,7,0
inter_VP_wallet_g0_s2,0,after:CompetencyNet.t_Verification_Pass,11,11,7,0
inter_VP_wallet_g0_s2,0,after:UniversityAgent.t_IssueCredential,11,11,8,0
inter_VP_wallet_g0_s2,0,after:StudentAgent.t_WaitCredential,11,11,8,0
inter_VP_wallet_g0_s2,0,after:StudentAgent.t_ReceiveCredential,11,11,8,0
inter_VP_wallet_g0_s2,0,after:StudentAgent.t_AcceptCredential,11,11,9,0
inter_VP_wallet_g0_s2,0,after:HEDULedgerNet.t_Order,11,11,9,0
inter_VP_wallet_g0_s2,0,after:HEDULedgerNet.t_Validate,11,11,9,0
inter_VP_wallet_g0_s2,0,after:HEDULedgerNet.t_Commit,11,11,9,0
inter_VP_wallet_g0_s2,0,after:HEDULedgerNet.t_Anchor,11,11,9,0
inter_VP_wallet_g0_s2,0,after:WalletNet.t_GenerateVP,11,11,9,0
inter_VP_wallet_g0_s2,0,after:StudentAgent.t_GenerateVP,11,11,9,0
inter_VP_wallet_g0_s2,0,after:StudentAgent.t_ShareVP,11,11,10,0
inter_VP_wallet_g0_s2,0,after:WalletNet.t_ShareVP,11,11,10,0
inter_VP_wallet_g0_s2,0,after:HRAgent.t_ParseVP,11,11,10,0
inter_VP_wallet_g0_s2,0,after:CompetencyNet.t_Agg_Ingest,11,11,10,0
inter_VP_wallet_g0_s2,0,after:HRAgent.t_SemanticMatch,11,11,10,0
inter_VP_wallet_g0_s2,0,after:HRAgent.t_GapAnalysis,11,11,10,0
inter_VP_wallet_g0_s2,0,after:HRAgent.t_GenerateResult,11,11,10,0
inter_VP_wallet_g0_s2,0,terminal,11,11,10,0
inter_VP_wallet_g0_s3,0,creation,9,9,1,0
inter_VP_wallet_g0_s3,0,after:StudentAgent.t_SubmitEvidence,10,10,4,0
inter_VP_wallet_g0_s3,0,after:EvidenceNet.t_LMS_Submit,10,10,4,0
inter_VP_wallet_g0_s3,0,after:EvidenceNet.t_Review_Request,10,10,4,0
inter_VP_wallet_g0_s3,0,after:ProfessorAgent.t_StartReview,10,10,4,0
inter_VP_wallet_g0_s3,0,after:ProfessorAgent.t_AssessEvidence,10,10,4,0
inter_VP_wallet_g0_s3,0,after:ProfessorAgent.t_ApproveEvidence,10,10,5,0
inter_VP_wallet_g0_s3,0,after:UniversityAgent.t_VerifyEvidence,10,10,5,0
inter_VP_wallet_g0_s3,0,after:UniversityAgent.t_RequestCredential,11,11,7,0
inter_VP_wallet_g0_s3,0,after:CompetencyNet.t_Verification_Pass,11,11,7,0
inter_VP_wallet_g0_s3,0,after:UniversityAgent.t_IssueCredential,11,11,8,0
inter_VP_wallet_g0_s3,0,after:StudentAgent.t_WaitCredential,11,11,8,0
inter_VP_wallet_g0_s3,0,after:StudentAgent.t_ReceiveCredential,11,11,8,0
inter_VP_wallet_g0_s3,0,after:StudentAgent.t_AcceptCredential,11,11,9,0
inter_VP_wallet_g0_s3,0,after:HEDULedgerNet.t_Order,11,11,9,0
inter_VP_wallet_g0_s3,0,after:HEDULedgerNet.t_Validate,11,11,9,0
inter_VP_wallet_g0_s3,0,after:HEDULedgerNet.t_Commit,11,11,9,0
inter_VP_wallet_g0_s3,0,after:HEDULedgerNet.t_Anchor,11,11,9,0
inter_VP_wallet_g0_s3,0,after:WalletNet.t_GenerateVP,11,11,9,0
inter_VP_wallet_g0_s3,0,after:StudentAgent.t_GenerateVP,11,11,9,0
inter_VP_wallet_g0_s3,0,after:StudentAgent.t_ShareVP,11,11,10,0
inter_VP_wallet_g0_s3,0,after:HRAgent.t_ParseVP,11,11,10,0
inter_VP_wallet_g0_s3,0,after:WalletNet.t_ShareVP,11,11,10,0
inter_VP_wallet_g0_s3,0,after:CompetencyNet.t_Agg_Ingest,11,11,10,0
inter_VP_wallet_g0_s3,0,after:HRAgent.t_SemanticMatch,11,11,10,0
inter_VP_wallet_g0_s3,0,after:HRAgent.t_GapAnalysis,11,11,10,0
inter_VP_wallet_g0_s3,0,after:HRAgent.t_GenerateResult,11,11,10,0
inter_VP_wallet_g0_s3,0,terminal,11,11,10,0
inter_VP_wallet_g0_s4,0,creation,9,9,1,0
inter_VP_wallet_g0_s4,0,after:StudentAgent.t_SubmitEvidence,10,10,4,0
inter_VP_wallet_g0_s4,0,after:EvidenceNet.t_LMS_Submit,10,10,4,0
inter_VP_wallet_g0_s4,0,after:EvidenceNet.t_Review_Request,10,10,4,0
inter_VP_wallet_g0_s4,0,after:ProfessorAgent.t_StartReview,10,10,4,0
inter_VP_wallet_g0_s4,0,after:ProfessorAgent.t_AssessEvidence,10,10,4,0
inter_VP_wallet_g0_s4,0,after:ProfessorAgent.t_ApproveEvidence,10,10,5,0
inter_VP_wallet_g0_s4,0,after:UniversityAgent.t_VerifyEvidence,10,10,5,0
inter_VP_wallet_g0_s4,0,after:UniversityAgent.t_RequestCredential,11,11,7,0
inter_VP_wallet_g0_s4,0,after:CompetencyNet.t_Verification_Pass,11,11,7,0
inter_VP_wallet_g0_s4,0,after:UniversityAgent.t_IssueCredential,11,11,8,0
inter_VP_wallet_g0_s4,0,after:StudentAgent.t_WaitCredential,11,11,8,0
inter_VP_wallet_g0_s4,0,after:StudentAgent.t_ReceiveCredential,11,11,8,0
inter_VP_wallet_g0_s4,0,after:StudentAgent.t_AcceptCredential,11,11,9,0
inter_VP_wallet_g0_s4,0,after:HEDULedgerNet.t_Order,11,11,9,0
inter_VP_wallet_g0_s4,0,after:HEDULedgerNet.t_Validate,11,11,9,0
inter_VP_wallet_g0_s4,0,after:HEDULedgerNet.t_Commit,11,11,9,0
inter_VP_wallet_g0_s4,0,after:HEDULedgerNet.t_Anchor,11,11,9,0
inter_VP_wallet_g0_s4,0,after:WalletNet.t_GenerateVP,11,11,9,0
inter_VP_wallet_g0_s4,0,after:StudentAgent.t_GenerateVP,11,11,9,0
inter_VP_wallet_g0_s4,0,after:StudentAgent.t_ShareVP,11,11,10,0
inter_VP_wallet_g0_s4,0,after:HRAgent.t_ParseVP,11,11,10,0
inter_VP_wallet_g0_s4,0,after:CompetencyNet.t_Agg_Ingest,11,11,10,0
inter_VP_wallet_g0_s4,0,after:WalletNet.t_ShareVP,11,11,10,0
inter_VP_wallet_g0_s4,0,after:HRAgent.t_SemanticMatch,11,11,10,0
inter_VP_wallet_g0_s4,0,after:HRAgent.t_GapAnalysis,11,11,10,0
inter_VP_wallet_g0_s4,0,after:HRAgent.t_GenerateResult,11,11,10,0
inter_VP_wallet_g0_s4,0,terminal,11,11,10,0
inter_VP_wallet_g0_s5,0,creation,9,9,1,0
inter_VP_wallet_g0_s5,0,after:StudentAgent.t_SubmitEvidence,10,10,4,0
inter_VP_wallet_g0_s5,0,after:EvidenceNet.t_LMS_Submit,10,10,4,0
inter_VP_wallet_g0_s5,0,after:EvidenceNet.t_Review_Request,10,10,4,0
inter_VP_wallet_g0_s5,0,after:ProfessorAgent.t_StartReview,10,10,4,0
inter_VP_wallet_g0_s5,0,after:ProfessorAgent.t_AssessEvidence,10,10,4,0
inter_VP_wallet_g0_s5,0,after:ProfessorAgent.t_ApproveEvidence,10,10,5,0
inter_VP_wallet_g0_s5,0,after:UniversityAgent.t_VerifyEvidence,10,10,5,0
inter_VP_wallet_g0_s5,0,after:UniversityAgent.t_RequestCredential,11,11,7,0
inter_VP_wallet_g0_s5,0,after:CompetencyNet.t_Verification_Pass,11,11,7,0
inter_VP_wallet_g0_s5,0,after:UniversityAgent.t_IssueCredential,11,11,8,0
inter_VP_wallet_g0_s5,0,after:StudentAgent.t_WaitCredential,11,11,8,0
inter_VP_wallet_g0_s5,0,after:StudentAgent.t_ReceiveCredential,11,11,8,0
inter_VP_wallet_g0_s5,0,after:StudentAgent.t_AcceptCredential,11,11,9,0
inter_VP_wallet_g0_s5,0,after:HEDULedgerNet.t_Order,11,11,9,0
inter_VP_wallet_g0_s5,0,after:HEDULedgerNet.t_Validate,11,11,9,0
inter_VP_wallet_g0_s5,0,after:HEDULedgerNet.t_Commit,11,11,9,0
inter_VP_wallet_g0_s5,0,after:HEDULedgerNet.t_Anchor,11,11,9,0
inter_VP_wallet_g0_s5,0,after:WalletNet.t_GenerateVP,11,11,9,0
inter_VP_wallet_g0_s5,0,after:StudentAgent.t_GenerateVP,11,11,9,0
inter_VP_wallet_g0_s5,0,after:StudentAgent.t_ShareVP,11,11,10,0
inter_VP_wallet_g0_s5,0,after:HRAgent.t_ParseVP,11,11,10,0
inter_VP_wallet_g0_s5,0,after:CompetencyNet.t_Agg_Ingest,11,11,10,0
inter_VP_wallet_g0_s5,0,after:HRAgent.t_SemanticMatch,11,11,10,0
inter_VP_wallet_g0_s5,0,after:WalletNet.t_ShareVP,11,11,10,0
inter_VP_wallet_g0_s5,0,after:HRAgent.t_GapAnalysis,11,11,10,0
inter_VP_wallet_g0_s5,0,after:HRAgent.t_GenerateResult,11,11,10,0
inter_VP_wallet_g0_s5,0,terminal,11,11,10,0
inter_VP_wallet_g0_s6,0,creation,9,9,1,0
inter_VP_wallet_g0_s6,0,after:StudentAgent.t_SubmitEvidence,10,10,4,0
inter_VP_wallet_g0_s6,0,after:EvidenceNet.t_LMS_Submit,10,10,4,0
inter_VP_wallet_g0_s6,0,after:EvidenceNet.t_Review_Request,10,10,4,0
inter_VP_wallet_g0_s6,0,after:ProfessorAgent.t_StartReview,10,10,4,0
inter_VP_wallet_g0_s6,0,after:ProfessorAgent.t_AssessEvidence,10,10,4,0
inter_VP_wallet_g0_s6,0,after:ProfessorAgent.t_ApproveEvidence,10,10,5,0
inter_VP_wallet_g0_s6,0,after:UniversityAgent.t_VerifyEvidence,10,10,5,0
inter_VP_wallet_g0_s6,0,after:UniversityAgent.t_RequestCredential,11,11,7,0
inter_VP_wallet_g0_s6,0,after:CompetencyNet.t_Verification_Pass,11,11,7,0
inter_VP_wallet_g0_s6,0,after:UniversityAgent.t_IssueCredential,11,11,8,0
inter_VP_wallet_g0_s6,0,after:StudentAgent.t_WaitCredential,11,11,8,0
inter_VP_wallet_g0_s6,0,after:StudentAgent.t_ReceiveCredential,11,11,8,0
inter_VP_wallet_g0_s6,0,after:StudentAgent.t_AcceptCredential,11,11,9,0
inter_VP_wallet_g0_s6,0,after:HEDULedgerNet.t_Order,11,11,9,0
inter_VP_wallet_g0_s6,0,after:HEDULedgerNet.t_Validate,11,11,9,0
inter_VP_wallet_g0_s6,0,after:HEDULedgerNet.t_Commit,11,11,9,0
inter_VP_wallet_g0_s6,0,after:HEDULedgerNet.t_Anchor,11,11,9,0
inter_VP_wallet_g0_s6,0,after:WalletNet.t_GenerateVP,11,11,9,0
inter_VP_wallet_g0_s6,0,after:StudentAgent.t_GenerateVP,11,11,9,0
inter_VP_wallet_g0_s6,0,after:StudentAgent.t_ShareVP,11,11,10,0
inter_VP_wallet_g0_s6,0,after:HRAgent.t_ParseVP,11,11,10,0
inter_VP_wallet_g0_s6,0,after:CompetencyNet.t_Agg_Ingest,11,11,10,0
inter_VP_wallet_g0_s6,0,after:HRAgent.t_SemanticMatch,11,11,10,0
inter_VP_wallet_g0_s6,0,after:HRAgent.t_GapAnalysis,11,11,10,0
inter_VP_wallet_g0_s6,0,after:WalletNet.t_ShareVP,11,11,10,0
inter_VP_wallet_g0_s6,0,after:HRAgent.t_GenerateResult,11,11,10,0
inter_VP_wallet_g0_s6,0,terminal,11,11,10,0
inter_VP_wallet_g0_s7,0,creation,9,9,1,0
inter_VP_wallet_g0_s7,0,after:StudentAgent.t_SubmitEvidence,10,10,4,0
inter_VP_wallet_g0_s7,0,after:EvidenceNet.t_LMS_Submit,10,10,4,0
inter_VP_wallet_g0_s7,0,after:EvidenceNet.t_Review_Request,10,10,4,0
inter_VP_wallet_g0_s7,0,after:ProfessorAgent.t_StartReview,10,10,4,0
inter_VP_wallet_g0_s7,0,after:ProfessorAgent.t_AssessEvidence,10,10,4,0
inter_VP_wallet_g0_s7,0,after:ProfessorAgent.t_ApproveEvidence,10,10,5,0
inter_VP_wallet_g0_s7,0,after:UniversityAgent.t_VerifyEvidence,10,10,5,0
inter_VP_wallet_g0_s7,0,after:UniversityAgent.t_RequestCredential,11,11,7,0
inter_VP_wallet_g0_s7,0,after:CompetencyNet.t_Verification_Pass,11,11,7,0
inter_VP_wallet_g0_s7,0,after:UniversityAgent.t_IssueCredential,11,11,8,0
inter_VP_wallet_g0_s7,0,after:StudentAgent.t_WaitCredential,11,11,8,0
inter_VP_wallet_g0_s7,0,after:StudentAgent.t_ReceiveCredential,11,11,8,0
inter_VP_wallet_g0_s7,0,after:StudentAgent.t_AcceptCredential,11,11,9,0
inter_VP_wallet_g0_s7,0,after:HEDULedgerNet.t_Order,11,11,9,0
inter_VP_wallet_g0_s7,0,after:HEDULedgerNet.t_Validate,11,11,9,0
inter_VP_wallet_g0_s7,0,after:HEDULedgerNet.t_Commit,11,11,9,0
inter_VP_wallet_g0_s7,0,after:HEDULedgerNet.t_Anchor,11,11,9,0
inter_VP_wallet_g0_s7,0,after:WalletNet.t_GenerateVP,11,11,9,0
inter_VP_wallet_g0_s7,0,after:StudentAgent.t_GenerateVP,11,11,9,0
inter_VP_wallet_g0_s7,0,after:StudentAgent.t_ShareVP,11,11,10,0
inter_VP_wallet_g0_s7,0,after:HRAgent.t_ParseVP,11,11,10,0
inter_VP_wallet_g0_s7,0,after:CompetencyNet.t_Agg_Ingest,11,11,10,0
inter_VP_wallet_g0_s7,0,after:HRAgent.t_SemanticMatch,11,11,10,0
inter_VP_wallet_g0_s7,0,after:HRAgent.t_GapAnalysis,11,11,10,0
inter_VP_wallet_g0_s7,0,after:HRAgent.t_GenerateResult,11,11,10,0
inter_VP_wallet_g0_s7,0,after:WalletNet.t_ShareVP,11,11,10,0
inter_VP_wallet_g0_s7,0,terminal,11,11,10,0
inter_VP_wallet_g1_s1,0,creation,9,9,1,0
inter_VP_wallet_g1_s1,0,after:StudentAgent.t_SubmitEvidence,10,10,4,0
inter_VP_wallet_g1_s1,0,after:EvidenceNet.t_LMS_Submit,10,10,4,0
inter_VP_wallet_g1_s1,0,after:EvidenceNet.t_Review_Request,10,10,4,0
inter_VP_wallet_g1_s1,0,after:ProfessorAgent.t_StartReview,10,10,4,0
inter_VP_wallet_g1_s1,0,after:ProfessorAgent.t_AssessEvidence,10,10,4,0
inter_VP_wallet_g1_s1,0,after:ProfessorAgent.t_ApproveEvidence,10,10,5,0
inter_VP_wallet_g1_s1,0,after:UniversityAgent.t_VerifyEvidence,10,10,5,0
inter_VP_wallet_g1_s1,0,after:UniversityAgent.t_RequestCredential,11,11,7,0
inter_VP_wallet_g1_s1,0,after:CompetencyNet.t_Verification_Pass,11,11,7,0
inter_VP_wallet_g1_s1,0,after:UniversityAgent.t_IssueCredential,11,11,8,0
inter_VP_wallet_g1_s1,0,after:StudentAgent.t_WaitCredential,11,11,8,0
inter_VP_wallet_g1_s1,0,after:StudentAgent.t_ReceiveCredential,11,11,8,0
inter_VP_wallet_g1_s1,0,after:StudentAgent.t_AcceptCredential,11,11,9,0
inter_VP_wallet_g1_s1,0,after:HEDULedgerNet.t_Order,11,11,9,0
inter_VP_wallet_g1_s1,0,after:HEDULedgerNet.t_Validate,11,11,9,0
inter_VP_wallet_g1_s1,0,after:HEDULedgerNet.t_Commit,11,11,9,0
inter_VP_wallet_g1_s1,0,after:HEDULedgerNet.t_Anchor,11,11,9,0
inter_VP_wallet_g1_s1,0,after:StudentAgent.t_GenerateVP,11,11,9,0
inter_VP_wallet_g1_s1,0,after:WalletNet.t_GenerateVP,11,11,9,0
inter_VP_wallet_g1_s1,0,after:WalletNet.t_ShareVP,11,11,9,0
inter_VP_wallet_g1_s1,0,after:StudentAgent.t_ShareVP,11,11,10,0
inter_VP_wallet_g1_s1,0,after:HRAgent.t_ParseVP,11,11,10,0
inter_VP_wallet_g1_s1,0,after:CompetencyNet.t_Agg_Ingest,11,11,10,0
inter_VP_wallet_g1_s1,0,after:HRAgent.t_SemanticMatch,11,11,10,0
inter_VP_wallet_g1_s1,0,after:HRAgent.t_GapAnalysis,11,11,10,0
inter_VP_wallet_g1_s1,0,after:HRAgent.t_GenerateResult,11,11,10,0
inter_VP_wallet_g1_s1,0,terminal,11,11,10,0
inter_VP_wallet_g1_s2,0,creation,9,9,1,0
inter_VP_wallet_g1_s2,0,after:StudentAgent.t_SubmitEvidence,10,10,4,0
inter_VP_wallet_g1_s2,0,after:EvidenceNet.t_LMS_Submit,10,10,4,0
inter_VP_wallet_g1_s2,0,after:EvidenceNet.t_Review_Request,10,10,4,0
inter_VP_wallet_g1_s2,0,after:ProfessorAgent.t_StartReview,10,10,4,0
inter_VP_wallet_g1_s2,0,after:ProfessorAgent.t_AssessEvidence,10,10,4,0
inter_VP_wallet_g1_s2,0,after:ProfessorAgent.t_ApproveEvidence,10,10,5,0
inter_VP_wallet_g1_s2,0,after:UniversityAgent.t_VerifyEvidence,10,10,5,0
inter_VP_wallet_g1_s2,0,after:UniversityAgent.t_RequestCredential,11,11,7,0
inter_VP_wallet_g1_s2,0,after:CompetencyNet.t_Verification_Pass,11,11,7,0
inter_VP_wallet_g1_s2,0,after:UniversityAgent.t_IssueCredential,11,11,8,0
inter_VP_wallet_g1_s2,0,after:StudentAgent.t_WaitCredential,11,11,8,0
inter_VP_wallet_g1_s2,0,after:StudentAgent.t_ReceiveCredential,11,11,8,0
inter_VP_wallet_g1_s2,0,after:StudentAgent.t_AcceptCredential,11,11,9,0
inter_VP_wallet_g1_s2,0,after:HEDULedgerNet.t_Order,11,11,9,0
inter_VP_wallet_g1_s2,0,after:HEDULedgerNet.t_Validate,11,11,9,0
inter_VP_wallet_g1_s2,0,after:HEDULedgerNet.t_Commit,11,11,9,0
inter_VP_wallet_g1_s2,0,after:HEDULedgerNet.t_Anchor,11,11,9,0
inter_VP_wallet_g1_s2,0,after:StudentAgent.t_GenerateVP,11,11,9,0
inter_VP_wallet_g1_s2,0,after:WalletNet.t_GenerateVP,11,11,9,0
inter_VP_wallet_g1_s2,0,after:StudentAgent.t_ShareVP,11,11,10,0
inter_VP_wallet_g1_s2,0,after:WalletNet.t_ShareVP,11,11,10,0
inter_VP_wallet_g1_s2,0,after:HRAgent.t_ParseVP,11,11,10,0
inter_VP_wallet_g1_s2,0,after:CompetencyNet.t_Agg_Ingest,11,11,10,0
inter_VP_wallet_g1_s2,0,after:HRAgent.t_SemanticMatch,11,11,10,0
inter_VP_wallet_g1_s2,0,after:HRAgent.t_GapAnalysis,11,11,10,0
inter_VP_wallet_g1_s2,0,after:HRAgent.t_GenerateResult,11,11,10,0
inter_VP_wallet_g1_s2,0,terminal,11,11,10,0
inter_VP_wallet_g1_s3,0,creation,9,9,1,0
inter_VP_wallet_g1_s3,0,after:StudentAgent.t_SubmitEvidence,10,10,4,0
inter_VP_wallet_g1_s3,0,after:EvidenceNet.t_LMS_Submit,10,10,4,0
inter_VP_wallet_g1_s3,0,after:EvidenceNet.t_Review_Request,10,10,4,0
inter_VP_wallet_g1_s3,0,after:ProfessorAgent.t_StartReview,10,10,4,0
inter_VP_wallet_g1_s3,0,after:ProfessorAgent.t_AssessEvidence,10,10,4,0
inter_VP_wallet_g1_s3,0,after:ProfessorAgent.t_ApproveEvidence,10,10,5,0
inter_VP_wallet_g1_s3,0,after:UniversityAgent.t_VerifyEvidence,10,10,5,0
inter_VP_wallet_g1_s3,0,after:UniversityAgent.t_RequestCredential,11,11,7,0
inter_VP_wallet_g1_s3,0,after:CompetencyNet.t_Verification_Pass,11,11,7,0
inter_VP_wallet_g1_s3,0,after:UniversityAgent.t_IssueCredential,11,11,8,0
inter_VP_wallet_g1_s3,0,after:StudentAgent.t_WaitCredential,11,11,8,0
inter_VP_wallet_g1_s3,0,after:StudentAgent.t_ReceiveCredential,11,11,8,0
inter_VP_wallet_g1_s3,0,after:StudentAgent.t_AcceptCredential,11,11,9,0
inter_VP_wallet_g1_s3,0,after:HEDULedgerNet.t_Order,11,11,9,0
inter_VP_wallet_g1_s3,0,after:HEDULedgerNet.t_Validate,11,11,9,0
inter_VP_wallet_g1_s3,0,after:HEDULedgerNet.t_Commit,11,11,9,0
inter_VP_wallet_g1_s3,0,after:HEDULedgerNet.t_Anchor,11,11,9,0
inter_VP_wallet_g1_s3,0,after:StudentAgent.t_GenerateVP,11,11,9,0
inter_VP_wallet_g1_s3,0,after:WalletNet.t_GenerateVP,11,11,9,0
inter_VP_wallet_g1_s3,0,after:StudentAgent.t_ShareVP,11,11,10,0
inter_VP_wallet_g1_s3,0,after:HRAgent.t_ParseVP,11,11,10,0
inter_VP_wallet_g1_s3,0,after:WalletNet.t_ShareVP,11,11,10,0
inter_VP_wallet_g1_s3,0,after:CompetencyNet.t_Agg_Ingest,11,11,10,0
inter_VP_wallet_g1_s3,0,after:HRAgent.t_SemanticMatch,11,11,10,0
inter_VP_wallet_g1_s3,0,after:HRAgent.t_GapAnalysis,11,11,10,0
inter_VP_wallet_g1_s3,0,after:HRAgent.t_GenerateResult,11,11,10,0
inter_VP_wallet_g1_s3,0,terminal,11,11,10,0
inter_VP_wallet_g1_s4,0,creation,9,9,1,0
inter_VP_wallet_g1_s4,0,after:StudentAgent.t_SubmitEvidence,10,10,4,0
inter_VP_wallet_g1_s4,0,after:EvidenceNet.t_LMS_Submit,10,10,4,0
inter_VP_wallet_g1_s4,0,after:EvidenceNet.t_Review_Request,10,10,4,0
inter_VP_wallet_g1_s4,0,after:ProfessorAgent.t_StartReview,10,10,4,0
inter_VP_wallet_g1_s4,0,after:ProfessorAgent.t_AssessEvidence,10,10,4,0
inter_VP_wallet_g1_s4,0,after:ProfessorAgent.t_ApproveEvidence,10,10,5,0
inter_VP_wallet_g1_s4,0,after:UniversityAgent.t_VerifyEvidence,10,10,5,0
inter_VP_wallet_g1_s4,0,after:UniversityAgent.t_RequestCredential,11,11,7,0
inter_VP_wallet_g1_s4,0,after:CompetencyNet.t_Verification_Pass,11,11,7,0
inter_VP_wallet_g1_s4,0,after:UniversityAgent.t_IssueCredential,11,11,8,0
inter_VP_wallet_g1_s4,0,after:StudentAgent.t_WaitCredential,11,11,8,0
inter_VP_wallet_g1_s4,0,after:StudentAgent.t_ReceiveCredential,11,11,8,0
inter_VP_wallet_g1_s4,0,after:StudentAgent.t_AcceptCredential,11,11,9,0
inter_VP_wallet_g1_s4,0,after:HEDULedgerNet.t_Order,11,11,9,0
inter_VP_wallet_g1_s4,0,after:HEDULedgerNet.t_Validate,11,11,9,0
inter_VP_wallet_g1_s4,0,after:HEDULedgerNet.t_Commit,11,11,9,0
inter_VP_wallet_g1_s4,0,after:HEDULedgerNet.t_Anchor,11,11,9,0
inter_VP_wallet_g1_s4,0,after:StudentAgent.t_GenerateVP,11,11,9,0
inter_VP_wallet_g1_s4,0,after:WalletNet.t_GenerateVP,11,11,9,0
inter_VP_wallet_g1_s4,0,after:StudentAgent.t_ShareVP,11,11,10,0
inter_VP_wallet_g1_s4,0,after:HRAgent.t_ParseVP,11,11,10,0
inter_VP_wallet_g1_s4,0,after:CompetencyNet.t_Agg_Ingest,11,11,10,0
inter_VP_wallet_g1_s4,0,after:WalletNet.t_ShareVP,11,11,10,0
inter_VP_wallet_g1_s4,0,after:HRAgent.t_SemanticMatch,11,11,10,0
inter_VP_wallet_g1_s4,0,after:HRAgent.t_GapAnalysis,11,11,10,0
inter_VP_wallet_g1_s4,0,after:HRAgent.t_GenerateResult,11,11,10,0
inter_VP_wallet_g1_s4,0,terminal,11,11,10,0
inter_VP_wallet_g1_s5,0,creation,9,9,1,0
inter_VP_wallet_g1_s5,0,after:StudentAgent.t_SubmitEvidence,10,10,4,0
inter_VP_wallet_g1_s5,0,after:EvidenceNet.t_LMS_Submit,10,10,4,0
inter_VP_wallet_g1_s5,0,after:EvidenceNet.t_Review_Request,10,10,4,0
inter_VP_wallet_g1_s5,0,after:ProfessorAgent.t_StartReview,10,10,4,0
inter_VP_wallet_g1_s5,0,after:ProfessorAgent.t_AssessEvidence,10,10,4,0
inter_VP_wallet_g1_s5,0,after:ProfessorAgent.t_ApproveEvidence,10,10,5,0
inter_VP_wallet_g1_s5,0,after:UniversityAgent.t_VerifyEvidence,10,10,5,0
inter_VP_wallet_g1_s5,0,after:UniversityAgent.t_RequestCredential,11,11,7,0
inter_VP_wallet_g1_s5,0,after:CompetencyNet.t_Verification_Pass,11,11,7,0
inter_VP_wallet_g1_s5,0,after:UniversityAgent.t_IssueCredential,11,11,8,0
inter_VP_wallet_g1_s5,0,after:StudentAgent.t_WaitCredential,11,11,8,0
inter_VP_wallet_g1_s5,0,after:StudentAgent.t_ReceiveCredential,11,11,8,0
inter_VP_wallet_g1_s5,0,after:StudentAgent.t_AcceptCredential,11,11,9,0
inter_VP_wallet_g1_s5,0,after:HEDULedgerNet.t_Order,11,11,9,0
inter_VP_wallet_g1_s5,0,after:HEDULedgerNet.t_Validate,11,11,9,0
inter_VP_wallet_g1_s5,0,after:HEDULedgerNet.t_Commit,11,11,9,0
inter_VP_wallet_g1_s5,0,after:HEDULedgerNet.t_Anchor,11,11,9,0
inter_VP_wallet_g1_s5,0,after:StudentAgent.t_GenerateVP,11,11,9,0
inter_VP_wallet_g1_s5,0,after:WalletNet.t_GenerateVP,11,11,9,0
inter_VP_wallet_g1_s5,0,after:StudentAgent.t_ShareVP,11,11,10,0
inter_VP_wallet_g1_s5,0,after:HRAgent.t_ParseVP,11,11,10,0
inter_VP_wallet_g1_s5,0,after:CompetencyNet.t_Agg_Ingest,11,11,10,0
inter_VP_wallet_g1_s5,0,after:HRAgent.t_SemanticMatch,11,11,10,0
inter_VP_wallet_g1_s5,0,after:WalletNet.t_ShareVP,11,11,10,0
inter_VP_wallet_g1_s5,0,after:HRAgent.t_GapAnalysis,11,11,10,0
inter_VP_wallet_g1_s5,0,after:HRAgent.t_GenerateResult,11,11,10,0
inter_VP_wallet_g1_s5,0,terminal,11,11,10,0
inter_VP_wallet_g1_s6,0,creation,9,9,1,0
inter_VP_wallet_g1_s6,0,after:StudentAgent.t_SubmitEvidence,10,10,4,0
inter_VP_wallet_g1_s6,0,after:EvidenceNet.t_LMS_Submit,10,10,4,0
inter_VP_wallet_g1_s6,0,after:EvidenceNet.t_Review_Request,10,10,4,0
inter_VP_wallet_g1_s6,0,after:ProfessorAgent.t_StartReview,10,10,4,0
inter_VP_wallet_g1_s6,0,after:ProfessorAgent.t_AssessEvidence,10,10,4,0
inter_VP_wallet_g1_s6,0,after:ProfessorAgent.t_ApproveEvidence,10,10,5,0
inter_VP_wallet_g1_s6,0,after:UniversityAgent.t_VerifyEvidence,10,10,5,0
inter_VP_wallet_g1_s6,0,after:UniversityAgent.t_RequestCredential,11,11,7,0
inter_VP_wallet_g1_s6,0,after:CompetencyNet.t_Verification_Pass,11,11,7,0
inter_VP_wallet_g1_s6,0,after:UniversityAgent.t_IssueCredential,11,11,8,0
inter_VP_wallet_g1_s6,0,after:StudentAgent.t_WaitCredential,11,11,8,0
inter_VP_wallet_g1_s6,0,after:StudentAgent.t_ReceiveCredential,11,11,8,0
inter_VP_wallet_g1_s6,0,after:StudentAgent.t_AcceptCredential,11,11,9,0
inter_VP_wallet_g1_s6,0,after:HEDULedgerNet.t_Order,11,11,9,0
inter_VP_wallet_g1_s6,0,after:HEDULedgerNet.t_Validate,11,11,9,0
inter_VP_wallet_g1_s6,0,after:HEDULedgerNet.t_Commit,11,11,9,0
inter_VP_wallet_g1_s6,0,after:HEDULedgerNet.t_Anchor,11,11,9,0
inter_VP_wallet_g1_s6,0,after:StudentAgent.t_GenerateVP,11,11,9,0
inter_VP_wallet_g1_s6,0,after:WalletNet.t_GenerateVP,11,11,9,0
inter_VP_wallet_g1_s6,0,after:StudentAgent.t_ShareVP,11,11,10,0
inter_VP_wallet_g1_s6,0,after:HRAgent.t_ParseVP,11,11,10,0
inter_VP_wallet_g1_s6,0,after:CompetencyNet.t_Agg_Ingest,11,11,10,0
inter_VP_wallet_g1_s6,0,after:HRAgent.t_SemanticMatch,11,11,10,0
inter_VP_wallet_g1_s6,0,after:HRAgent.t_GapAnalysis,11,11,10,0
inter_VP_wallet_g1_s6,0,after:WalletNet.t_ShareVP,11,11,10,0
inter_VP_wallet_g1_s6,0,after:HRAgent.t_GenerateResult,11,11,10,0
inter_VP_wallet_g1_s6,0,terminal,11,11,10,0
inter_VP_wallet_g1_s7,0,creation,9,9,1,0
inter_VP_wallet_g1_s7,0,after:StudentAgent.t_SubmitEvidence,10,10,4,0
inter_VP_wallet_g1_s7,0,after:EvidenceNet.t_LMS_Submit,10,10,4,0
inter_VP_wallet_g1_s7,0,after:EvidenceNet.t_Review_Request,10,10,4,0
inter_VP_wallet_g1_s7,0,after:ProfessorAgent.t_StartReview,10,10,4,0
inter_VP_wallet_g1_s7,0,after:ProfessorAgent.t_AssessEvidence,10,10,4,0
inter_VP_wallet_g1_s7,0,after:ProfessorAgent.t_ApproveEvidence,10,10,5,0
inter_VP_wallet_g1_s7,0,after:UniversityAgent.t_VerifyEvidence,10,10,5,0
inter_VP_wallet_g1_s7,0,after:UniversityAgent.t_RequestCredential,11,11,7,0
inter_VP_wallet_g1_s7,0,after:CompetencyNet.t_Verification_Pass,11,11,7,0
inter_VP_wallet_g1_s7,0,after:UniversityAgent.t_IssueCredential,11,11,8,0
inter_VP_wallet_g1_s7,0,after:StudentAgent.t_WaitCredential,11,11,8,0
inter_VP_wallet_g1_s7,0,after:StudentAgent.t_ReceiveCredential,11,11,8,0
inter_VP_wallet_g1_s7,0,after:StudentAgent.t_AcceptCredential,11,11,9,0
inter_VP_wallet_g1_s7,0,after:HEDULedgerNet.t_Order,11,11,9,0
inter_VP_wallet_g1_s7,0,after:HEDULedgerNet.t_Validate,11,11,9,0
inter_VP_wallet_g1_s7,0,after:HEDULedgerNet.t_Commit,11,11,9,0
inter_VP_wallet_g1_s7,0,after:HEDULedgerNet.t_Anchor,11,11,9,0
inter_VP_wallet_g1_s7,0,after:StudentAgent.t_GenerateVP,11,11,9,0
inter_VP_wallet_g1_s7,0,after:WalletNet.t_GenerateVP,11,11,9,0
inter_VP_wallet_g1_s7,0,after:StudentAgent.t_ShareVP,11,11,10,0
inter_VP_wallet_g1_s7,0,after:HRAgent.t_ParseVP,11,11,10,0
inter_VP_wallet_g1_s7,0,after:CompetencyNet.t_Agg_Ingest,11,11,10,0
inter_VP_wallet_g1_s7,0,after:HRAgent.t_SemanticMatch,11,11,10,0
inter_VP_wallet_g1_s7,0,after:HRAgent.t_GapAnalysis,11,11,10,0
inter_VP_wallet_g1_s7,0,after:HRAgent.t_GenerateResult,11,11,10,0
inter_VP_wallet_g1_s7,0,after:WalletNet.t_ShareVP,11,11,10,0
inter_VP_wallet_g1_s7,0,terminal,11,11,10,0
inter_VP_wallet_g2_s2,0,creation,9,9,1,0
inter_VP_wallet_g2_s2,0,after:StudentAgent.t_SubmitEvidence,10,10,4,0
inter_VP_wallet_g2_s2,0,after:EvidenceNet.t_LMS_Submit,10,10,4,0
inter_VP_wallet_g2_s2,0,after:EvidenceNet.t_Review_Request,10,10,4,0
inter_VP_wallet_g2_s2,0,after:ProfessorAgent.t_StartReview,10,10,4,0
inter_VP_wallet_g2_s2,0,after:ProfessorAgent.t_AssessEvidence,10,10,4,0
inter_VP_wallet_g2_s2,0,after:ProfessorAgent.t_ApproveEvidence,10,10,5,0
inter_VP_wallet_g2_s2,0,after:UniversityAgent.t_VerifyEvidence,10,10,5,0
inter_VP_wallet_g2_s2,0,after:UniversityAgent.t_RequestCredential,11,11,7,0
inter_VP_wallet_g2_s2,0,after:CompetencyNet.t_Verification_Pass,11,11,7,0
inter_VP_wallet_g2_s2,0,after:UniversityAgent.t_IssueCredential,11,11,8,0
inter_VP_wallet_g2_s2,0,after:StudentAgent.t_WaitCredential,11,11,8,0
inter_VP_wallet_g2_s2,0,after:StudentAgent.t_ReceiveCredential,11,11,8,0
inter_VP_wallet_g2_s2,0,after:StudentAgent.t_AcceptCredential,11,11,9,0
inter_VP_wallet_g2_s2,0,after:HEDULedgerNet.t_Order,11,11,9,0
inter_VP_wallet_g2_s2,0,after:HEDULedgerNet.t_Validate,11,11,9,0
inter_VP_wallet_g2_s2,0,after:HEDULedgerNet.t_Commit,11,11,9,0
inter_VP_wallet_g2_s2,0,after:HEDULedgerNet.t_Anchor,11,11,9,0
inter_VP_wallet_g2_s2,0,after:StudentAgent.t_GenerateVP,11,11,9,0
inter_VP_wallet_g2_s2,0,after:StudentAgent.t_ShareVP,11,11,10,0
inter_VP_wallet_g2_s2,0,after:WalletNet.t_GenerateVP,11,11,10,0
inter_VP_wallet_g2_s2,0,after:WalletNet.t_ShareVP,11,11,10,0
inter_VP_wallet_g2_s2,0,after:HRAgent.t_ParseVP,11,11,10,0
inter_VP_wallet_g2_s2,0,after:CompetencyNet.t_Agg_Ingest,11,11,10,0
inter_VP_wallet_g2_s2,0,after:HRAgent.t_SemanticMatch,11,11,10,0
inter_VP_wallet_g2_s2,0,after:HRAgent.t_GapAnalysis,11,11,10,0
inter_VP_wallet_g2_s2,0,after:HRAgent.t_GenerateResult,11,11,10,0
inter_VP_wallet_g2_s2,0,terminal,11,11,10,0
inter_VP_wallet_g2_s3,0,creation,9,9,1,0
inter_VP_wallet_g2_s3,0,after:StudentAgent.t_SubmitEvidence,10,10,4,0
inter_VP_wallet_g2_s3,0,after:EvidenceNet.t_LMS_Submit,10,10,4,0
inter_VP_wallet_g2_s3,0,after:EvidenceNet.t_Review_Request,10,10,4,0
inter_VP_wallet_g2_s3,0,after:ProfessorAgent.t_StartReview,10,10,4,0
inter_VP_wallet_g2_s3,0,after:ProfessorAgent.t_AssessEvidence,10,10,4,0
inter_VP_wallet_g2_s3,0,after:ProfessorAgent.t_ApproveEvidence,10,10,5,0
inter_VP_wallet_g2_s3,0,after:UniversityAgent.t_VerifyEvidence,10,10,5,0
inter_VP_wallet_g2_s3,0,after:UniversityAgent.t_RequestCredential,11,11,7,0
inter_VP_wallet_g2_s3,0,after:CompetencyNet.t_Verification_Pass,11,11,7,0
inter_VP_wallet_g2_s3,0,after:UniversityAgent.t_IssueCredential,11,11,8,0
inter_VP_wallet_g2_s3,0,after:StudentAgent.t_WaitCredential,11,11,8,0
inter_VP_wallet_g2_s3,0,after:StudentAgent.t_ReceiveCredential,11,11,8,0
inter_VP_wallet_g2_s3,0,after:StudentAgent.t_AcceptCredential,11,11,9,0
inter_VP_wallet_g2_s3,0,after:HEDULedgerNet.t_Order,11,11,9,0
inter_VP_wallet_g2_s3,0,after:HEDULedgerNet.t_Validate,11,11,9,0
inter_VP_wallet_g2_s3,0,after:HEDULedgerNet.t_Commit,11,11,9,0
inter_VP_wallet_g2_s3,0,after:HEDULedgerNet.t_Anchor,11,11,9,0
inter_VP_wallet_g2_s3,0,after:StudentAgent.t_GenerateVP,11,11,9,0
inter_VP_wallet_g2_s3,0,after:StudentAgent.t_ShareVP,11,11,10,0
inter_VP_wallet_g2_s3,0,after:WalletNet.t_GenerateVP,11,11,10,0
inter_VP_wallet_g2_s3,0,after:HRAgent.t_ParseVP,11,11,10,0
inter_VP_wallet_g2_s3,0,after:WalletNet.t_ShareVP,11,11,10,0
inter_VP_wallet_g2_s3,0,after:CompetencyNet.t_Agg_Ingest,11,11,10,0
inter_VP_wallet_g2_s3,0,after:HRAgent.t_SemanticMatch,11,11,10,0
inter_VP_wallet_g2_s3,0,after:HRAgent.t_GapAnalysis,11,11,10,0
inter_VP_wallet_g2_s3,0,after:HRAgent.t_GenerateResult,11,11,10,0
inter_VP_wallet_g2_s3,0,terminal,11,11,10,0
inter_VP_wallet_g2_s4,0,creation,9,9,1,0
inter_VP_wallet_g2_s4,0,after:StudentAgent.t_SubmitEvidence,10,10,4,0
inter_VP_wallet_g2_s4,0,after:EvidenceNet.t_LMS_Submit,10,10,4,0
inter_VP_wallet_g2_s4,0,after:EvidenceNet.t_Review_Request,10,10,4,0
inter_VP_wallet_g2_s4,0,after:ProfessorAgent.t_StartReview,10,10,4,0
inter_VP_wallet_g2_s4,0,after:ProfessorAgent.t_AssessEvidence,10,10,4,0
inter_VP_wallet_g2_s4,0,after:ProfessorAgent.t_ApproveEvidence,10,10,5,0
inter_VP_wallet_g2_s4,0,after:UniversityAgent.t_VerifyEvidence,10,10,5,0
inter_VP_wallet_g2_s4,0,after:UniversityAgent.t_RequestCredential,11,11,7,0
inter_VP_wallet_g2_s4,0,after:CompetencyNet.t_Verification_Pass,11,11,7,0
inter_VP_wallet_g2_s4,0,after:UniversityAgent.t_IssueCredential,11,11,8,0
inter_VP_wallet_g2_s4,0,after:StudentAgent.t_WaitCredential,11,11,8,0
inter_VP_wallet_g2_s4,0,after:StudentAgent.t_ReceiveCredential,11,11,8,0
inter_VP_wallet_g2_s4,0,after:StudentAgent.t_AcceptCredential,11,11,9,0
inter_VP_wallet_g2_s4,0,after:HEDULedgerNet.t_Order,11,11,9,0
inter_VP_wallet_g2_s4,0,after:HEDULedgerNet.t_Validate,11,11,9,0
inter_VP_wallet_g2_s4,0,after:HEDULedgerNet.t_Commit,11,11,9,0
inter_VP_wallet_g2_s4,0,after:HEDULedgerNet.t_Anchor,11,11,9,0
inter_VP_wallet_g2_s4,0,after:StudentAgent.t_GenerateVP,11,11,9,0
inter_VP_wallet_g2_s4,0,after:StudentAgent.t_ShareVP,11,11,10,0
inter_VP_wallet_g2_s4,0,after:WalletNet.t_GenerateVP,11,11,10,0
inter_VP_wallet_g2_s4,0,after:HRAgent.t_ParseVP,11,11,10,0
inter_VP_wallet_g2_s4,0,after:CompetencyNet.t_Agg_Ingest,11,11,10,0
inter_VP_wallet_g2_s4,0,after:WalletNet.t_ShareVP,11,11,10,0
inter_VP_wallet_g2_s4,0,after:HRAgent.t_SemanticMatch,11,11,10,0
inter_VP_wallet_g2_s4,0,after:HRAgent.t_GapAnalysis,11,11,10,0
inter_VP_wallet_g2_s4,0,after:HRAgent.t_GenerateResult,11,11,10,0
inter_VP_wallet_g2_s4,0,terminal,11,11,10,0
inter_VP_wallet_g2_s5,0,creation,9,9,1,0
inter_VP_wallet_g2_s5,0,after:StudentAgent.t_SubmitEvidence,10,10,4,0
inter_VP_wallet_g2_s5,0,after:EvidenceNet.t_LMS_Submit,10,10,4,0
inter_VP_wallet_g2_s5,0,after:EvidenceNet.t_Review_Request,10,10,4,0
inter_VP_wallet_g2_s5,0,after:ProfessorAgent.t_StartReview,10,10,4,0
inter_VP_wallet_g2_s5,0,after:ProfessorAgent.t_AssessEvidence,10,10,4,0
inter_VP_wallet_g2_s5,0,after:ProfessorAgent.t_ApproveEvidence,10,10,5,0
inter_VP_wallet_g2_s5,0,after:UniversityAgent.t_VerifyEvidence,10,10,5,0
inter_VP_wallet_g2_s5,0,after:UniversityAgent.t_RequestCredential,11,11,7,0
inter_VP_wallet_g2_s5,0,after:CompetencyNet.t_Verification_Pass,11,11,7,0
inter_VP_wallet_g2_s5,0,after:UniversityAgent.t_IssueCredential,11,11,8,0
inter_VP_wallet_g2_s5,0,after:StudentAgent.t_WaitCredential,11,11,8,0
inter_VP_wallet_g2_s5,0,after:StudentAgent.t_ReceiveCredential,11,11,8,0
inter_VP_wallet_g2_s5,0,after:StudentAgent.t_AcceptCredential,11,11,9,0
inter_VP_wallet_g2_s5,0,after:HEDULedgerNet.t_Order,11,11,9,0
inter_VP_wallet_g2_s5,0,after:HEDULedgerNet.t_Validate,11,11,9,0
inter_VP_wallet_g2_s5,0,after:HEDULedgerNet.t_Commit,11,11,9,0
inter_VP_wallet_g2_s5,0,after:HEDULedgerNet.t_Anchor,11,11,9,0
inter_VP_wallet_g2_s5,0,after:StudentAgent.t_GenerateVP,11,11,9,0
inter_VP_wallet_g2_s5,0,after:StudentAgent.t_ShareVP,11,11,10,0
inter_VP_wallet_g2_s5,0,after:WalletNet.t_GenerateVP,11,11,10,0
inter_VP_wallet_g2_s5,0,after:HRAgent.t_ParseVP,11,11,10,0
inter_VP_wallet_g2_s5,0,after:CompetencyNet.t_Agg_Ingest,11,11,10,0
inter_VP_wallet_g2_s5,0,after:HRAgent.t_SemanticMatch,11,11,10,0
inter_VP_wallet_g2_s5,0,after:WalletNet.t_ShareVP,11,11,10,0
inter_VP_wallet_g2_s5,0,after:HRAgent.t_GapAnalysis,11,11,10,0
inter_VP_wallet_g2_s5,0,after:HRAgent.t_GenerateResult,11,11,10,0
inter_VP_wallet_g2_s5,0,terminal,11,11,10,0
inter_VP_wallet_g2_s6,0,creation,9,9,1,0
inter_VP_wallet_g2_s6,0,after:StudentAgent.t_SubmitEvidence,10,10,4,0
inter_VP_wallet_g2_s6,0,after:EvidenceNet.t_LMS_Submit,10,10,4,0
inter_VP_wallet_g2_s6,0,after:EvidenceNet.t_Review_Request,10,10,4,0
inter_VP_wallet_g2_s6,0,after:ProfessorAgent.t_StartReview,10,10,4,0
inter_VP_wallet_g2_s6,0,after:ProfessorAgent.t_AssessEvidence,10,10,4,0
inter_VP_wallet_g2_s6,0,after:ProfessorAgent.t_ApproveEvidence,10,10,5,0
inter_VP_wallet_g2_s6,0,after:UniversityAgent.t_VerifyEvidence,10,10,5,0
inter_VP_wallet_g2_s6,0,after:UniversityAgent.t_RequestCredential,11,11,7,0
inter_VP_wallet_g2_s6,0,after:CompetencyNet.t_Verification_Pass,11,11,7,0
inter_VP_wallet_g2_s6,0,after:UniversityAgent.t_IssueCredential,11,11,8,0
inter_VP_wallet_g2_s6,0,after:StudentAgent.t_WaitCredential,11,11,8,0
inter_VP_wallet_g2_s6,0,after:StudentAgent.t_ReceiveCredential,11,11,8,0
inter_VP_wallet_g2_s6,0,after:StudentAgent.t_AcceptCredential,11,11,9,0
inter_VP_wallet_g2_s6,0,after:HEDULedgerNet.t_Order,11,11,9,0
inter_VP_wallet_g2_s6,0,after:HEDULedgerNet.t_Validate,11,11,9,0
inter_VP_wallet_g2_s6,0,after:HEDULedgerNet.t_Commit,11,11,9,0
inter_VP_wallet_g2_s6,0,after:HEDULedgerNet.t_Anchor,11,11,9,0
inter_VP_wallet_g2_s6,0,after:StudentAgent.t_GenerateVP,11,11,9,0
inter_VP_wallet_g2_s6,0,after:StudentAgent.t_ShareVP,11,11,10,0
inter_VP_wallet_g2_s6,0,after:WalletNet.t_GenerateVP,11,11,10,0
inter_VP_wallet_g2_s6,0,after:HRAgent.t_ParseVP,11,11,10,0
inter_VP_wallet_g2_s6,0,after:CompetencyNet.t_Agg_Ingest,11,11,10,0
inter_VP_wallet_g2_s6,0,after:HRAgent.t_SemanticMatch,11,11,10,0
inter_VP_wallet_g2_s6,0,after:HRAgent.t_GapAnalysis,11,11,10,0
inter_VP_wallet_g2_s6,0,after:WalletNet.t_ShareVP,11,11,10,0
inter_VP_wallet_g2_s6,0,after:HRAgent.t_GenerateResult,11,11,10,0
inter_VP_wallet_g2_s6,0,terminal,11,11,10,0
inter_VP_wallet_g2_s7,0,creation,9,9,1,0
inter_VP_wallet_g2_s7,0,after:StudentAgent.t_SubmitEvidence,10,10,4,0
inter_VP_wallet_g2_s7,0,after:EvidenceNet.t_LMS_Submit,10,10,4,0
inter_VP_wallet_g2_s7,0,after:EvidenceNet.t_Review_Request,10,10,4,0
inter_VP_wallet_g2_s7,0,after:ProfessorAgent.t_StartReview,10,10,4,0
inter_VP_wallet_g2_s7,0,after:ProfessorAgent.t_AssessEvidence,10,10,4,0
inter_VP_wallet_g2_s7,0,after:ProfessorAgent.t_ApproveEvidence,10,10,5,0
inter_VP_wallet_g2_s7,0,after:UniversityAgent.t_VerifyEvidence,10,10,5,0
inter_VP_wallet_g2_s7,0,after:UniversityAgent.t_RequestCredential,11,11,7,0
inter_VP_wallet_g2_s7,0,after:CompetencyNet.t_Verification_Pass,11,11,7,0
inter_VP_wallet_g2_s7,0,after:UniversityAgent.t_IssueCredential,11,11,8,0
inter_VP_wallet_g2_s7,0,after:StudentAgent.t_WaitCredential,11,11,8,0
inter_VP_wallet_g2_s7,0,after:StudentAgent.t_ReceiveCredential,11,11,8,0
inter_VP_wallet_g2_s7,0,after:StudentAgent.t_AcceptCredential,11,11,9,0
inter_VP_wallet_g2_s7,0,after:HEDULedgerNet.t_Order,11,11,9,0
inter_VP_wallet_g2_s7,0,after:HEDULedgerNet.t_Validate,11,11,9,0
inter_VP_wallet_g2_s7,0,after:HEDULedgerNet.t_Commit,11,11,9,0
inter_VP_wallet_g2_s7,0,after:HEDULedgerNet.t_Anchor,11,11,9,0
inter_VP_wallet_g2_s7,0,after:StudentAgent.t_GenerateVP,11,11,9,0
inter_VP_wallet_g2_s7,0,after:StudentAgent.t_ShareVP,11,11,10,0
inter_VP_wallet_g2_s7,0,after:WalletNet.t_GenerateVP,11,11,10,0
inter_VP_wallet_g2_s7,0,after:HRAgent.t_ParseVP,11,11,10,0
inter_VP_wallet_g2_s7,0,after:CompetencyNet.t_Agg_Ingest,11,11,10,0
inter_VP_wallet_g2_s7,0,after:HRAgent.t_SemanticMatch,11,11,10,0
inter_VP_wallet_g2_s7,0,after:HRAgent.t_GapAnalysis,11,11,10,0
inter_VP_wallet_g2_s7,0,after:HRAgent.t_GenerateResult,11,11,10,0
inter_VP_wallet_g2_s7,0,after:WalletNet.t_ShareVP,11,11,10,0
inter_VP_wallet_g2_s7,0,terminal,11,11,10,0
inter_VP_wallet_g3_s3,0,creation,9,9,1,0
inter_VP_wallet_g3_s3,0,after:StudentAgent.t_SubmitEvidence,10,10,4,0
inter_VP_wallet_g3_s3,0,after:EvidenceNet.t_LMS_Submit,10,10,4,0
inter_VP_wallet_g3_s3,0,after:EvidenceNet.t_Review_Request,10,10,4,0
inter_VP_wallet_g3_s3,0,after:ProfessorAgent.t_StartReview,10,10,4,0
inter_VP_wallet_g3_s3,0,after:ProfessorAgent.t_AssessEvidence,10,10,4,0
inter_VP_wallet_g3_s3,0,after:ProfessorAgent.t_ApproveEvidence,10,10,5,0
inter_VP_wallet_g3_s3,0,after:UniversityAgent.t_VerifyEvidence,10,10,5,0
inter_VP_wallet_g3_s3,0,after:UniversityAgent.t_RequestCredential,11,11,7,0
inter_VP_wallet_g3_s3,0,after:CompetencyNet.t_Verification_Pass,11,11,7,0
inter_VP_wallet_g3_s3,0,after:UniversityAgent.t_IssueCredential,11,11,8,0
inter_VP_wallet_g3_s3,0,after:StudentAgent.t_WaitCredential,11,11,8,0
inter_VP_wallet_g3_s3,0,after:StudentAgent.t_ReceiveCredential,11,11,8,0
inter_VP_wallet_g3_s3,0,after:StudentAgent.t_AcceptCredential,11,11,9,0
inter_VP_wallet_g3_s3,0,after:HEDULedgerNet.t_Order,11,11,9,0
inter_VP_wallet_g3_s3,0,after:HEDULedgerNet.t_Validate,11,11,9,0
inter_VP_wallet_g3_s3,0,after:HEDULedgerNet.t_Commit,11,11,9,0
inter_VP_wallet_g3_s3,0,after:HEDULedgerNet.t_Anchor,11,11,9,0
inter_VP_wallet_g3_s3,0,after:StudentAgent.t_GenerateVP,11,11,9,0
inter_VP_wallet_g3_s3,0,after:StudentAgent.t_ShareVP,11,11,10,0
inter_VP_wallet_g3_s3,0,after:HRAgent.t_ParseVP,11,11,10,0
inter_VP_wallet_g3_s3,0,after:WalletNet.t_GenerateVP,11,11,10,0
inter_VP_wallet_g3_s3,0,after:WalletNet.t_ShareVP,11,11,10,0
inter_VP_wallet_g3_s3,0,after:CompetencyNet.t_Agg_Ingest,11,11,10,0
inter_VP_wallet_g3_s3,0,after:HRAgent.t_SemanticMatch,11,11,10,0
inter_VP_wallet_g3_s3,0,after:HRAgent.t_GapAnalysis,11,11,10,0
inter_VP_wallet_g3_s3,0,after:HRAgent.t_GenerateResult,11,11,10,0
inter_VP_wallet_g3_s3,0,terminal,11,11,10,0
inter_VP_wallet_g3_s4,0,creation,9,9,1,0
inter_VP_wallet_g3_s4,0,after:StudentAgent.t_SubmitEvidence,10,10,4,0
inter_VP_wallet_g3_s4,0,after:EvidenceNet.t_LMS_Submit,10,10,4,0
inter_VP_wallet_g3_s4,0,after:EvidenceNet.t_Review_Request,10,10,4,0
inter_VP_wallet_g3_s4,0,after:ProfessorAgent.t_StartReview,10,10,4,0
inter_VP_wallet_g3_s4,0,after:ProfessorAgent.t_AssessEvidence,10,10,4,0
inter_VP_wallet_g3_s4,0,after:ProfessorAgent.t_ApproveEvidence,10,10,5,0
inter_VP_wallet_g3_s4,0,after:UniversityAgent.t_VerifyEvidence,10,10,5,0
inter_VP_wallet_g3_s4,0,after:UniversityAgent.t_RequestCredential,11,11,7,0
inter_VP_wallet_g3_s4,0,after:CompetencyNet.t_Verification_Pass,11,11,7,0
inter_VP_wallet_g3_s4,0,after:UniversityAgent.t_IssueCredential,11,11,8,0
inter_VP_wallet_g3_s4,0,after:StudentAgent.t_WaitCredential,11,11,8,0
inter_VP_wallet_g3_s4,0,after:StudentAgent.t_ReceiveCredential,11,11,8,0
inter_VP_wallet_g3_s4,0,after:StudentAgent.t_AcceptCredential,11,11,9,0
inter_VP_wallet_g3_s4,0,after:HEDULedgerNet.t_Order,11,11,9,0
inter_VP_wallet_g3_s4,0,after:HEDULedgerNet.t_Validate,11,11,9,0
inter_VP_wallet_g3_s4,0,after:HEDULedgerNet.t_Commit,11,11,9,0
inter_VP_wallet_g3_s4,0,after:HEDULedgerNet.t_Anchor,11,11,9,0
inter_VP_wallet_g3_s4,0,after:StudentAgent.t_GenerateVP,11,11,9,0
inter_VP_wallet_g3_s4,0,after:StudentAgent.t_ShareVP,11,11,10,0
inter_VP_wallet_g3_s4,0,after:HRAgent.t_ParseVP,11,11,10,0
inter_VP_wallet_g3_s4,0,after:WalletNet.t_GenerateVP,11,11,10,0
inter_VP_wallet_g3_s4,0,after:CompetencyNet.t_Agg_Ingest,11,11,10,0
inter_VP_wallet_g3_s4,0,after:WalletNet.t_ShareVP,11,11,10,0
inter_VP_wallet_g3_s4,0,after:HRAgent.t_SemanticMatch,11,11,10,0
inter_VP_wallet_g3_s4,0,after:HRAgent.t_GapAnalysis,11,11,10,0
inter_VP_wallet_g3_s4,0,after:HRAgent.t_GenerateResult,11,11,10,0
inter_VP_wallet_g3_s4,0,terminal,11,11,10,0
inter_VP_wallet_g3_s5,0,creation,9,9,1,0
inter_VP_wallet_g3_s5,0,after:StudentAgent.t_SubmitEvidence,10,10,4,0
inter_VP_wallet_g3_s5,0,after:EvidenceNet.t_LMS_Submit,10,10,4,0
inter_VP_wallet_g3_s5,0,after:EvidenceNet.t_Review_Request,10,10,4,0
inter_VP_wallet_g3_s5,0,after:ProfessorAgent.t_StartReview,10,10,4,0
inter_VP_wallet_g3_s5,0,after:ProfessorAgent.t_AssessEvidence,10,10,4,0
inter_VP_wallet_g3_s5,0,after:ProfessorAgent.t_ApproveEvidence,10,10,5,0
inter_VP_wallet_g3_s5,0,after:UniversityAgent.t_VerifyEvidence,10,10,5,0
inter_VP_wallet_g3_s5,0,after:UniversityAgent.t_RequestCredential,11,11,7,0
inter_VP_wallet_g3_s5,0,after:CompetencyNet.t_Verification_Pass,11,11,7,0
inter_VP_wallet_g3_s5,0,after:UniversityAgent.t_IssueCredential,11,11,8,0
inter_VP_wallet_g3_s5,0,after:StudentAgent.t_WaitCredential,11,11,8,0
inter_VP_wallet_g3_s5,0,after:StudentAgent.t_ReceiveCredential,11,11,8,0
inter_VP_wallet_g3_s5,0,after:StudentAgent.t_AcceptCredential,11,11,9,0
inter_VP_wallet_g3_s5,0,after:HEDULedgerNet.t_Order,11,11,9,0
inter_VP_wallet_g3_s5,0,after:HEDULedgerNet.t_Validate,11,11,9,0
inter_VP_wallet_g3_s5,0,after:HEDULedgerNet.t_Commit,11,11,9,0
inter_VP_wallet_g3_s5,0,after:HEDULedgerNet.t_Anchor,11,11,9,0
inter_VP_wallet_g3_s5,0,after:StudentAgent.t_GenerateVP,11,11,9,0
inter_VP_wallet_g3_s5,0,after:StudentAgent.t_ShareVP,11,11,10,0
inter_VP_wallet_g3_s5,0,after:HRAgent.t_ParseVP,11,11,10,0
inter_VP_wallet_g3_s5,0,after:WalletNet.t_GenerateVP,11,11,10,0
inter_VP_wallet_g3_s5,0,after:CompetencyNet.t_Agg_Ingest,11,11,10,0
inter_VP_wallet_g3_s5,0,after:HRAgent.t_SemanticMatch,11,11,10,0
inter_VP_wallet_g3_s5,0,after:WalletNet.t_ShareVP,11,11,10,0
inter_VP_wallet_g3_s5,0,after:HRAgent.t_GapAnalysis,11,11,10,0
inter_VP_wallet_g3_s5,0,after:HRAgent.t_GenerateResult,11,11,10,0
inter_VP_wallet_g3_s5,0,terminal,11,11,10,0
inter_VP_wallet_g3_s6,0,creation,9,9,1,0
inter_VP_wallet_g3_s6,0,after:StudentAgent.t_SubmitEvidence,10,10,4,0
inter_VP_wallet_g3_s6,0,after:EvidenceNet.t_LMS_Submit,10,10,4,0
inter_VP_wallet_g3_s6,0,after:EvidenceNet.t_Review_Request,10,10,4,0
inter_VP_wallet_g3_s6,0,after:ProfessorAgent.t_StartReview,10,10,4,0
inter_VP_wallet_g3_s6,0,after:ProfessorAgent.t_AssessEvidence,10,10,4,0
inter_VP_wallet_g3_s6,0,after:ProfessorAgent.t_ApproveEvidence,10,10,5,0
inter_VP_wallet_g3_s6,0,after:UniversityAgent.t_VerifyEvidence,10,10,5,0
inter_VP_wallet_g3_s6,0,after:UniversityAgent.t_RequestCredential,11,11,7,0
inter_VP_wallet_g3_s6,0,after:CompetencyNet.t_Verification_Pass,11,11,7,0
inter_VP_wallet_g3_s6,0,after:UniversityAgent.t_IssueCredential,11,11,8,0
inter_VP_wallet_g3_s6,0,after:StudentAgent.t_WaitCredential,11,11,8,0
inter_VP_wallet_g3_s6,0,after:StudentAgent.t_ReceiveCredential,11,11,8,0
inter_VP_wallet_g3_s6,0,after:StudentAgent.t_AcceptCredential,11,11,9,0
inter_VP_wallet_g3_s6,0,after:HEDULedgerNet.t_Order,11,11,9,0
inter_VP_wallet_g3_s6,0,after:HEDULedgerNet.t_Validate,11,11,9,0
inter_VP_wallet_g3_s6,0,after:HEDULedgerNet.t_Commit,11,11,9,0
inter_VP_wallet_g3_s6,0,after:HEDULedgerNet.t_Anchor,11,11,9,0
inter_VP_wallet_g3_s6,0,after:StudentAgent.t_GenerateVP,11,11,9,0
inter_VP_wallet_g3_s6,0,after:StudentAgent.t_ShareVP,11,11,10,0
inter_VP_wallet_g3_s6,0,after:HRAgent.t_ParseVP,11,11,10,0
inter_VP_wallet_g3_s6,0,after:WalletNet.t_GenerateVP,11,11,10,0
inter_VP_wallet_g3_s6,0,after:CompetencyNet.t_Agg_Ingest,11,11,10,0
inter_VP_wallet_g3_s6,0,after:HRAgent.t_SemanticMatch,11,11,10,0
inter_VP_wallet_g3_s6,0,after:HRAgent.t_GapAnalysis,11,11,10,0
inter_VP_wallet_g3_s6,0,after:WalletNet.t_ShareVP,11,11,10,0
inter_VP_wallet_g3_s6,0,after:HRAgent.t_GenerateResult,11,11,10,0
inter_VP_wallet_g3_s6,0,terminal,11,11,10,0
inter_VP_wallet_g3_s7,0,creation,9,9,1,0
inter_VP_wallet_g3_s7,0,after:StudentAgent.t_SubmitEvidence,10,10,4,0
inter_VP_wallet_g3_s7,0,after:EvidenceNet.t_LMS_Submit,10,10,4,0
inter_VP_wallet_g3_s7,0,after:EvidenceNet.t_Review_Request,10,10,4,0
inter_VP_wallet_g3_s7,0,after:ProfessorAgent.t_StartReview,10,10,4,0
inter_VP_wallet_g3_s7,0,after:ProfessorAgent.t_AssessEvidence,10,10,4,0
inter_VP_wallet_g3_s7,0,after:ProfessorAgent.t_ApproveEvidence,10,10,5,0
inter_VP_wallet_g3_s7,0,after:UniversityAgent.t_VerifyEvidence,10,10,5,0
inter_VP_wallet_g3_s7,0,after:UniversityAgent.t_RequestCredential,11,11,7,0
inter_VP_wallet_g3_s7,0,after:CompetencyNet.t_Verification_Pass,11,11,7,0
inter_VP_wallet_g3_s7,0,after:UniversityAgent.t_IssueCredential,11,11,8,0
inter_VP_wallet_g3_s7,0,after:StudentAgent.t_WaitCredential,11,11,8,0
inter_VP_wallet_g3_s7,0,after:StudentAgent.t_ReceiveCredential,11,11,8,0
inter_VP_wallet_g3_s7,0,after:StudentAgent.t_AcceptCredential,11,11,9,0
inter_VP_wallet_g3_s7,0,after:HEDULedgerNet.t_Order,11,11,9,0
inter_VP_wallet_g3_s7,0,after:HEDULedgerNet.t_Validate,11,11,9,0
inter_VP_wallet_g3_s7,0,after:HEDULedgerNet.t_Commit,11,11,9,0
inter_VP_wallet_g3_s7,0,after:HEDULedgerNet.t_Anchor,11,11,9,0
inter_VP_wallet_g3_s7,0,after:StudentAgent.t_GenerateVP,11,11,9,0
inter_VP_wallet_g3_s7,0,after:StudentAgent.t_ShareVP,11,11,10,0
inter_VP_wallet_g3_s7,0,after:HRAgent.t_ParseVP,11,11,10,0
inter_VP_wallet_g3_s7,0,after:WalletNet.t_GenerateVP,11,11,10,0
inter_VP_wallet_g3_s7,0,after:CompetencyNet.t_Agg_Ingest,11,11,10,0
inter_VP_wallet_g3_s7,0,after:HRAgent.t_SemanticMatch,11,11,10,0
inter_VP_wallet_g3_s7,0,after:HRAgent.t_GapAnalysis,11,11,10,0
inter_VP_wallet_g3_s7,0,after:HRAgent.t_GenerateResult,11,11,10,0
inter_VP_wallet_g3_s7,0,after:WalletNet.t_ShareVP,11,11,10,0
inter_VP_wallet_g3_s7,0,terminal,11,11,10,0
inter_VP_wallet_g4_s4,0,creation,9,9,1,0
inter_VP_wallet_g4_s4,0,after:StudentAgent.t_SubmitEvidence,10,10,4,0
inter_VP_wallet_g4_s4,0,after:EvidenceNet.t_LMS_Submit,10,10,4,0
inter_VP_wallet_g4_s4,0,after:EvidenceNet.t_Review_Request,10,10,4,0
inter_VP_wallet_g4_s4,0,after:ProfessorAgent.t_StartReview,10,10,4,0
inter_VP_wallet_g4_s4,0,after:ProfessorAgent.t_AssessEvidence,10,10,4,0
inter_VP_wallet_g4_s4,0,after:ProfessorAgent.t_ApproveEvidence,10,10,5,0
inter_VP_wallet_g4_s4,0,after:UniversityAgent.t_VerifyEvidence,10,10,5,0
inter_VP_wallet_g4_s4,0,after:UniversityAgent.t_RequestCredential,11,11,7,0
inter_VP_wallet_g4_s4,0,after:CompetencyNet.t_Verification_Pass,11,11,7,0
inter_VP_wallet_g4_s4,0,after:UniversityAgent.t_IssueCredential,11,11,8,0
inter_VP_wallet_g4_s4,0,after:StudentAgent.t_WaitCredential,11,11,8,0
inter_VP_wallet_g4_s4,0,after:StudentAgent.t_ReceiveCredential,11,11,8,0
inter_VP_wallet_g4_s4,0,after:StudentAgent.t_AcceptCredential,11,11,9,0
inter_VP_wallet_g4_s4,0,after:HEDULedgerNet.t_Order,11,11,9,0
inter_VP_wallet_g4_s4,0,after:HEDULedgerNet.t_Validate,11,11,9,0
inter_VP_wallet_g4_s4,0,after:HEDULedgerNet.t_Commit,11,11,9,0
inter_VP_wallet_g4_s4,0,after:HEDULedgerNet.t_Anchor,11,11,9,0
inter_VP_wallet_g4_s4,0,after:StudentAgent.t_GenerateVP,11,11,9,0
inter_VP_wallet_g4_s4,0,after:StudentAgent.t_ShareVP,11,11,10,0
inter_VP_wallet_g4_s4,0,after:HRAgent.t_ParseVP,11,11,10,0
inter_VP_wallet_g4_s4,0,after:CompetencyNet.t_Agg_Ingest,11,11,10,0
inter_VP_wallet_g4_s4,0,after:WalletNet.t_GenerateVP,11,11,10,0
inter_VP_wallet_g4_s4,0,after:WalletNet.t_ShareVP,11,11,10,0
inter_VP_wallet_g4_s4,0,after:HRAgent.t_SemanticMatch,11,11,10,0
inter_VP_wallet_g4_s4,0,after:HRAgent.t_GapAnalysis,11,11,10,0
inter_VP_wallet_g4_s4,0,after:HRAgent.t_GenerateResult,11,11,10,0
inter_VP_wallet_g4_s4,0,terminal,11,11,10,0
inter_VP_wallet_g4_s5,0,creation,9,9,1,0
inter_VP_wallet_g4_s5,0,after:StudentAgent.t_SubmitEvidence,10,10,4,0
inter_VP_wallet_g4_s5,0,after:EvidenceNet.t_LMS_Submit,10,10,4,0
inter_VP_wallet_g4_s5,0,after:EvidenceNet.t_Review_Request,10,10,4,0
inter_VP_wallet_g4_s5,0,after:ProfessorAgent.t_StartReview,10,10,4,0
inter_VP_wallet_g4_s5,0,after:ProfessorAgent.t_AssessEvidence,10,10,4,0
inter_VP_wallet_g4_s5,0,after:ProfessorAgent.t_ApproveEvidence,10,10,5,0
inter_VP_wallet_g4_s5,0,after:UniversityAgent.t_VerifyEvidence,10,10,5,0
inter_VP_wallet_g4_s5,0,after:UniversityAgent.t_RequestCredential,11,11,7,0
inter_VP_wallet_g4_s5,0,after:CompetencyNet.t_Verification_Pass,11,11,7,0
inter_VP_wallet_g4_s5,0,after:UniversityAgent.t_IssueCredential,11,11,8,0
inter_VP_wallet_g4_s5,0,after:StudentAgent.t_WaitCredential,11,11,8,0
inter_VP_wallet_g4_s5,0,after:StudentAgent.t_ReceiveCredential,11,11,8,0
inter_VP_wallet_g4_s5,0,after:StudentAgent.t_AcceptCredential,11,11,9,0
inter_VP_wallet_g4_s5,0,after:HEDULedgerNet.t_Order,11,11,9,0
inter_VP_wallet_g4_s5,0,after:HEDULedgerNet.t_Validate,11,11,9,0
inter_VP_wallet_g4_s5,0,after:HEDULedgerNet.t_Commit,11,11,9,0
inter_VP_wallet_g4_s5,0,after:HEDULedgerNet.t_Anchor,11,11,9,0
inter_VP_wallet_g4_s5,0,after:StudentAgent.t_GenerateVP,11,11,9,0
inter_VP_wallet_g4_s5,0,after:StudentAgent.t_ShareVP,11,11,10,0
inter_VP_wallet_g4_s5,0,after:HRAgent.t_ParseVP,11,11,10,0
inter_VP_wallet_g4_s5,0,after:CompetencyNet.t_Agg_Ingest,11,11,10,0
inter_VP_wallet_g4_s5,0,after:WalletNet.t_GenerateVP,11,11,10,0
inter_VP_wallet_g4_s5,0,after:HRAgent.t_SemanticMatch,11,11,10,0
inter_VP_wallet_g4_s5,0,after:WalletNet.t_ShareVP,11,11,10,0
inter_VP_wallet_g4_s5,0,after:HRAgent.t_GapAnalysis,11,11,10,0
inter_VP_wallet_g4_s5,0,after:HRAgent.t_GenerateResult,11,11,10,0
inter_VP_wallet_g4_s5,0,terminal,11,11,10,0
inter_VP_wallet_g4_s6,0,creation,9,9,1,0
inter_VP_wallet_g4_s6,0,after:StudentAgent.t_SubmitEvidence,10,10,4,0
inter_VP_wallet_g4_s6,0,after:EvidenceNet.t_LMS_Submit,10,10,4,0
inter_VP_wallet_g4_s6,0,after:EvidenceNet.t_Review_Request,10,10,4,0
inter_VP_wallet_g4_s6,0,after:ProfessorAgent.t_StartReview,10,10,4,0
inter_VP_wallet_g4_s6,0,after:ProfessorAgent.t_AssessEvidence,10,10,4,0
inter_VP_wallet_g4_s6,0,after:ProfessorAgent.t_ApproveEvidence,10,10,5,0
inter_VP_wallet_g4_s6,0,after:UniversityAgent.t_VerifyEvidence,10,10,5,0
inter_VP_wallet_g4_s6,0,after:UniversityAgent.t_RequestCredential,11,11,7,0
inter_VP_wallet_g4_s6,0,after:CompetencyNet.t_Verification_Pass,11,11,7,0
inter_VP_wallet_g4_s6,0,after:UniversityAgent.t_IssueCredential,11,11,8,0
inter_VP_wallet_g4_s6,0,after:StudentAgent.t_WaitCredential,11,11,8,0
inter_VP_wallet_g4_s6,0,after:StudentAgent.t_ReceiveCredential,11,11,8,0
inter_VP_wallet_g4_s6,0,after:StudentAgent.t_AcceptCredential,11,11,9,0
inter_VP_wallet_g4_s6,0,after:HEDULedgerNet.t_Order,11,11,9,0
inter_VP_wallet_g4_s6,0,after:HEDULedgerNet.t_Validate,11,11,9,0
inter_VP_wallet_g4_s6,0,after:HEDULedgerNet.t_Commit,11,11,9,0
inter_VP_wallet_g4_s6,0,after:HEDULedgerNet.t_Anchor,11,11,9,0
inter_VP_wallet_g4_s6,0,after:StudentAgent.t_GenerateVP,11,11,9,0
inter_VP_wallet_g4_s6,0,after:StudentAgent.t_ShareVP,11,11,10,0
inter_VP_wallet_g4_s6,0,after:HRAgent.t_ParseVP,11,11,10,0
inter_VP_wallet_g4_s6,0,after:CompetencyNet.t_Agg_Ingest,11,11,10,0
inter_VP_wallet_g4_s6,0,after:WalletNet.t_GenerateVP,11,11,10,0
inter_VP_wallet_g4_s6,0,after:HRAgent.t_SemanticMatch,11,11,10,0
inter_VP_wallet_g4_s6,0,after:HRAgent.t_GapAnalysis,11,11,10,0
inter_VP_wallet_g4_s6,0,after:WalletNet.t_ShareVP,11,11,10,0
inter_VP_wallet_g4_s6,0,after:HRAgent.t_GenerateResult,11,11,10,0
inter_VP_wallet_g4_s6,0,terminal,11,11,10,0
inter_VP_wallet_g4_s7,0,creation,9,9,1,0
inter_VP_wallet_g4_s7,0,after:StudentAgent.t_SubmitEvidence,10,10,4,0
inter_VP_wallet_g4_s7,0,after:EvidenceNet.t_LMS_Submit,10,10,4,0
inter_VP_wallet_g4_s7,0,after:EvidenceNet.t_Review_Request,10,10,4,0
inter_VP_wallet_g4_s7,0,after:ProfessorAgent.t_StartReview,10,10,4,0
inter_VP_wallet_g4_s7,0,after:ProfessorAgent.t_AssessEvidence,10,10,4,0
inter_VP_wallet_g4_s7,0,after:ProfessorAgent.t_ApproveEvidence,10,10,5,0
inter_VP_wallet_g4_s7,0,after:UniversityAgent.t_VerifyEvidence,10,10,5,0
inter_VP_wallet_g4_s7,0,after:UniversityAgent.t_RequestCredential,11,11,7,0
inter_VP_wallet_g4_s7,0,after:CompetencyNet.t_Verification_Pass,11,11,7,0
inter_VP_wallet_g4_s7,0,after:UniversityAgent.t_IssueCredential,11,11,8,0
inter_VP_wallet_g4_s7,0,after:StudentAgent.t_WaitCredential,11,11,8,0
inter_VP_wallet_g4_s7,0,after:StudentAgent.t_ReceiveCredential,11,11,8,0
inter_VP_wallet_g4_s7,0,after:StudentAgent.t_AcceptCredential,11,11,9,0
inter_VP_wallet_g4_s7,0,after:HEDULedgerNet.t_Order,11,11,9,0
inter_VP_wallet_g4_s7,0,after:HEDULedgerNet.t_Validate,11,11,9,0
inter_VP_wallet_g4_s7,0,after:HEDULedgerNet.t_Commit,11,11,9,0
inter_VP_wallet_g4_s7,0,after:HEDULedgerNet.t_Anchor,11,11,9,0
inter_VP_wallet_g4_s7,0,after:StudentAgent.t_GenerateVP,11,11,9,0
inter_VP_wallet_g4_s7,0,after:StudentAgent.t_ShareVP,11,11,10,0
inter_VP_wallet_g4_s7,0,after:HRAgent.t_ParseVP,11,11,10,0
inter_VP_wallet_g4_s7,0,after:CompetencyNet.t_Agg_Ingest,11,11,10,0
inter_VP_wallet_g4_s7,0,after:WalletNet.t_GenerateVP,11,11,10,0
inter_VP_wallet_g4_s7,0,after:HRAgent.t_SemanticMatch,11,11,10,0
inter_VP_wallet_g4_s7,0,after:HRAgent.t_GapAnalysis,11,11,10,0
inter_VP_wallet_g4_s7,0,after:HRAgent.t_GenerateResult,11,11,10,0
inter_VP_wallet_g4_s7,0,after:WalletNet.t_ShareVP,11,11,10,0
inter_VP_wallet_g4_s7,0,terminal,11,11,10,0
inter_VP_wallet_g5_s5,0,creation,9,9,1,0
inter_VP_wallet_g5_s5,0,after:StudentAgent.t_SubmitEvidence,10,10,4,0
inter_VP_wallet_g5_s5,0,after:EvidenceNet.t_LMS_Submit,10,10,4,0
inter_VP_wallet_g5_s5,0,after:EvidenceNet.t_Review_Request,10,10,4,0
inter_VP_wallet_g5_s5,0,after:ProfessorAgent.t_StartReview,10,10,4,0
inter_VP_wallet_g5_s5,0,after:ProfessorAgent.t_AssessEvidence,10,10,4,0
inter_VP_wallet_g5_s5,0,after:ProfessorAgent.t_ApproveEvidence,10,10,5,0
inter_VP_wallet_g5_s5,0,after:UniversityAgent.t_VerifyEvidence,10,10,5,0
inter_VP_wallet_g5_s5,0,after:UniversityAgent.t_RequestCredential,11,11,7,0
inter_VP_wallet_g5_s5,0,after:CompetencyNet.t_Verification_Pass,11,11,7,0
inter_VP_wallet_g5_s5,0,after:UniversityAgent.t_IssueCredential,11,11,8,0
inter_VP_wallet_g5_s5,0,after:StudentAgent.t_WaitCredential,11,11,8,0
inter_VP_wallet_g5_s5,0,after:StudentAgent.t_ReceiveCredential,11,11,8,0
inter_VP_wallet_g5_s5,0,after:StudentAgent.t_AcceptCredential,11,11,9,0
inter_VP_wallet_g5_s5,0,after:HEDULedgerNet.t_Order,11,11,9,0
inter_VP_wallet_g5_s5,0,after:HEDULedgerNet.t_Validate,11,11,9,0
inter_VP_wallet_g5_s5,0,after:HEDULedgerNet.t_Commit,11,11,9,0
inter_VP_wallet_g5_s5,0,after:HEDULedgerNet.t_Anchor,11,11,9,0
inter_VP_wallet_g5_s5,0,after:StudentAgent.t_GenerateVP,11,11,9,0
inter_VP_wallet_g5_s5,0,after:StudentAgent.t_ShareVP,11,11,10,0
inter_VP_wallet_g5_s5,0,after:HRAgent.t_ParseVP,11,11,10,0
inter_VP_wallet_g5_s5,0,after:CompetencyNet.t_Agg_Ingest,11,11,10,0
inter_VP_wallet_g5_s5,0,after:HRAgent.t_SemanticMatch,11,11,10,0
inter_VP_wallet_g5_s5,0,after:WalletNet.t_GenerateVP,11,11,10,0
inter_VP_wallet_g5_s5,0,after:WalletNet.t_ShareVP,11,11,10,0
inter_VP_wallet_g5_s5,0,after:HRAgent.t_GapAnalysis,11,11,10,0
inter_VP_wallet_g5_s5,0,after:HRAgent.t_GenerateResult,11,11,10,0
inter_VP_wallet_g5_s5,0,terminal,11,11,10,0
inter_VP_wallet_g5_s6,0,creation,9,9,1,0
inter_VP_wallet_g5_s6,0,after:StudentAgent.t_SubmitEvidence,10,10,4,0
inter_VP_wallet_g5_s6,0,after:EvidenceNet.t_LMS_Submit,10,10,4,0
inter_VP_wallet_g5_s6,0,after:EvidenceNet.t_Review_Request,10,10,4,0
inter_VP_wallet_g5_s6,0,after:ProfessorAgent.t_StartReview,10,10,4,0
inter_VP_wallet_g5_s6,0,after:ProfessorAgent.t_AssessEvidence,10,10,4,0
inter_VP_wallet_g5_s6,0,after:ProfessorAgent.t_ApproveEvidence,10,10,5,0
inter_VP_wallet_g5_s6,0,after:UniversityAgent.t_VerifyEvidence,10,10,5,0
inter_VP_wallet_g5_s6,0,after:UniversityAgent.t_RequestCredential,11,11,7,0
inter_VP_wallet_g5_s6,0,after:CompetencyNet.t_Verification_Pass,11,11,7,0
inter_VP_wallet_g5_s6,0,after:UniversityAgent.t_IssueCredential,11,11,8,0
inter_VP_wallet_g5_s6,0,after:StudentAgent.t_WaitCredential,11,11,8,0
inter_VP_wallet_g5_s6,0,after:StudentAgent.t_ReceiveCredential,11,11,8,0
inter_VP_wallet_g5_s6,0,after:StudentAgent.t_AcceptCredential,11,11,9,0
inter_VP_wallet_g5_s6,0,after:HEDULedgerNet.t_Order,11,11,9,0
inter_VP_wallet_g5_s6,0,after:HEDULedgerNet.t_Validate,11,11,9,0
inter_VP_wallet_g5_s6,0,after:HEDULedgerNet.t_Commit,11,11,9,0
inter_VP_wallet_g5_s6,0,after:HEDULedgerNet.t_Anchor,11,11,9,0
inter_VP_wallet_g5_s6,0,after:StudentAgent.t_GenerateVP,11,11,9,0
inter_VP_wallet_g5_s6,0,after:StudentAgent.t_ShareVP,11,11,10,0
inter_VP_wallet_g5_s6,0,after:HRAgent.t_ParseVP,11,11,10,0
inter_VP_wallet_g5_s6,0,after:CompetencyNet.t_Agg_Ingest,11,11,10,0
inter_VP_wallet_g5_s6,0,after:HRAgent.t_SemanticMatch,11,11,10,0
inter_VP_wallet_g5_s6,0,after:WalletNet.t_GenerateVP,11,11,10,0
inter_VP_wallet_g5_s6,0,after:HRAgent.t_GapAnalysis,11,11,10,0
inter_VP_wallet_g5_s6,0,after:WalletNet.t_ShareVP,11,11,10,0
inter_VP_wallet_g5_s6,0,after:HRAgent.t_GenerateResult,11,11,10,0
inter_VP_wallet_g5_s6,0,terminal,11,11,10,0
inter_VP_wallet_g5_s7,0,creation,9,9,1,0
inter_VP_wallet_g5_s7,0,after:StudentAgent.t_SubmitEvidence,10,10,4,0
inter_VP_wallet_g5_s7,0,after:EvidenceNet.t_LMS_Submit,10,10,4,0
inter_VP_wallet_g5_s7,0,after:EvidenceNet.t_Review_Request,10,10,4,0
inter_VP_wallet_g5_s7,0,after:ProfessorAgent.t_StartReview,10,10,4,0
inter_VP_wallet_g5_s7,0,after:ProfessorAgent.t_AssessEvidence,10,10,4,0
inter_VP_wallet_g5_s7,0,after:ProfessorAgent.t_ApproveEvidence,10,10,5,0
inter_VP_wallet_g5_s7,0,after:UniversityAgent.t_VerifyEvidence,10,10,5,0
inter_VP_wallet_g5_s7,0,after:UniversityAgent.t_RequestCredential,11,11,7,0
inter_VP_wallet_g5_s7,0,after:CompetencyNet.t_Verification_Pass,11,11,7,0
inter_VP_wallet_g5_s7,0,after:UniversityAgent.t_IssueCredential,11,11,8,0
inter_VP_wallet_g5_s7,0,after:StudentAgent.t_WaitCredential,11,11,8,0
inter_VP_wallet_g5_s7,0,after:StudentAgent.t_ReceiveCredential,11,11,8,0
inter_VP_wallet_g5_s7,0,after:StudentAgent.t_AcceptCredential,11,11,9,0
inter_VP_wallet_g5_s7,0,after:HEDULedgerNet.t_Order,11,11,9,0
inter_VP_wallet_g5_s7,0,after:HEDULedgerNet.t_Validate,11,11,9,0
inter_VP_wallet_g5_s7,0,after:HEDULedgerNet.t_Commit,11,11,9,0
inter_VP_wallet_g5_s7,0,after:HEDULedgerNet.t_Anchor,11,11,9,0
inter_VP_wallet_g5_s7,0,after:StudentAgent.t_GenerateVP,11,11,9,0
inter_VP_wallet_g5_s7,0,after:StudentAgent.t_ShareVP,11,11,10,0
inter_VP_wallet_g5_s7,0,after:HRAgent.t_ParseVP,11,11,10,0
inter_VP_wallet_g5_s7,0,after:CompetencyNet.t_Agg_Ingest,11,11,10,0
inter_VP_wallet_g5_s7,0,after:HRAgent.t_SemanticMatch,11,11,10,0
inter_VP_wallet_g5_s7,0,after:WalletNet.t_GenerateVP,11,11,10,0
inter_VP_wallet_g5_s7,0,after:HRAgent.t_GapAnalysis,11,11,10,0
inter_VP_wallet_g5_s7,0,after:HRAgent.t_GenerateResult,11,11,10,0
inter_VP_wallet_g5_s7,0,after:WalletNet.t_ShareVP,11,11,10,0
inter_VP_wallet_g5_s7,0,terminal,11,11,10,0
inter_VP_wallet_g6_s6,0,creation,9,9,1,0
inter_VP_wallet_g6_s6,0,after:StudentAgent.t_SubmitEvidence,10,10,4,0
inter_VP_wallet_g6_s6,0,after:EvidenceNet.t_LMS_Submit,10,10,4,0
inter_VP_wallet_g6_s6,0,after:EvidenceNet.t_Review_Request,10,10,4,0
inter_VP_wallet_g6_s6,0,after:ProfessorAgent.t_StartReview,10,10,4,0
inter_VP_wallet_g6_s6,0,after:ProfessorAgent.t_AssessEvidence,10,10,4,0
inter_VP_wallet_g6_s6,0,after:ProfessorAgent.t_ApproveEvidence,10,10,5,0
inter_VP_wallet_g6_s6,0,after:UniversityAgent.t_VerifyEvidence,10,10,5,0
inter_VP_wallet_g6_s6,0,after:UniversityAgent.t_RequestCredential,11,11,7,0
inter_VP_wallet_g6_s6,0,after:CompetencyNet.t_Verification_Pass,11,11,7,0
inter_VP_wallet_g6_s6,0,after:UniversityAgent.t_IssueCredential,11,11,8,0
inter_VP_wallet_g6_s6,0,after:StudentAgent.t_WaitCredential,11,11,8,0
inter_VP_wallet_g6_s6,0,after:StudentAgent.t_ReceiveCredential,11,11,8,0
inter_VP_wallet_g6_s6,0,after:StudentAgent.t_AcceptCredential,11,11,9,0
inter_VP_wallet_g6_s6,0,after:HEDULedgerNet.t_Order,11,11,9,0
inter_VP_wallet_g6_s6,0,after:HEDULedgerNet.t_Validate,11,11,9,0
inter_VP_wallet_g6_s6,0,after:HEDULedgerNet.t_Commit,11,11,9,0
inter_VP_wallet_g6_s6,0,after:HEDULedgerNet.t_Anchor,11,11,9,0
inter_VP_wallet_g6_s6,0,after:StudentAgent.t_GenerateVP,11,11,9,0
inter_VP_wallet_g6_s6,0,after:StudentAgent.t_ShareVP,11,11,10,0
inter_VP_wallet_g6_s6,0,after:HRAgent.t_ParseVP,11,11,10,0
inter_VP_wallet_g6_s6,0,after:CompetencyNet.t_Agg_Ingest,11,11,10,0
inter_VP_wallet_g6_s6,0,after:HRAgent.t_SemanticMatch,11,11,10,0
inter_VP_wallet_g6_s6,0,after:HRAgent.t_GapAnalysis,11,11,10,0
inter_VP_wallet_g6_s6,0,after:WalletNet.t_GenerateVP,11,11,10,0
inter_VP_wallet_g6_s6,0,after:WalletNet.t_ShareVP,11,11,10,0
inter_VP_wallet_g6_s6,0,after:HRAgent.t_GenerateResult,11,11,10,0
inter_VP_wallet_g6_s6,0,terminal,11,11,10,0
inter_VP_wallet_g6_s7,0,creation,9,9,1,0
inter_VP_wallet_g6_s7,0,after:StudentAgent.t_SubmitEvidence,10,10,4,0
inter_VP_wallet_g6_s7,0,after:EvidenceNet.t_LMS_Submit,10,10,4,0
inter_VP_wallet_g6_s7,0,after:EvidenceNet.t_Review_Request,10,10,4,0
inter_VP_wallet_g6_s7,0,after:ProfessorAgent.t_StartReview,10,10,4,0
inter_VP_wallet_g6_s7,0,after:ProfessorAgent.t_AssessEvidence,10,10,4,0
inter_VP_wallet_g6_s7,0,after:ProfessorAgent.t_ApproveEvidence,10,10,5,0
inter_VP_wallet_g6_s7,0,after:UniversityAgent.t_VerifyEvidence,10,10,5,0
inter_VP_wallet_g6_s7,0,after:UniversityAgent.t_RequestCredential,11,11,7,0
inter_VP_wallet_g6_s7,0,after:CompetencyNet.t_Verification_Pass,11,11,7,0
inter_VP_wallet_g6_s7,0,after:UniversityAgent.t_IssueCredential,11,11,8,0
inter_VP_wallet_g6_s7,0,after:StudentAgent.t_WaitCredential,11,11,8,0
inter_VP_wallet_g6_s7,0,after:StudentAgent.t_ReceiveCredential,11,11,8,0
inter_VP_wallet_g6_s7,0,after:StudentAgent.t_AcceptCredential,11,11,9,0
inter_VP_wallet_g6_s7,0,after:HEDULedgerNet.t_Order,11,11,9,0
inter_VP_wallet_g6_s7,0,after:HEDULedgerNet.t_Validate,11,11,9,0
inter_VP_wallet_g6_s7,0,after:HEDULedgerNet.t_Commit,11,11,9,0
inter_VP_wallet_g6_s7,0,after:HEDULedgerNet.t_Anchor,11,11,9,0
inter_VP_wallet_g6_s7,0,after:StudentAgent.t_GenerateVP,11,11,9,0
inter_VP_wallet_g6_s7,0,after:StudentAgent.t_ShareVP,11,11,10,0
inter_VP_wallet_g6_s7,0,after:HRAgent.t_ParseVP,11,11,10,0
inter_VP_wallet_g6_s7,0,after:CompetencyNet.t_Agg_Ingest,11,11,10,0
inter_VP_wallet_g6_s7,0,after:HRAgent.t_SemanticMatch,11,11,10,0
inter_VP_wallet_g6_s7,0,after:HRAgent.t_GapAnalysis,11,11,10,0
inter_VP_wallet_g6_s7,0,after:WalletNet.t_GenerateVP,11,11,10,0
inter_VP_wallet_g6_s7,0,after:HRAgent.t_GenerateResult,11,11,10,0
inter_VP_wallet_g6_s7,0,after:WalletNet.t_ShareVP,11,11,10,0
inter_VP_wallet_g6_s7,0,terminal,11,11,10,0
inter_VP_wallet_g7_s7,0,creation,9,9,1,0
inter_VP_wallet_g7_s7,0,after:StudentAgent.t_SubmitEvidence,10,10,4,0
inter_VP_wallet_g7_s7,0,after:EvidenceNet.t_LMS_Submit,10,10,4,0
inter_VP_wallet_g7_s7,0,after:EvidenceNet.t_Review_Request,10,10,4,0
inter_VP_wallet_g7_s7,0,after:ProfessorAgent.t_StartReview,10,10,4,0
inter_VP_wallet_g7_s7,0,after:ProfessorAgent.t_AssessEvidence,10,10,4,0
inter_VP_wallet_g7_s7,0,after:ProfessorAgent.t_ApproveEvidence,10,10,5,0
inter_VP_wallet_g7_s7,0,after:UniversityAgent.t_VerifyEvidence,10,10,5,0
inter_VP_wallet_g7_s7,0,after:UniversityAgent.t_RequestCredential,11,11,7,0
inter_VP_wallet_g7_s7,0,after:CompetencyNet.t_Verification_Pass,11,11,7,0
inter_VP_wallet_g7_s7,0,after:UniversityAgent.t_IssueCredential,11,11,8,0
inter_VP_wallet_g7_s7,0,after:StudentAgent.t_WaitCredential,11,11,8,0
inter_VP_wallet_g7_s7,0,after:StudentAgent.t_ReceiveCredential,11,11,8,0
inter_VP_wallet_g7_s7,0,after:StudentAgent.t_AcceptCredential,11,11,9,0
inter_VP_wallet_g7_s7,0,after:HEDULedgerNet.t_Order,11,11,9,0
inter_VP_wallet_g7_s7,0,after:HEDULedgerNet.t_Validate,11,11,9,0
inter_VP_wallet_g7_s7,0,after:HEDULedgerNet.t_Commit,11,11,9,0
inter_VP_wallet_g7_s7,0,after:HEDULedgerNet.t_Anchor,11,11,9,0
inter_VP_wallet_g7_s7,0,after:StudentAgent.t_GenerateVP,11,11,9,0
inter_VP_wallet_g7_s7,0,after:StudentAgent.t_ShareVP,11,11,10,0
inter_VP_wallet_g7_s7,0,after:HRAgent.t_ParseVP,11,11,10,0
inter_VP_wallet_g7_s7,0,after:CompetencyNet.t_Agg_Ingest,11,11,10,0
inter_VP_wallet_g7_s7,0,after:HRAgent.t_SemanticMatch,11,11,10,0
inter_VP_wallet_g7_s7,0,after:HRAgent.t_GapAnalysis,11,11,10,0
inter_VP_wallet_g7_s7,0,after:HRAgent.t_GenerateResult,11,11,10,0
inter_VP_wallet_g7_s7,0,after:WalletNet.t_GenerateVP,11,11,10,0
inter_VP_wallet_g7_s7,0,after:WalletNet.t_ShareVP,11,11,10,0
inter_VP_wallet_g7_s7,0,terminal,11,11,10,0
roots1_run01,0,creation,9,9,1,0
roots1_run01,0,after:StudentAgent.t_SubmitEvidence,10,10,4,0
roots1_run01,0,after:EvidenceNet.t_LMS_Submit,10,10,4,0
roots1_run01,0,after:EvidenceNet.t_Review_Request,10,10,4,0
roots1_run01,0,after:ProfessorAgent.t_StartReview,10,10,4,0
roots1_run01,0,after:ProfessorAgent.t_AssessEvidence,10,10,4,0
roots1_run01,0,after:ProfessorAgent.t_ApproveEvidence,10,10,5,0
roots1_run01,0,after:UniversityAgent.t_VerifyEvidence,10,10,5,0
roots1_run01,0,after:UniversityAgent.t_RequestCredential,11,11,7,0
roots1_run01,0,after:CompetencyNet.t_Verification_Pass,11,11,7,0
roots1_run01,0,after:UniversityAgent.t_IssueCredential,11,11,8,0
roots1_run01,0,after:StudentAgent.t_WaitCredential,11,11,8,0
roots1_run01,0,after:StudentAgent.t_ReceiveCredential,11,11,8,0
roots1_run01,0,after:StudentAgent.t_AcceptCredential,11,11,9,0
roots1_run01,0,after:HEDULedgerNet.t_Order,11,11,9,0
roots1_run01,0,after:HEDULedgerNet.t_Validate,11,11,9,0
roots1_run01,0,after:HEDULedgerNet.t_Commit,11,11,9,0
roots1_run01,0,after:HEDULedgerNet.t_Anchor,11,11,9,0
roots1_run01,0,after:StudentAgent.t_GenerateVP,11,11,9,0
roots1_run01,0,after:StudentAgent.t_ShareVP,11,11,10,0
roots1_run01,0,after:HRAgent.t_ParseVP,11,11,10,0
roots1_run01,0,after:CompetencyNet.t_Agg_Ingest,11,11,10,0
roots1_run01,0,after:HRAgent.t_SemanticMatch,11,11,10,0
roots1_run01,0,after:HRAgent.t_GapAnalysis,11,11,10,0
roots1_run01,0,after:HRAgent.t_GenerateResult,11,11,10,0
roots1_run01,0,after:WalletNet.t_GenerateVP,11,11,10,0
roots1_run01,0,after:WalletNet.t_ShareVP,11,11,10,0
roots1_run01,0,terminal,11,11,10,0
roots1_run02,0,creation,9,9,1,0
roots1_run02,0,after:StudentAgent.t_SubmitEvidence,10,10,4,0
roots1_run02,0,after:EvidenceNet.t_LMS_Submit,10,10,4,0
roots1_run02,0,after:EvidenceNet.t_Review_Request,10,10,4,0
roots1_run02,0,after:ProfessorAgent.t_StartReview,10,10,4,0
roots1_run02,0,after:ProfessorAgent.t_AssessEvidence,10,10,4,0
roots1_run02,0,after:ProfessorAgent.t_ApproveEvidence,10,10,5,0
roots1_run02,0,after:UniversityAgent.t_VerifyEvidence,10,10,5,0
roots1_run02,0,after:UniversityAgent.t_RequestCredential,11,11,7,0
roots1_run02,0,after:CompetencyNet.t_Verification_Pass,11,11,7,0
roots1_run02,0,after:UniversityAgent.t_IssueCredential,11,11,8,0
roots1_run02,0,after:StudentAgent.t_WaitCredential,11,11,8,0
roots1_run02,0,after:StudentAgent.t_ReceiveCredential,11,11,8,0
roots1_run02,0,after:StudentAgent.t_AcceptCredential,11,11,9,0
roots1_run02,0,after:HEDULedgerNet.t_Order,11,11,9,0
roots1_run02,0,after:HEDULedgerNet.t_Validate,11,11,9,0
roots1_run02,0,after:HEDULedgerNet.t_Commit,11,11,9,0
roots1_run02,0,after:HEDULedgerNet.t_Anchor,11,11,9,0
roots1_run02,0,after:StudentAgent.t_GenerateVP,11,11,9,0
roots1_run02,0,after:StudentAgent.t_ShareVP,11,11,10,0
roots1_run02,0,after:HRAgent.t_ParseVP,11,11,10,0
roots1_run02,0,after:CompetencyNet.t_Agg_Ingest,11,11,10,0
roots1_run02,0,after:HRAgent.t_SemanticMatch,11,11,10,0
roots1_run02,0,after:HRAgent.t_GapAnalysis,11,11,10,0
roots1_run02,0,after:HRAgent.t_GenerateResult,11,11,10,0
roots1_run02,0,after:WalletNet.t_GenerateVP,11,11,10,0
roots1_run02,0,after:WalletNet.t_ShareVP,11,11,10,0
roots1_run02,0,terminal,11,11,10,0
roots1_run03,0,creation,9,9,1,0
roots1_run03,0,after:StudentAgent.t_SubmitEvidence,10,10,4,0
roots1_run03,0,after:EvidenceNet.t_LMS_Submit,10,10,4,0
roots1_run03,0,after:EvidenceNet.t_Review_Request,10,10,4,0
roots1_run03,0,after:ProfessorAgent.t_StartReview,10,10,4,0
roots1_run03,0,after:ProfessorAgent.t_AssessEvidence,10,10,4,0
roots1_run03,0,after:ProfessorAgent.t_ApproveEvidence,10,10,5,0
roots1_run03,0,after:UniversityAgent.t_VerifyEvidence,10,10,5,0
roots1_run03,0,after:UniversityAgent.t_RequestCredential,11,11,7,0
roots1_run03,0,after:CompetencyNet.t_Verification_Pass,11,11,7,0
roots1_run03,0,after:UniversityAgent.t_IssueCredential,11,11,8,0
roots1_run03,0,after:StudentAgent.t_WaitCredential,11,11,8,0
roots1_run03,0,after:StudentAgent.t_ReceiveCredential,11,11,8,0
roots1_run03,0,after:StudentAgent.t_AcceptCredential,11,11,9,0
roots1_run03,0,after:HEDULedgerNet.t_Order,11,11,9,0
roots1_run03,0,after:HEDULedgerNet.t_Validate,11,11,9,0
roots1_run03,0,after:HEDULedgerNet.t_Commit,11,11,9,0
roots1_run03,0,after:HEDULedgerNet.t_Anchor,11,11,9,0
roots1_run03,0,after:StudentAgent.t_GenerateVP,11,11,9,0
roots1_run03,0,after:StudentAgent.t_ShareVP,11,11,10,0
roots1_run03,0,after:HRAgent.t_ParseVP,11,11,10,0
roots1_run03,0,after:CompetencyNet.t_Agg_Ingest,11,11,10,0
roots1_run03,0,after:HRAgent.t_SemanticMatch,11,11,10,0
roots1_run03,0,after:HRAgent.t_GapAnalysis,11,11,10,0
roots1_run03,0,after:HRAgent.t_GenerateResult,11,11,10,0
roots1_run03,0,after:WalletNet.t_GenerateVP,11,11,10,0
roots1_run03,0,after:WalletNet.t_ShareVP,11,11,10,0
roots1_run03,0,terminal,11,11,10,0
roots1_run04,0,creation,9,9,1,0
roots1_run04,0,after:StudentAgent.t_SubmitEvidence,10,10,4,0
roots1_run04,0,after:EvidenceNet.t_LMS_Submit,10,10,4,0
roots1_run04,0,after:EvidenceNet.t_Review_Request,10,10,4,0
roots1_run04,0,after:ProfessorAgent.t_StartReview,10,10,4,0
roots1_run04,0,after:ProfessorAgent.t_AssessEvidence,10,10,4,0
roots1_run04,0,after:ProfessorAgent.t_ApproveEvidence,10,10,5,0
roots1_run04,0,after:UniversityAgent.t_VerifyEvidence,10,10,5,0
roots1_run04,0,after:UniversityAgent.t_RequestCredential,11,11,7,0
roots1_run04,0,after:CompetencyNet.t_Verification_Pass,11,11,7,0
roots1_run04,0,after:UniversityAgent.t_IssueCredential,11,11,8,0
roots1_run04,0,after:StudentAgent.t_WaitCredential,11,11,8,0
roots1_run04,0,after:StudentAgent.t_ReceiveCredential,11,11,8,0
roots1_run04,0,after:StudentAgent.t_AcceptCredential,11,11,9,0
roots1_run04,0,after:HEDULedgerNet.t_Order,11,11,9,0
roots1_run04,0,after:HEDULedgerNet.t_Validate,11,11,9,0
roots1_run04,0,after:HEDULedgerNet.t_Commit,11,11,9,0
roots1_run04,0,after:HEDULedgerNet.t_Anchor,11,11,9,0
roots1_run04,0,after:StudentAgent.t_GenerateVP,11,11,9,0
roots1_run04,0,after:StudentAgent.t_ShareVP,11,11,10,0
roots1_run04,0,after:HRAgent.t_ParseVP,11,11,10,0
roots1_run04,0,after:CompetencyNet.t_Agg_Ingest,11,11,10,0
roots1_run04,0,after:HRAgent.t_SemanticMatch,11,11,10,0
roots1_run04,0,after:HRAgent.t_GapAnalysis,11,11,10,0
roots1_run04,0,after:HRAgent.t_GenerateResult,11,11,10,0
roots1_run04,0,after:WalletNet.t_GenerateVP,11,11,10,0
roots1_run04,0,after:WalletNet.t_ShareVP,11,11,10,0
roots1_run04,0,terminal,11,11,10,0
roots1_run05,0,creation,9,9,1,0
roots1_run05,0,after:StudentAgent.t_SubmitEvidence,10,10,4,0
roots1_run05,0,after:EvidenceNet.t_LMS_Submit,10,10,4,0
roots1_run05,0,after:EvidenceNet.t_Review_Request,10,10,4,0
roots1_run05,0,after:ProfessorAgent.t_StartReview,10,10,4,0
roots1_run05,0,after:ProfessorAgent.t_AssessEvidence,10,10,4,0
roots1_run05,0,after:ProfessorAgent.t_ApproveEvidence,10,10,5,0
roots1_run05,0,after:UniversityAgent.t_VerifyEvidence,10,10,5,0
roots1_run05,0,after:UniversityAgent.t_RequestCredential,11,11,7,0
roots1_run05,0,after:CompetencyNet.t_Verification_Pass,11,11,7,0
roots1_run05,0,after:UniversityAgent.t_IssueCredential,11,11,8,0
roots1_run05,0,after:StudentAgent.t_WaitCredential,11,11,8,0
roots1_run05,0,after:StudentAgent.t_ReceiveCredential,11,11,8,0
roots1_run05,0,after:StudentAgent.t_AcceptCredential,11,11,9,0
roots1_run05,0,after:HEDULedgerNet.t_Order,11,11,9,0
roots1_run05,0,after:HEDULedgerNet.t_Validate,11,11,9,0
roots1_run05,0,after:HEDULedgerNet.t_Commit,11,11,9,0
roots1_run05,0,after:HEDULedgerNet.t_Anchor,11,11,9,0
roots1_run05,0,after:StudentAgent.t_GenerateVP,11,11,9,0
roots1_run05,0,after:StudentAgent.t_ShareVP,11,11,10,0
roots1_run05,0,after:HRAgent.t_ParseVP,11,11,10,0
roots1_run05,0,after:CompetencyNet.t_Agg_Ingest,11,11,10,0
roots1_run05,0,after:HRAgent.t_SemanticMatch,11,11,10,0
roots1_run05,0,after:HRAgent.t_GapAnalysis,11,11,10,0
roots1_run05,0,after:HRAgent.t_GenerateResult,11,11,10,0
roots1_run05,0,after:WalletNet.t_GenerateVP,11,11,10,0
roots1_run05,0,after:WalletNet.t_ShareVP,11,11,10,0
roots1_run05,0,terminal,11,11,10,0
roots1_run06,0,creation,9,9,1,0
roots1_run06,0,after:StudentAgent.t_SubmitEvidence,10,10,4,0
roots1_run06,0,after:EvidenceNet.t_LMS_Submit,10,10,4,0
roots1_run06,0,after:EvidenceNet.t_Review_Request,10,10,4,0
roots1_run06,0,after:ProfessorAgent.t_StartReview,10,10,4,0
roots1_run06,0,after:ProfessorAgent.t_AssessEvidence,10,10,4,0
roots1_run06,0,after:ProfessorAgent.t_ApproveEvidence,10,10,5,0
roots1_run06,0,after:UniversityAgent.t_VerifyEvidence,10,10,5,0
roots1_run06,0,after:UniversityAgent.t_RequestCredential,11,11,7,0
roots1_run06,0,after:CompetencyNet.t_Verification_Pass,11,11,7,0
roots1_run06,0,after:UniversityAgent.t_IssueCredential,11,11,8,0
roots1_run06,0,after:StudentAgent.t_WaitCredential,11,11,8,0
roots1_run06,0,after:StudentAgent.t_ReceiveCredential,11,11,8,0
roots1_run06,0,after:StudentAgent.t_AcceptCredential,11,11,9,0
roots1_run06,0,after:HEDULedgerNet.t_Order,11,11,9,0
roots1_run06,0,after:HEDULedgerNet.t_Validate,11,11,9,0
roots1_run06,0,after:HEDULedgerNet.t_Commit,11,11,9,0
roots1_run06,0,after:HEDULedgerNet.t_Anchor,11,11,9,0
roots1_run06,0,after:StudentAgent.t_GenerateVP,11,11,9,0
roots1_run06,0,after:StudentAgent.t_ShareVP,11,11,10,0
roots1_run06,0,after:HRAgent.t_ParseVP,11,11,10,0
roots1_run06,0,after:CompetencyNet.t_Agg_Ingest,11,11,10,0
roots1_run06,0,after:HRAgent.t_SemanticMatch,11,11,10,0
roots1_run06,0,after:HRAgent.t_GapAnalysis,11,11,10,0
roots1_run06,0,after:HRAgent.t_GenerateResult,11,11,10,0
roots1_run06,0,after:WalletNet.t_GenerateVP,11,11,10,0
roots1_run06,0,after:WalletNet.t_ShareVP,11,11,10,0
roots1_run06,0,terminal,11,11,10,0
roots1_run07,0,creation,9,9,1,0
roots1_run07,0,after:StudentAgent.t_SubmitEvidence,10,10,4,0
roots1_run07,0,after:EvidenceNet.t_LMS_Submit,10,10,4,0
roots1_run07,0,after:EvidenceNet.t_Review_Request,10,10,4,0
roots1_run07,0,after:ProfessorAgent.t_StartReview,10,10,4,0
roots1_run07,0,after:ProfessorAgent.t_AssessEvidence,10,10,4,0
roots1_run07,0,after:ProfessorAgent.t_ApproveEvidence,10,10,5,0
roots1_run07,0,after:UniversityAgent.t_VerifyEvidence,10,10,5,0
roots1_run07,0,after:UniversityAgent.t_RequestCredential,11,11,7,0
roots1_run07,0,after:CompetencyNet.t_Verification_Pass,11,11,7,0
roots1_run07,0,after:UniversityAgent.t_IssueCredential,11,11,8,0
roots1_run07,0,after:StudentAgent.t_WaitCredential,11,11,8,0
roots1_run07,0,after:StudentAgent.t_ReceiveCredential,11,11,8,0
roots1_run07,0,after:StudentAgent.t_AcceptCredential,11,11,9,0
roots1_run07,0,after:HEDULedgerNet.t_Order,11,11,9,0
roots1_run07,0,after:HEDULedgerNet.t_Validate,11,11,9,0
roots1_run07,0,after:HEDULedgerNet.t_Commit,11,11,9,0
roots1_run07,0,after:HEDULedgerNet.t_Anchor,11,11,9,0
roots1_run07,0,after:StudentAgent.t_GenerateVP,11,11,9,0
roots1_run07,0,after:StudentAgent.t_ShareVP,11,11,10,0
roots1_run07,0,after:HRAgent.t_ParseVP,11,11,10,0
roots1_run07,0,after:CompetencyNet.t_Agg_Ingest,11,11,10,0
roots1_run07,0,after:HRAgent.t_SemanticMatch,11,11,10,0
roots1_run07,0,after:HRAgent.t_GapAnalysis,11,11,10,0
roots1_run07,0,after:HRAgent.t_GenerateResult,11,11,10,0
roots1_run07,0,after:WalletNet.t_GenerateVP,11,11,10,0
roots1_run07,0,after:WalletNet.t_ShareVP,11,11,10,0
roots1_run07,0,terminal,11,11,10,0
roots1_run08,0,creation,9,9,1,0
roots1_run08,0,after:StudentAgent.t_SubmitEvidence,10,10,4,0
roots1_run08,0,after:EvidenceNet.t_LMS_Submit,10,10,4,0
roots1_run08,0,after:EvidenceNet.t_Review_Request,10,10,4,0
roots1_run08,0,after:ProfessorAgent.t_StartReview,10,10,4,0
roots1_run08,0,after:ProfessorAgent.t_AssessEvidence,10,10,4,0
roots1_run08,0,after:ProfessorAgent.t_ApproveEvidence,10,10,5,0
roots1_run08,0,after:UniversityAgent.t_VerifyEvidence,10,10,5,0
roots1_run08,0,after:UniversityAgent.t_RequestCredential,11,11,7,0
roots1_run08,0,after:CompetencyNet.t_Verification_Pass,11,11,7,0
roots1_run08,0,after:UniversityAgent.t_IssueCredential,11,11,8,0
roots1_run08,0,after:StudentAgent.t_WaitCredential,11,11,8,0
roots1_run08,0,after:StudentAgent.t_ReceiveCredential,11,11,8,0
roots1_run08,0,after:StudentAgent.t_AcceptCredential,11,11,9,0
roots1_run08,0,after:HEDULedgerNet.t_Order,11,11,9,0
roots1_run08,0,after:HEDULedgerNet.t_Validate,11,11,9,0
roots1_run08,0,after:HEDULedgerNet.t_Commit,11,11,9,0
roots1_run08,0,after:HEDULedgerNet.t_Anchor,11,11,9,0
roots1_run08,0,after:StudentAgent.t_GenerateVP,11,11,9,0
roots1_run08,0,after:StudentAgent.t_ShareVP,11,11,10,0
roots1_run08,0,after:HRAgent.t_ParseVP,11,11,10,0
roots1_run08,0,after:CompetencyNet.t_Agg_Ingest,11,11,10,0
roots1_run08,0,after:HRAgent.t_SemanticMatch,11,11,10,0
roots1_run08,0,after:HRAgent.t_GapAnalysis,11,11,10,0
roots1_run08,0,after:HRAgent.t_GenerateResult,11,11,10,0
roots1_run08,0,after:WalletNet.t_GenerateVP,11,11,10,0
roots1_run08,0,after:WalletNet.t_ShareVP,11,11,10,0
roots1_run08,0,terminal,11,11,10,0
roots1_run09,0,creation,9,9,1,0
roots1_run09,0,after:StudentAgent.t_SubmitEvidence,10,10,4,0
roots1_run09,0,after:EvidenceNet.t_LMS_Submit,10,10,4,0
roots1_run09,0,after:EvidenceNet.t_Review_Request,10,10,4,0
roots1_run09,0,after:ProfessorAgent.t_StartReview,10,10,4,0
roots1_run09,0,after:ProfessorAgent.t_AssessEvidence,10,10,4,0
roots1_run09,0,after:ProfessorAgent.t_ApproveEvidence,10,10,5,0
roots1_run09,0,after:UniversityAgent.t_VerifyEvidence,10,10,5,0
roots1_run09,0,after:UniversityAgent.t_RequestCredential,11,11,7,0
roots1_run09,0,after:CompetencyNet.t_Verification_Pass,11,11,7,0
roots1_run09,0,after:UniversityAgent.t_IssueCredential,11,11,8,0
roots1_run09,0,after:StudentAgent.t_WaitCredential,11,11,8,0
roots1_run09,0,after:StudentAgent.t_ReceiveCredential,11,11,8,0
roots1_run09,0,after:StudentAgent.t_AcceptCredential,11,11,9,0
roots1_run09,0,after:HEDULedgerNet.t_Order,11,11,9,0
roots1_run09,0,after:HEDULedgerNet.t_Validate,11,11,9,0
roots1_run09,0,after:HEDULedgerNet.t_Commit,11,11,9,0
roots1_run09,0,after:HEDULedgerNet.t_Anchor,11,11,9,0
roots1_run09,0,after:StudentAgent.t_GenerateVP,11,11,9,0
roots1_run09,0,after:StudentAgent.t_ShareVP,11,11,10,0
roots1_run09,0,after:HRAgent.t_ParseVP,11,11,10,0
roots1_run09,0,after:CompetencyNet.t_Agg_Ingest,11,11,10,0
roots1_run09,0,after:HRAgent.t_SemanticMatch,11,11,10,0
roots1_run09,0,after:HRAgent.t_GapAnalysis,11,11,10,0
roots1_run09,0,after:HRAgent.t_GenerateResult,11,11,10,0
roots1_run09,0,after:WalletNet.t_GenerateVP,11,11,10,0
roots1_run09,0,after:WalletNet.t_ShareVP,11,11,10,0
roots1_run09,0,terminal,11,11,10,0
roots1_run10,0,creation,9,9,1,0
roots1_run10,0,after:StudentAgent.t_SubmitEvidence,10,10,4,0
roots1_run10,0,after:EvidenceNet.t_LMS_Submit,10,10,4,0
roots1_run10,0,after:EvidenceNet.t_Review_Request,10,10,4,0
roots1_run10,0,after:ProfessorAgent.t_StartReview,10,10,4,0
roots1_run10,0,after:ProfessorAgent.t_AssessEvidence,10,10,4,0
roots1_run10,0,after:ProfessorAgent.t_ApproveEvidence,10,10,5,0
roots1_run10,0,after:UniversityAgent.t_VerifyEvidence,10,10,5,0
roots1_run10,0,after:UniversityAgent.t_RequestCredential,11,11,7,0
roots1_run10,0,after:CompetencyNet.t_Verification_Pass,11,11,7,0
roots1_run10,0,after:UniversityAgent.t_IssueCredential,11,11,8,0
roots1_run10,0,after:StudentAgent.t_WaitCredential,11,11,8,0
roots1_run10,0,after:StudentAgent.t_ReceiveCredential,11,11,8,0
roots1_run10,0,after:StudentAgent.t_AcceptCredential,11,11,9,0
roots1_run10,0,after:HEDULedgerNet.t_Order,11,11,9,0
roots1_run10,0,after:HEDULedgerNet.t_Validate,11,11,9,0
roots1_run10,0,after:HEDULedgerNet.t_Commit,11,11,9,0
roots1_run10,0,after:HEDULedgerNet.t_Anchor,11,11,9,0
roots1_run10,0,after:StudentAgent.t_GenerateVP,11,11,9,0
roots1_run10,0,after:StudentAgent.t_ShareVP,11,11,10,0
roots1_run10,0,after:HRAgent.t_ParseVP,11,11,10,0
roots1_run10,0,after:CompetencyNet.t_Agg_Ingest,11,11,10,0
roots1_run10,0,after:HRAgent.t_SemanticMatch,11,11,10,0
roots1_run10,0,after:HRAgent.t_GapAnalysis,11,11,10,0
roots1_run10,0,after:HRAgent.t_GenerateResult,11,11,10,0
roots1_run10,0,after:WalletNet.t_GenerateVP,11,11,10,0
roots1_run10,0,after:WalletNet.t_ShareVP,11,11,10,0
roots1_run10,0,terminal,11,11,10,0
roots2_run01,0,creation,9,9,1,0
roots2_run01,1,creation,9,9,1,0
roots2_run01,0,after:StudentAgent.t_SubmitEvidence,10,10,4,0
roots2_run01,1,after:StudentAgent.t_SubmitEvidence,10,10,4,0
roots2_run01,0,after:EvidenceNet.t_LMS_Submit,10,10,4,0
roots2_run01,1,after:EvidenceNet.t_LMS_Submit,10,10,4,0
roots2_run01,0,after:EvidenceNet.t_Review_Request,10,10,4,0
roots2_run01,1,after:EvidenceNet.t_Review_Request,10,10,4,0
roots2_run01,0,after:ProfessorAgent.t_StartReview,10,10,4,0
roots2_run01,1,after:ProfessorAgent.t_StartReview,10,10,4,0
roots2_run01,0,after:ProfessorAgent.t_AssessEvidence,10,10,4,0
roots2_run01,1,after:ProfessorAgent.t_AssessEvidence,10,10,4,0
roots2_run01,0,after:ProfessorAgent.t_ApproveEvidence,10,10,5,0
roots2_run01,1,after:ProfessorAgent.t_ApproveEvidence,10,10,5,0
roots2_run01,0,after:UniversityAgent.t_VerifyEvidence,10,10,5,0
roots2_run01,1,after:UniversityAgent.t_VerifyEvidence,10,10,5,0
roots2_run01,0,after:UniversityAgent.t_RequestCredential,11,11,7,0
roots2_run01,1,after:UniversityAgent.t_RequestCredential,11,11,7,0
roots2_run01,0,after:CompetencyNet.t_Verification_Pass,11,11,7,0
roots2_run01,1,after:CompetencyNet.t_Verification_Pass,11,11,7,0
roots2_run01,0,after:UniversityAgent.t_IssueCredential,11,11,8,0
roots2_run01,1,after:UniversityAgent.t_IssueCredential,11,11,8,0
roots2_run01,0,after:StudentAgent.t_WaitCredential,11,11,8,0
roots2_run01,1,after:StudentAgent.t_WaitCredential,11,11,8,0
roots2_run01,0,after:StudentAgent.t_ReceiveCredential,11,11,8,0
roots2_run01,1,after:StudentAgent.t_ReceiveCredential,11,11,8,0
roots2_run01,0,after:StudentAgent.t_AcceptCredential,11,11,9,0
roots2_run01,1,after:StudentAgent.t_AcceptCredential,11,11,9,0
roots2_run01,0,after:HEDULedgerNet.t_Order,11,11,9,0
roots2_run01,1,after:HEDULedgerNet.t_Order,11,11,9,0
roots2_run01,0,after:HEDULedgerNet.t_Validate,11,11,9,0
roots2_run01,1,after:HEDULedgerNet.t_Validate,11,11,9,0
roots2_run01,0,after:HEDULedgerNet.t_Commit,11,11,9,0
roots2_run01,1,after:HEDULedgerNet.t_Commit,11,11,9,0
roots2_run01,0,after:HEDULedgerNet.t_Anchor,11,11,9,0
roots2_run01,1,after:HEDULedgerNet.t_Anchor,11,11,9,0
roots2_run01,0,after:StudentAgent.t_GenerateVP,11,11,9,0
roots2_run01,1,after:StudentAgent.t_GenerateVP,11,11,9,0
roots2_run01,0,after:StudentAgent.t_ShareVP,11,11,10,0
roots2_run01,1,after:StudentAgent.t_ShareVP,11,11,10,0
roots2_run01,0,after:HRAgent.t_ParseVP,11,11,10,0
roots2_run01,1,after:HRAgent.t_ParseVP,11,11,10,0
roots2_run01,0,after:CompetencyNet.t_Agg_Ingest,11,11,10,0
roots2_run01,1,after:CompetencyNet.t_Agg_Ingest,11,11,10,0
roots2_run01,0,after:HRAgent.t_SemanticMatch,11,11,10,0
roots2_run01,1,after:HRAgent.t_SemanticMatch,11,11,10,0
roots2_run01,0,after:HRAgent.t_GapAnalysis,11,11,10,0
roots2_run01,1,after:HRAgent.t_GapAnalysis,11,11,10,0
roots2_run01,0,after:HRAgent.t_GenerateResult,11,11,10,0
roots2_run01,1,after:HRAgent.t_GenerateResult,11,11,10,0
roots2_run01,0,after:WalletNet.t_GenerateVP,11,11,10,0
roots2_run01,1,after:WalletNet.t_GenerateVP,11,11,10,0
roots2_run01,0,after:WalletNet.t_ShareVP,11,11,10,0
roots2_run01,1,after:WalletNet.t_ShareVP,11,11,10,0
roots2_run01,0,terminal,11,11,10,0
roots2_run01,1,terminal,11,11,10,0
roots2_run02,0,creation,9,9,1,0
roots2_run02,1,creation,9,9,1,0
roots2_run02,0,after:StudentAgent.t_SubmitEvidence,10,10,4,0
roots2_run02,1,after:StudentAgent.t_SubmitEvidence,10,10,4,0
roots2_run02,0,after:EvidenceNet.t_LMS_Submit,10,10,4,0
roots2_run02,1,after:EvidenceNet.t_LMS_Submit,10,10,4,0
roots2_run02,0,after:EvidenceNet.t_Review_Request,10,10,4,0
roots2_run02,1,after:EvidenceNet.t_Review_Request,10,10,4,0
roots2_run02,0,after:ProfessorAgent.t_StartReview,10,10,4,0
roots2_run02,1,after:ProfessorAgent.t_StartReview,10,10,4,0
roots2_run02,0,after:ProfessorAgent.t_AssessEvidence,10,10,4,0
roots2_run02,1,after:ProfessorAgent.t_AssessEvidence,10,10,4,0
roots2_run02,0,after:ProfessorAgent.t_ApproveEvidence,10,10,5,0
roots2_run02,1,after:ProfessorAgent.t_ApproveEvidence,10,10,5,0
roots2_run02,0,after:UniversityAgent.t_VerifyEvidence,10,10,5,0
roots2_run02,1,after:UniversityAgent.t_VerifyEvidence,10,10,5,0
roots2_run02,0,after:UniversityAgent.t_RequestCredential,11,11,7,0
roots2_run02,1,after:UniversityAgent.t_RequestCredential,11,11,7,0
roots2_run02,0,after:CompetencyNet.t_Verification_Pass,11,11,7,0
roots2_run02,1,after:CompetencyNet.t_Verification_Pass,11,11,7,0
roots2_run02,0,after:UniversityAgent.t_IssueCredential,11,11,8,0
roots2_run02,1,after:UniversityAgent.t_IssueCredential,11,11,8,0
roots2_run02,0,after:StudentAgent.t_WaitCredential,11,11,8,0
roots2_run02,1,after:StudentAgent.t_WaitCredential,11,11,8,0
roots2_run02,0,after:StudentAgent.t_ReceiveCredential,11,11,8,0
roots2_run02,1,after:StudentAgent.t_ReceiveCredential,11,11,8,0
roots2_run02,0,after:StudentAgent.t_AcceptCredential,11,11,9,0
roots2_run02,1,after:StudentAgent.t_AcceptCredential,11,11,9,0
roots2_run02,0,after:HEDULedgerNet.t_Order,11,11,9,0
roots2_run02,1,after:HEDULedgerNet.t_Order,11,11,9,0
roots2_run02,0,after:HEDULedgerNet.t_Validate,11,11,9,0
roots2_run02,1,after:HEDULedgerNet.t_Validate,11,11,9,0
roots2_run02,0,after:HEDULedgerNet.t_Commit,11,11,9,0
roots2_run02,1,after:HEDULedgerNet.t_Commit,11,11,9,0
roots2_run02,0,after:HEDULedgerNet.t_Anchor,11,11,9,0
roots2_run02,1,after:HEDULedgerNet.t_Anchor,11,11,9,0
roots2_run02,0,after:StudentAgent.t_GenerateVP,11,11,9,0
roots2_run02,1,after:StudentAgent.t_GenerateVP,11,11,9,0
roots2_run02,0,after:StudentAgent.t_ShareVP,11,11,10,0
roots2_run02,1,after:StudentAgent.t_ShareVP,11,11,10,0
roots2_run02,0,after:HRAgent.t_ParseVP,11,11,10,0
roots2_run02,1,after:HRAgent.t_ParseVP,11,11,10,0
roots2_run02,0,after:CompetencyNet.t_Agg_Ingest,11,11,10,0
roots2_run02,1,after:CompetencyNet.t_Agg_Ingest,11,11,10,0
roots2_run02,0,after:HRAgent.t_SemanticMatch,11,11,10,0
roots2_run02,1,after:HRAgent.t_SemanticMatch,11,11,10,0
roots2_run02,0,after:HRAgent.t_GapAnalysis,11,11,10,0
roots2_run02,1,after:HRAgent.t_GapAnalysis,11,11,10,0
roots2_run02,0,after:HRAgent.t_GenerateResult,11,11,10,0
roots2_run02,1,after:HRAgent.t_GenerateResult,11,11,10,0
roots2_run02,0,after:WalletNet.t_GenerateVP,11,11,10,0
roots2_run02,1,after:WalletNet.t_GenerateVP,11,11,10,0
roots2_run02,0,after:WalletNet.t_ShareVP,11,11,10,0
roots2_run02,1,after:WalletNet.t_ShareVP,11,11,10,0
roots2_run02,0,terminal,11,11,10,0
roots2_run02,1,terminal,11,11,10,0
roots2_run03,0,creation,9,9,1,0
roots2_run03,1,creation,9,9,1,0
roots2_run03,0,after:StudentAgent.t_SubmitEvidence,10,10,4,0
roots2_run03,1,after:StudentAgent.t_SubmitEvidence,10,10,4,0
roots2_run03,0,after:EvidenceNet.t_LMS_Submit,10,10,4,0
roots2_run03,1,after:EvidenceNet.t_LMS_Submit,10,10,4,0
roots2_run03,0,after:EvidenceNet.t_Review_Request,10,10,4,0
roots2_run03,1,after:EvidenceNet.t_Review_Request,10,10,4,0
roots2_run03,0,after:ProfessorAgent.t_StartReview,10,10,4,0
roots2_run03,1,after:ProfessorAgent.t_StartReview,10,10,4,0
roots2_run03,0,after:ProfessorAgent.t_AssessEvidence,10,10,4,0
roots2_run03,1,after:ProfessorAgent.t_AssessEvidence,10,10,4,0
roots2_run03,0,after:ProfessorAgent.t_ApproveEvidence,10,10,5,0
roots2_run03,1,after:ProfessorAgent.t_ApproveEvidence,10,10,5,0
roots2_run03,0,after:UniversityAgent.t_VerifyEvidence,10,10,5,0
roots2_run03,1,after:UniversityAgent.t_VerifyEvidence,10,10,5,0
roots2_run03,0,after:UniversityAgent.t_RequestCredential,11,11,7,0
roots2_run03,1,after:UniversityAgent.t_RequestCredential,11,11,7,0
roots2_run03,0,after:CompetencyNet.t_Verification_Pass,11,11,7,0
roots2_run03,1,after:CompetencyNet.t_Verification_Pass,11,11,7,0
roots2_run03,0,after:UniversityAgent.t_IssueCredential,11,11,8,0
roots2_run03,1,after:UniversityAgent.t_IssueCredential,11,11,8,0
roots2_run03,0,after:StudentAgent.t_WaitCredential,11,11,8,0
roots2_run03,1,after:StudentAgent.t_WaitCredential,11,11,8,0
roots2_run03,0,after:StudentAgent.t_ReceiveCredential,11,11,8,0
roots2_run03,1,after:StudentAgent.t_ReceiveCredential,11,11,8,0
roots2_run03,0,after:StudentAgent.t_AcceptCredential,11,11,9,0
roots2_run03,1,after:StudentAgent.t_AcceptCredential,11,11,9,0
roots2_run03,0,after:HEDULedgerNet.t_Order,11,11,9,0
roots2_run03,1,after:HEDULedgerNet.t_Order,11,11,9,0
roots2_run03,0,after:HEDULedgerNet.t_Validate,11,11,9,0
roots2_run03,1,after:HEDULedgerNet.t_Validate,11,11,9,0
roots2_run03,0,after:HEDULedgerNet.t_Commit,11,11,9,0
roots2_run03,1,after:HEDULedgerNet.t_Commit,11,11,9,0
roots2_run03,0,after:HEDULedgerNet.t_Anchor,11,11,9,0
roots2_run03,1,after:HEDULedgerNet.t_Anchor,11,11,9,0
roots2_run03,0,after:StudentAgent.t_GenerateVP,11,11,9,0
roots2_run03,1,after:StudentAgent.t_GenerateVP,11,11,9,0
roots2_run03,0,after:StudentAgent.t_ShareVP,11,11,10,0
roots2_run03,1,after:StudentAgent.t_ShareVP,11,11,10,0
roots2_run03,0,after:HRAgent.t_ParseVP,11,11,10,0
roots2_run03,1,after:HRAgent.t_ParseVP,11,11,10,0
roots2_run03,0,after:CompetencyNet.t_Agg_Ingest,11,11,10,0
roots2_run03,1,after:CompetencyNet.t_Agg_Ingest,11,11,10,0
roots2_run03,0,after:HRAgent.t_SemanticMatch,11,11,10,0
roots2_run03,1,after:HRAgent.t_SemanticMatch,11,11,10,0
roots2_run03,0,after:HRAgent.t_GapAnalysis,11,11,10,0
roots2_run03,1,after:HRAgent.t_GapAnalysis,11,11,10,0
roots2_run03,0,after:HRAgent.t_GenerateResult,11,11,10,0
roots2_run03,1,after:HRAgent.t_GenerateResult,11,11,10,0
roots2_run03,0,after:WalletNet.t_GenerateVP,11,11,10,0
roots2_run03,1,after:WalletNet.t_GenerateVP,11,11,10,0
roots2_run03,0,after:WalletNet.t_ShareVP,11,11,10,0
roots2_run03,1,after:WalletNet.t_ShareVP,11,11,10,0
roots2_run03,0,terminal,11,11,10,0
roots2_run03,1,terminal,11,11,10,0
roots2_run04,0,creation,9,9,1,0
roots2_run04,1,creation,9,9,1,0
roots2_run04,0,after:StudentAgent.t_SubmitEvidence,10,10,4,0
roots2_run04,1,after:StudentAgent.t_SubmitEvidence,10,10,4,0
roots2_run04,0,after:EvidenceNet.t_LMS_Submit,10,10,4,0
roots2_run04,1,after:EvidenceNet.t_LMS_Submit,10,10,4,0
roots2_run04,0,after:EvidenceNet.t_Review_Request,10,10,4,0
roots2_run04,1,after:EvidenceNet.t_Review_Request,10,10,4,0
roots2_run04,0,after:ProfessorAgent.t_StartReview,10,10,4,0
roots2_run04,1,after:ProfessorAgent.t_StartReview,10,10,4,0
roots2_run04,0,after:ProfessorAgent.t_AssessEvidence,10,10,4,0
roots2_run04,1,after:ProfessorAgent.t_AssessEvidence,10,10,4,0
roots2_run04,0,after:ProfessorAgent.t_ApproveEvidence,10,10,5,0
roots2_run04,1,after:ProfessorAgent.t_ApproveEvidence,10,10,5,0
roots2_run04,0,after:UniversityAgent.t_VerifyEvidence,10,10,5,0
roots2_run04,1,after:UniversityAgent.t_VerifyEvidence,10,10,5,0
roots2_run04,0,after:UniversityAgent.t_RequestCredential,11,11,7,0
roots2_run04,1,after:UniversityAgent.t_RequestCredential,11,11,7,0
roots2_run04,0,after:CompetencyNet.t_Verification_Pass,11,11,7,0
roots2_run04,1,after:CompetencyNet.t_Verification_Pass,11,11,7,0
roots2_run04,0,after:UniversityAgent.t_IssueCredential,11,11,8,0
roots2_run04,1,after:UniversityAgent.t_IssueCredential,11,11,8,0
roots2_run04,0,after:StudentAgent.t_WaitCredential,11,11,8,0
roots2_run04,1,after:StudentAgent.t_WaitCredential,11,11,8,0
roots2_run04,0,after:StudentAgent.t_ReceiveCredential,11,11,8,0
roots2_run04,1,after:StudentAgent.t_ReceiveCredential,11,11,8,0
roots2_run04,0,after:StudentAgent.t_AcceptCredential,11,11,9,0
roots2_run04,1,after:StudentAgent.t_AcceptCredential,11,11,9,0
roots2_run04,0,after:HEDULedgerNet.t_Order,11,11,9,0
roots2_run04,1,after:HEDULedgerNet.t_Order,11,11,9,0
roots2_run04,0,after:HEDULedgerNet.t_Validate,11,11,9,0
roots2_run04,1,after:HEDULedgerNet.t_Validate,11,11,9,0
roots2_run04,0,after:HEDULedgerNet.t_Commit,11,11,9,0
roots2_run04,1,after:HEDULedgerNet.t_Commit,11,11,9,0
roots2_run04,0,after:HEDULedgerNet.t_Anchor,11,11,9,0
roots2_run04,1,after:HEDULedgerNet.t_Anchor,11,11,9,0
roots2_run04,0,after:StudentAgent.t_GenerateVP,11,11,9,0
roots2_run04,1,after:StudentAgent.t_GenerateVP,11,11,9,0
roots2_run04,0,after:StudentAgent.t_ShareVP,11,11,10,0
roots2_run04,1,after:StudentAgent.t_ShareVP,11,11,10,0
roots2_run04,0,after:HRAgent.t_ParseVP,11,11,10,0
roots2_run04,1,after:HRAgent.t_ParseVP,11,11,10,0
roots2_run04,0,after:CompetencyNet.t_Agg_Ingest,11,11,10,0
roots2_run04,1,after:CompetencyNet.t_Agg_Ingest,11,11,10,0
roots2_run04,0,after:HRAgent.t_SemanticMatch,11,11,10,0
roots2_run04,1,after:HRAgent.t_SemanticMatch,11,11,10,0
roots2_run04,0,after:HRAgent.t_GapAnalysis,11,11,10,0
roots2_run04,1,after:HRAgent.t_GapAnalysis,11,11,10,0
roots2_run04,0,after:HRAgent.t_GenerateResult,11,11,10,0
roots2_run04,1,after:HRAgent.t_GenerateResult,11,11,10,0
roots2_run04,0,after:WalletNet.t_GenerateVP,11,11,10,0
roots2_run04,1,after:WalletNet.t_GenerateVP,11,11,10,0
roots2_run04,0,after:WalletNet.t_ShareVP,11,11,10,0
roots2_run04,1,after:WalletNet.t_ShareVP,11,11,10,0
roots2_run04,0,terminal,11,11,10,0
roots2_run04,1,terminal,11,11,10,0
roots2_run05,0,creation,9,9,1,0
roots2_run05,1,creation,9,9,1,0
roots2_run05,0,after:StudentAgent.t_SubmitEvidence,10,10,4,0
roots2_run05,1,after:StudentAgent.t_SubmitEvidence,10,10,4,0
roots2_run05,0,after:EvidenceNet.t_LMS_Submit,10,10,4,0
roots2_run05,1,after:EvidenceNet.t_LMS_Submit,10,10,4,0
roots2_run05,0,after:EvidenceNet.t_Review_Request,10,10,4,0
roots2_run05,1,after:EvidenceNet.t_Review_Request,10,10,4,0
roots2_run05,0,after:ProfessorAgent.t_StartReview,10,10,4,0
roots2_run05,1,after:ProfessorAgent.t_StartReview,10,10,4,0
roots2_run05,0,after:ProfessorAgent.t_AssessEvidence,10,10,4,0
roots2_run05,1,after:ProfessorAgent.t_AssessEvidence,10,10,4,0
roots2_run05,0,after:ProfessorAgent.t_ApproveEvidence,10,10,5,0
roots2_run05,1,after:ProfessorAgent.t_ApproveEvidence,10,10,5,0
roots2_run05,0,after:UniversityAgent.t_VerifyEvidence,10,10,5,0
roots2_run05,1,after:UniversityAgent.t_VerifyEvidence,10,10,5,0
roots2_run05,0,after:UniversityAgent.t_RequestCredential,11,11,7,0
roots2_run05,1,after:UniversityAgent.t_RequestCredential,11,11,7,0
roots2_run05,0,after:CompetencyNet.t_Verification_Pass,11,11,7,0
roots2_run05,1,after:CompetencyNet.t_Verification_Pass,11,11,7,0
roots2_run05,0,after:UniversityAgent.t_IssueCredential,11,11,8,0
roots2_run05,1,after:UniversityAgent.t_IssueCredential,11,11,8,0
roots2_run05,0,after:StudentAgent.t_WaitCredential,11,11,8,0
roots2_run05,1,after:StudentAgent.t_WaitCredential,11,11,8,0
roots2_run05,0,after:StudentAgent.t_ReceiveCredential,11,11,8,0
roots2_run05,1,after:StudentAgent.t_ReceiveCredential,11,11,8,0
roots2_run05,0,after:StudentAgent.t_AcceptCredential,11,11,9,0
roots2_run05,1,after:StudentAgent.t_AcceptCredential,11,11,9,0
roots2_run05,0,after:HEDULedgerNet.t_Order,11,11,9,0
roots2_run05,1,after:HEDULedgerNet.t_Order,11,11,9,0
roots2_run05,0,after:HEDULedgerNet.t_Validate,11,11,9,0
roots2_run05,1,after:HEDULedgerNet.t_Validate,11,11,9,0
roots2_run05,0,after:HEDULedgerNet.t_Commit,11,11,9,0
roots2_run05,1,after:HEDULedgerNet.t_Commit,11,11,9,0
roots2_run05,0,after:HEDULedgerNet.t_Anchor,11,11,9,0
roots2_run05,1,after:HEDULedgerNet.t_Anchor,11,11,9,0
roots2_run05,0,after:StudentAgent.t_GenerateVP,11,11,9,0
roots2_run05,1,after:StudentAgent.t_GenerateVP,11,11,9,0
roots2_run05,0,after:StudentAgent.t_ShareVP,11,11,10,0
roots2_run05,1,after:StudentAgent.t_ShareVP,11,11,10,0
roots2_run05,0,after:HRAgent.t_ParseVP,11,11,10,0
roots2_run05,1,after:HRAgent.t_ParseVP,11,11,10,0
roots2_run05,0,after:CompetencyNet.t_Agg_Ingest,11,11,10,0
roots2_run05,1,after:CompetencyNet.t_Agg_Ingest,11,11,10,0
roots2_run05,0,after:HRAgent.t_SemanticMatch,11,11,10,0
roots2_run05,1,after:HRAgent.t_SemanticMatch,11,11,10,0
roots2_run05,0,after:HRAgent.t_GapAnalysis,11,11,10,0
roots2_run05,1,after:HRAgent.t_GapAnalysis,11,11,10,0
roots2_run05,0,after:HRAgent.t_GenerateResult,11,11,10,0
roots2_run05,1,after:HRAgent.t_GenerateResult,11,11,10,0
roots2_run05,0,after:WalletNet.t_GenerateVP,11,11,10,0
roots2_run05,1,after:WalletNet.t_GenerateVP,11,11,10,0
roots2_run05,0,after:WalletNet.t_ShareVP,11,11,10,0
roots2_run05,1,after:WalletNet.t_ShareVP,11,11,10,0
roots2_run05,0,terminal,11,11,10,0
roots2_run05,1,terminal,11,11,10,0
roots2_run06,0,creation,9,9,1,0
roots2_run06,1,creation,9,9,1,0
roots2_run06,0,after:StudentAgent.t_SubmitEvidence,10,10,4,0
roots2_run06,1,after:StudentAgent.t_SubmitEvidence,10,10,4,0
roots2_run06,0,after:EvidenceNet.t_LMS_Submit,10,10,4,0
roots2_run06,1,after:EvidenceNet.t_LMS_Submit,10,10,4,0
roots2_run06,0,after:EvidenceNet.t_Review_Request,10,10,4,0
roots2_run06,1,after:EvidenceNet.t_Review_Request,10,10,4,0
roots2_run06,0,after:ProfessorAgent.t_StartReview,10,10,4,0
roots2_run06,1,after:ProfessorAgent.t_StartReview,10,10,4,0
roots2_run06,0,after:ProfessorAgent.t_AssessEvidence,10,10,4,0
roots2_run06,1,after:ProfessorAgent.t_AssessEvidence,10,10,4,0
roots2_run06,0,after:ProfessorAgent.t_ApproveEvidence,10,10,5,0
roots2_run06,1,after:ProfessorAgent.t_ApproveEvidence,10,10,5,0
roots2_run06,0,after:UniversityAgent.t_VerifyEvidence,10,10,5,0
roots2_run06,1,after:UniversityAgent.t_VerifyEvidence,10,10,5,0
roots2_run06,0,after:UniversityAgent.t_RequestCredential,11,11,7,0
roots2_run06,1,after:UniversityAgent.t_RequestCredential,11,11,7,0
roots2_run06,0,after:CompetencyNet.t_Verification_Pass,11,11,7,0
roots2_run06,1,after:CompetencyNet.t_Verification_Pass,11,11,7,0
roots2_run06,0,after:UniversityAgent.t_IssueCredential,11,11,8,0
roots2_run06,1,after:UniversityAgent.t_IssueCredential,11,11,8,0
roots2_run06,0,after:StudentAgent.t_WaitCredential,11,11,8,0
roots2_run06,1,after:StudentAgent.t_WaitCredential,11,11,8,0
roots2_run06,0,after:StudentAgent.t_ReceiveCredential,11,11,8,0
roots2_run06,1,after:StudentAgent.t_ReceiveCredential,11,11,8,0
roots2_run06,0,after:StudentAgent.t_AcceptCredential,11,11,9,0
roots2_run06,1,after:StudentAgent.t_AcceptCredential,11,11,9,0
roots2_run06,0,after:HEDULedgerNet.t_Order,11,11,9,0
roots2_run06,1,after:HEDULedgerNet.t_Order,11,11,9,0
roots2_run06,0,after:HEDULedgerNet.t_Validate,11,11,9,0
roots2_run06,1,after:HEDULedgerNet.t_Validate,11,11,9,0
roots2_run06,0,after:HEDULedgerNet.t_Commit,11,11,9,0
roots2_run06,1,after:HEDULedgerNet.t_Commit,11,11,9,0
roots2_run06,0,after:HEDULedgerNet.t_Anchor,11,11,9,0
roots2_run06,1,after:HEDULedgerNet.t_Anchor,11,11,9,0
roots2_run06,0,after:StudentAgent.t_GenerateVP,11,11,9,0
roots2_run06,1,after:StudentAgent.t_GenerateVP,11,11,9,0
roots2_run06,0,after:StudentAgent.t_ShareVP,11,11,10,0
roots2_run06,1,after:StudentAgent.t_ShareVP,11,11,10,0
roots2_run06,0,after:HRAgent.t_ParseVP,11,11,10,0
roots2_run06,1,after:HRAgent.t_ParseVP,11,11,10,0
roots2_run06,0,after:CompetencyNet.t_Agg_Ingest,11,11,10,0
roots2_run06,1,after:CompetencyNet.t_Agg_Ingest,11,11,10,0
roots2_run06,0,after:HRAgent.t_SemanticMatch,11,11,10,0
roots2_run06,1,after:HRAgent.t_SemanticMatch,11,11,10,0
roots2_run06,0,after:HRAgent.t_GapAnalysis,11,11,10,0
roots2_run06,1,after:HRAgent.t_GapAnalysis,11,11,10,0
roots2_run06,0,after:HRAgent.t_GenerateResult,11,11,10,0
roots2_run06,1,after:HRAgent.t_GenerateResult,11,11,10,0
roots2_run06,0,after:WalletNet.t_GenerateVP,11,11,10,0
roots2_run06,1,after:WalletNet.t_GenerateVP,11,11,10,0
roots2_run06,0,after:WalletNet.t_ShareVP,11,11,10,0
roots2_run06,1,after:WalletNet.t_ShareVP,11,11,10,0
roots2_run06,0,terminal,11,11,10,0
roots2_run06,1,terminal,11,11,10,0
roots2_run07,0,creation,9,9,1,0
roots2_run07,1,creation,9,9,1,0
roots2_run07,0,after:StudentAgent.t_SubmitEvidence,10,10,4,0
roots2_run07,1,after:StudentAgent.t_SubmitEvidence,10,10,4,0
roots2_run07,0,after:EvidenceNet.t_LMS_Submit,10,10,4,0
roots2_run07,1,after:EvidenceNet.t_LMS_Submit,10,10,4,0
roots2_run07,0,after:EvidenceNet.t_Review_Request,10,10,4,0
roots2_run07,1,after:EvidenceNet.t_Review_Request,10,10,4,0
roots2_run07,0,after:ProfessorAgent.t_StartReview,10,10,4,0
roots2_run07,1,after:ProfessorAgent.t_StartReview,10,10,4,0
roots2_run07,0,after:ProfessorAgent.t_AssessEvidence,10,10,4,0
roots2_run07,1,after:ProfessorAgent.t_AssessEvidence,10,10,4,0
roots2_run07,0,after:ProfessorAgent.t_ApproveEvidence,10,10,5,0
roots2_run07,1,after:ProfessorAgent.t_ApproveEvidence,10,10,5,0
roots2_run07,0,after:UniversityAgent.t_VerifyEvidence,10,10,5,0
roots2_run07,1,after:UniversityAgent.t_VerifyEvidence,10,10,5,0
roots2_run07,0,after:UniversityAgent.t_RequestCredential,11,11,7,0
roots2_run07,1,after:UniversityAgent.t_RequestCredential,11,11,7,0
roots2_run07,0,after:CompetencyNet.t_Verification_Pass,11,11,7,0
roots2_run07,1,after:CompetencyNet.t_Verification_Pass,11,11,7,0
roots2_run07,0,after:UniversityAgent.t_IssueCredential,11,11,8,0
roots2_run07,1,after:UniversityAgent.t_IssueCredential,11,11,8,0
roots2_run07,0,after:StudentAgent.t_WaitCredential,11,11,8,0
roots2_run07,1,after:StudentAgent.t_WaitCredential,11,11,8,0
roots2_run07,0,after:StudentAgent.t_ReceiveCredential,11,11,8,0
roots2_run07,1,after:StudentAgent.t_ReceiveCredential,11,11,8,0
roots2_run07,0,after:StudentAgent.t_AcceptCredential,11,11,9,0
roots2_run07,1,after:StudentAgent.t_AcceptCredential,11,11,9,0
roots2_run07,0,after:HEDULedgerNet.t_Order,11,11,9,0
roots2_run07,1,after:HEDULedgerNet.t_Order,11,11,9,0
roots2_run07,0,after:HEDULedgerNet.t_Validate,11,11,9,0
roots2_run07,1,after:HEDULedgerNet.t_Validate,11,11,9,0
roots2_run07,0,after:HEDULedgerNet.t_Commit,11,11,9,0
roots2_run07,1,after:HEDULedgerNet.t_Commit,11,11,9,0
roots2_run07,0,after:HEDULedgerNet.t_Anchor,11,11,9,0
roots2_run07,1,after:HEDULedgerNet.t_Anchor,11,11,9,0
roots2_run07,0,after:StudentAgent.t_GenerateVP,11,11,9,0
roots2_run07,1,after:StudentAgent.t_GenerateVP,11,11,9,0
roots2_run07,0,after:StudentAgent.t_ShareVP,11,11,10,0
roots2_run07,1,after:StudentAgent.t_ShareVP,11,11,10,0
roots2_run07,0,after:HRAgent.t_ParseVP,11,11,10,0
roots2_run07,1,after:HRAgent.t_ParseVP,11,11,10,0
roots2_run07,0,after:CompetencyNet.t_Agg_Ingest,11,11,10,0
roots2_run07,1,after:CompetencyNet.t_Agg_Ingest,11,11,10,0
roots2_run07,0,after:HRAgent.t_SemanticMatch,11,11,10,0
roots2_run07,1,after:HRAgent.t_SemanticMatch,11,11,10,0
roots2_run07,0,after:HRAgent.t_GapAnalysis,11,11,10,0
roots2_run07,1,after:HRAgent.t_GapAnalysis,11,11,10,0
roots2_run07,0,after:HRAgent.t_GenerateResult,11,11,10,0
roots2_run07,1,after:HRAgent.t_GenerateResult,11,11,10,0
roots2_run07,0,after:WalletNet.t_GenerateVP,11,11,10,0
roots2_run07,1,after:WalletNet.t_GenerateVP,11,11,10,0
roots2_run07,0,after:WalletNet.t_ShareVP,11,11,10,0
roots2_run07,1,after:WalletNet.t_ShareVP,11,11,10,0
roots2_run07,0,terminal,11,11,10,0
roots2_run07,1,terminal,11,11,10,0
roots2_run08,0,creation,9,9,1,0
roots2_run08,1,creation,9,9,1,0
roots2_run08,0,after:StudentAgent.t_SubmitEvidence,10,10,4,0
roots2_run08,1,after:StudentAgent.t_SubmitEvidence,10,10,4,0
roots2_run08,0,after:EvidenceNet.t_LMS_Submit,10,10,4,0
roots2_run08,1,after:EvidenceNet.t_LMS_Submit,10,10,4,0
roots2_run08,0,after:EvidenceNet.t_Review_Request,10,10,4,0
roots2_run08,1,after:EvidenceNet.t_Review_Request,10,10,4,0
roots2_run08,0,after:ProfessorAgent.t_StartReview,10,10,4,0
roots2_run08,1,after:ProfessorAgent.t_StartReview,10,10,4,0
roots2_run08,0,after:ProfessorAgent.t_AssessEvidence,10,10,4,0
roots2_run08,1,after:ProfessorAgent.t_AssessEvidence,10,10,4,0
roots2_run08,0,after:ProfessorAgent.t_ApproveEvidence,10,10,5,0
roots2_run08,1,after:ProfessorAgent.t_ApproveEvidence,10,10,5,0
roots2_run08,0,after:UniversityAgent.t_VerifyEvidence,10,10,5,0
roots2_run08,1,after:UniversityAgent.t_VerifyEvidence,10,10,5,0
roots2_run08,0,after:UniversityAgent.t_RequestCredential,11,11,7,0
roots2_run08,1,after:UniversityAgent.t_RequestCredential,11,11,7,0
roots2_run08,0,after:CompetencyNet.t_Verification_Pass,11,11,7,0
roots2_run08,1,after:CompetencyNet.t_Verification_Pass,11,11,7,0
roots2_run08,0,after:UniversityAgent.t_IssueCredential,11,11,8,0
roots2_run08,1,after:UniversityAgent.t_IssueCredential,11,11,8,0
roots2_run08,0,after:StudentAgent.t_WaitCredential,11,11,8,0
roots2_run08,1,after:StudentAgent.t_WaitCredential,11,11,8,0
roots2_run08,0,after:StudentAgent.t_ReceiveCredential,11,11,8,0
roots2_run08,1,after:StudentAgent.t_ReceiveCredential,11,11,8,0
roots2_run08,0,after:StudentAgent.t_AcceptCredential,11,11,9,0
roots2_run08,1,after:StudentAgent.t_AcceptCredential,11,11,9,0
roots2_run08,0,after:HEDULedgerNet.t_Order,11,11,9,0
roots2_run08,1,after:HEDULedgerNet.t_Order,11,11,9,0
roots2_run08,0,after:HEDULedgerNet.t_Validate,11,11,9,0
roots2_run08,1,after:HEDULedgerNet.t_Validate,11,11,9,0
roots2_run08,0,after:HEDULedgerNet.t_Commit,11,11,9,0
roots2_run08,1,after:HEDULedgerNet.t_Commit,11,11,9,0
roots2_run08,0,after:HEDULedgerNet.t_Anchor,11,11,9,0
roots2_run08,1,after:HEDULedgerNet.t_Anchor,11,11,9,0
roots2_run08,0,after:StudentAgent.t_GenerateVP,11,11,9,0
roots2_run08,1,after:StudentAgent.t_GenerateVP,11,11,9,0
roots2_run08,0,after:StudentAgent.t_ShareVP,11,11,10,0
roots2_run08,1,after:StudentAgent.t_ShareVP,11,11,10,0
roots2_run08,0,after:HRAgent.t_ParseVP,11,11,10,0
roots2_run08,1,after:HRAgent.t_ParseVP,11,11,10,0
roots2_run08,0,after:CompetencyNet.t_Agg_Ingest,11,11,10,0
roots2_run08,1,after:CompetencyNet.t_Agg_Ingest,11,11,10,0
roots2_run08,0,after:HRAgent.t_SemanticMatch,11,11,10,0
roots2_run08,1,after:HRAgent.t_SemanticMatch,11,11,10,0
roots2_run08,0,after:HRAgent.t_GapAnalysis,11,11,10,0
roots2_run08,1,after:HRAgent.t_GapAnalysis,11,11,10,0
roots2_run08,0,after:HRAgent.t_GenerateResult,11,11,10,0
roots2_run08,1,after:HRAgent.t_GenerateResult,11,11,10,0
roots2_run08,0,after:WalletNet.t_GenerateVP,11,11,10,0
roots2_run08,1,after:WalletNet.t_GenerateVP,11,11,10,0
roots2_run08,0,after:WalletNet.t_ShareVP,11,11,10,0
roots2_run08,1,after:WalletNet.t_ShareVP,11,11,10,0
roots2_run08,0,terminal,11,11,10,0
roots2_run08,1,terminal,11,11,10,0
roots2_run09,0,creation,9,9,1,0
roots2_run09,1,creation,9,9,1,0
roots2_run09,0,after:StudentAgent.t_SubmitEvidence,10,10,4,0
roots2_run09,1,after:StudentAgent.t_SubmitEvidence,10,10,4,0
roots2_run09,0,after:EvidenceNet.t_LMS_Submit,10,10,4,0
roots2_run09,1,after:EvidenceNet.t_LMS_Submit,10,10,4,0
roots2_run09,0,after:EvidenceNet.t_Review_Request,10,10,4,0
roots2_run09,1,after:EvidenceNet.t_Review_Request,10,10,4,0
roots2_run09,0,after:ProfessorAgent.t_StartReview,10,10,4,0
roots2_run09,1,after:ProfessorAgent.t_StartReview,10,10,4,0
roots2_run09,0,after:ProfessorAgent.t_AssessEvidence,10,10,4,0
roots2_run09,1,after:ProfessorAgent.t_AssessEvidence,10,10,4,0
roots2_run09,0,after:ProfessorAgent.t_ApproveEvidence,10,10,5,0
roots2_run09,1,after:ProfessorAgent.t_ApproveEvidence,10,10,5,0
roots2_run09,0,after:UniversityAgent.t_VerifyEvidence,10,10,5,0
roots2_run09,1,after:UniversityAgent.t_VerifyEvidence,10,10,5,0
roots2_run09,0,after:UniversityAgent.t_RequestCredential,11,11,7,0
roots2_run09,1,after:UniversityAgent.t_RequestCredential,11,11,7,0
roots2_run09,0,after:CompetencyNet.t_Verification_Pass,11,11,7,0
roots2_run09,1,after:CompetencyNet.t_Verification_Pass,11,11,7,0
roots2_run09,0,after:UniversityAgent.t_IssueCredential,11,11,8,0
roots2_run09,1,after:UniversityAgent.t_IssueCredential,11,11,8,0
roots2_run09,0,after:StudentAgent.t_WaitCredential,11,11,8,0
roots2_run09,1,after:StudentAgent.t_WaitCredential,11,11,8,0
roots2_run09,0,after:StudentAgent.t_ReceiveCredential,11,11,8,0
roots2_run09,1,after:StudentAgent.t_ReceiveCredential,11,11,8,0
roots2_run09,0,after:StudentAgent.t_AcceptCredential,11,11,9,0
roots2_run09,1,after:StudentAgent.t_AcceptCredential,11,11,9,0
roots2_run09,0,after:HEDULedgerNet.t_Order,11,11,9,0
roots2_run09,1,after:HEDULedgerNet.t_Order,11,11,9,0
roots2_run09,0,after:HEDULedgerNet.t_Validate,11,11,9,0
roots2_run09,1,after:HEDULedgerNet.t_Validate,11,11,9,0
roots2_run09,0,after:HEDULedgerNet.t_Commit,11,11,9,0
roots2_run09,1,after:HEDULedgerNet.t_Commit,11,11,9,0
roots2_run09,0,after:HEDULedgerNet.t_Anchor,11,11,9,0
roots2_run09,1,after:HEDULedgerNet.t_Anchor,11,11,9,0
roots2_run09,0,after:StudentAgent.t_GenerateVP,11,11,9,0
roots2_run09,1,after:StudentAgent.t_GenerateVP,11,11,9,0
roots2_run09,0,after:StudentAgent.t_ShareVP,11,11,10,0
roots2_run09,1,after:StudentAgent.t_ShareVP,11,11,10,0
roots2_run09,0,after:HRAgent.t_ParseVP,11,11,10,0
roots2_run09,1,after:HRAgent.t_ParseVP,11,11,10,0
roots2_run09,0,after:CompetencyNet.t_Agg_Ingest,11,11,10,0
roots2_run09,1,after:CompetencyNet.t_Agg_Ingest,11,11,10,0
roots2_run09,0,after:HRAgent.t_SemanticMatch,11,11,10,0
roots2_run09,1,after:HRAgent.t_SemanticMatch,11,11,10,0
roots2_run09,0,after:HRAgent.t_GapAnalysis,11,11,10,0
roots2_run09,1,after:HRAgent.t_GapAnalysis,11,11,10,0
roots2_run09,0,after:HRAgent.t_GenerateResult,11,11,10,0
roots2_run09,1,after:HRAgent.t_GenerateResult,11,11,10,0
roots2_run09,0,after:WalletNet.t_GenerateVP,11,11,10,0
roots2_run09,1,after:WalletNet.t_GenerateVP,11,11,10,0
roots2_run09,0,after:WalletNet.t_ShareVP,11,11,10,0
roots2_run09,1,after:WalletNet.t_ShareVP,11,11,10,0
roots2_run09,0,terminal,11,11,10,0
roots2_run09,1,terminal,11,11,10,0
roots2_run10,0,creation,9,9,1,0
roots2_run10,1,creation,9,9,1,0
roots2_run10,0,after:StudentAgent.t_SubmitEvidence,10,10,4,0
roots2_run10,1,after:StudentAgent.t_SubmitEvidence,10,10,4,0
roots2_run10,0,after:EvidenceNet.t_LMS_Submit,10,10,4,0
roots2_run10,1,after:EvidenceNet.t_LMS_Submit,10,10,4,0
roots2_run10,0,after:EvidenceNet.t_Review_Request,10,10,4,0
roots2_run10,1,after:EvidenceNet.t_Review_Request,10,10,4,0
roots2_run10,0,after:ProfessorAgent.t_StartReview,10,10,4,0
roots2_run10,1,after:ProfessorAgent.t_StartReview,10,10,4,0
roots2_run10,0,after:ProfessorAgent.t_AssessEvidence,10,10,4,0
roots2_run10,1,after:ProfessorAgent.t_AssessEvidence,10,10,4,0
roots2_run10,0,after:ProfessorAgent.t_ApproveEvidence,10,10,5,0
roots2_run10,1,after:ProfessorAgent.t_ApproveEvidence,10,10,5,0
roots2_run10,0,after:UniversityAgent.t_VerifyEvidence,10,10,5,0
roots2_run10,1,after:UniversityAgent.t_VerifyEvidence,10,10,5,0
roots2_run10,0,after:UniversityAgent.t_RequestCredential,11,11,7,0
roots2_run10,1,after:UniversityAgent.t_RequestCredential,11,11,7,0
roots2_run10,0,after:CompetencyNet.t_Verification_Pass,11,11,7,0
roots2_run10,1,after:CompetencyNet.t_Verification_Pass,11,11,7,0
roots2_run10,0,after:UniversityAgent.t_IssueCredential,11,11,8,0
roots2_run10,1,after:UniversityAgent.t_IssueCredential,11,11,8,0
roots2_run10,0,after:StudentAgent.t_WaitCredential,11,11,8,0
roots2_run10,1,after:StudentAgent.t_WaitCredential,11,11,8,0
roots2_run10,0,after:StudentAgent.t_ReceiveCredential,11,11,8,0
roots2_run10,1,after:StudentAgent.t_ReceiveCredential,11,11,8,0
roots2_run10,0,after:StudentAgent.t_AcceptCredential,11,11,9,0
roots2_run10,1,after:StudentAgent.t_AcceptCredential,11,11,9,0
roots2_run10,0,after:HEDULedgerNet.t_Order,11,11,9,0
roots2_run10,1,after:HEDULedgerNet.t_Order,11,11,9,0
roots2_run10,0,after:HEDULedgerNet.t_Validate,11,11,9,0
roots2_run10,1,after:HEDULedgerNet.t_Validate,11,11,9,0
roots2_run10,0,after:HEDULedgerNet.t_Commit,11,11,9,0
roots2_run10,1,after:HEDULedgerNet.t_Commit,11,11,9,0
roots2_run10,0,after:HEDULedgerNet.t_Anchor,11,11,9,0
roots2_run10,1,after:HEDULedgerNet.t_Anchor,11,11,9,0
roots2_run10,0,after:StudentAgent.t_GenerateVP,11,11,9,0
roots2_run10,1,after:StudentAgent.t_GenerateVP,11,11,9,0
roots2_run10,0,after:StudentAgent.t_ShareVP,11,11,10,0
roots2_run10,1,after:StudentAgent.t_ShareVP,11,11,10,0
roots2_run10,0,after:HRAgent.t_ParseVP,11,11,10,0
roots2_run10,1,after:HRAgent.t_ParseVP,11,11,10,0
roots2_run10,0,after:CompetencyNet.t_Agg_Ingest,11,11,10,0
roots2_run10,1,after:CompetencyNet.t_Agg_Ingest,11,11,10,0
roots2_run10,0,after:HRAgent.t_SemanticMatch,11,11,10,0
roots2_run10,1,after:HRAgent.t_SemanticMatch,11,11,10,0
roots2_run10,0,after:HRAgent.t_GapAnalysis,11,11,10,0
roots2_run10,1,after:HRAgent.t_GapAnalysis,11,11,10,0
roots2_run10,0,after:HRAgent.t_GenerateResult,11,11,10,0
roots2_run10,1,after:HRAgent.t_GenerateResult,11,11,10,0
roots2_run10,0,after:WalletNet.t_GenerateVP,11,11,10,0
roots2_run10,1,after:WalletNet.t_GenerateVP,11,11,10,0
roots2_run10,0,after:WalletNet.t_ShareVP,11,11,10,0
roots2_run10,1,after:WalletNet.t_ShareVP,11,11,10,0
roots2_run10,0,terminal,11,11,10,0
roots2_run10,1,terminal,11,11,10,0
roots5_run01,0,creation,9,9,1,0
roots5_run01,1,creation,9,9,1,0
roots5_run01,2,creation,9,9,1,0
roots5_run01,3,creation,9,9,1,0
roots5_run01,4,creation,9,9,1,0
roots5_run01,0,after:StudentAgent.t_SubmitEvidence,10,10,4,0
roots5_run01,1,after:StudentAgent.t_SubmitEvidence,10,10,4,0
roots5_run01,2,after:StudentAgent.t_SubmitEvidence,10,10,4,0
roots5_run01,3,after:StudentAgent.t_SubmitEvidence,10,10,4,0
roots5_run01,4,after:StudentAgent.t_SubmitEvidence,10,10,4,0
roots5_run01,0,after:EvidenceNet.t_LMS_Submit,10,10,4,0
roots5_run01,1,after:EvidenceNet.t_LMS_Submit,10,10,4,0
roots5_run01,2,after:EvidenceNet.t_LMS_Submit,10,10,4,0
roots5_run01,3,after:EvidenceNet.t_LMS_Submit,10,10,4,0
roots5_run01,4,after:EvidenceNet.t_LMS_Submit,10,10,4,0
roots5_run01,0,after:EvidenceNet.t_Review_Request,10,10,4,0
roots5_run01,1,after:EvidenceNet.t_Review_Request,10,10,4,0
roots5_run01,2,after:EvidenceNet.t_Review_Request,10,10,4,0
roots5_run01,3,after:EvidenceNet.t_Review_Request,10,10,4,0
roots5_run01,4,after:EvidenceNet.t_Review_Request,10,10,4,0
roots5_run01,0,after:ProfessorAgent.t_StartReview,10,10,4,0
roots5_run01,1,after:ProfessorAgent.t_StartReview,10,10,4,0
roots5_run01,2,after:ProfessorAgent.t_StartReview,10,10,4,0
roots5_run01,3,after:ProfessorAgent.t_StartReview,10,10,4,0
roots5_run01,4,after:ProfessorAgent.t_StartReview,10,10,4,0
roots5_run01,0,after:ProfessorAgent.t_AssessEvidence,10,10,4,0
roots5_run01,1,after:ProfessorAgent.t_AssessEvidence,10,10,4,0
roots5_run01,2,after:ProfessorAgent.t_AssessEvidence,10,10,4,0
roots5_run01,3,after:ProfessorAgent.t_AssessEvidence,10,10,4,0
roots5_run01,4,after:ProfessorAgent.t_AssessEvidence,10,10,4,0
roots5_run01,0,after:ProfessorAgent.t_ApproveEvidence,10,10,5,0
roots5_run01,1,after:ProfessorAgent.t_ApproveEvidence,10,10,5,0
roots5_run01,2,after:ProfessorAgent.t_ApproveEvidence,10,10,5,0
roots5_run01,3,after:ProfessorAgent.t_ApproveEvidence,10,10,5,0
roots5_run01,4,after:ProfessorAgent.t_ApproveEvidence,10,10,5,0
roots5_run01,0,after:UniversityAgent.t_VerifyEvidence,10,10,5,0
roots5_run01,1,after:UniversityAgent.t_VerifyEvidence,10,10,5,0
roots5_run01,2,after:UniversityAgent.t_VerifyEvidence,10,10,5,0
roots5_run01,3,after:UniversityAgent.t_VerifyEvidence,10,10,5,0
roots5_run01,4,after:UniversityAgent.t_VerifyEvidence,10,10,5,0
roots5_run01,0,after:UniversityAgent.t_RequestCredential,11,11,7,0
roots5_run01,1,after:UniversityAgent.t_RequestCredential,11,11,7,0
roots5_run01,2,after:UniversityAgent.t_RequestCredential,11,11,7,0
roots5_run01,3,after:UniversityAgent.t_RequestCredential,11,11,7,0
roots5_run01,4,after:UniversityAgent.t_RequestCredential,11,11,7,0
roots5_run01,0,after:CompetencyNet.t_Verification_Pass,11,11,7,0
roots5_run01,1,after:CompetencyNet.t_Verification_Pass,11,11,7,0
roots5_run01,2,after:CompetencyNet.t_Verification_Pass,11,11,7,0
roots5_run01,3,after:CompetencyNet.t_Verification_Pass,11,11,7,0
roots5_run01,4,after:CompetencyNet.t_Verification_Pass,11,11,7,0
roots5_run01,0,after:UniversityAgent.t_IssueCredential,11,11,8,0
roots5_run01,1,after:UniversityAgent.t_IssueCredential,11,11,8,0
roots5_run01,2,after:UniversityAgent.t_IssueCredential,11,11,8,0
roots5_run01,3,after:UniversityAgent.t_IssueCredential,11,11,8,0
roots5_run01,4,after:UniversityAgent.t_IssueCredential,11,11,8,0
roots5_run01,0,after:StudentAgent.t_WaitCredential,11,11,8,0
roots5_run01,1,after:StudentAgent.t_WaitCredential,11,11,8,0
roots5_run01,2,after:StudentAgent.t_WaitCredential,11,11,8,0
roots5_run01,3,after:StudentAgent.t_WaitCredential,11,11,8,0
roots5_run01,4,after:StudentAgent.t_WaitCredential,11,11,8,0
roots5_run01,0,after:StudentAgent.t_ReceiveCredential,11,11,8,0
roots5_run01,1,after:StudentAgent.t_ReceiveCredential,11,11,8,0
roots5_run01,2,after:StudentAgent.t_ReceiveCredential,11,11,8,0
roots5_run01,3,after:StudentAgent.t_ReceiveCredential,11,11,8,0
roots5_run01,4,after:StudentAgent.t_ReceiveCredential,11,11,8,0
roots5_run01,0,after:StudentAgent.t_AcceptCredential,11,11,9,0
roots5_run01,1,after:StudentAgent.t_AcceptCredential,11,11,9,0
roots5_run01,2,after:StudentAgent.t_AcceptCredential,11,11,9,0
roots5_run01,3,after:StudentAgent.t_AcceptCredential,11,11,9,0
roots5_run01,4,after:StudentAgent.t_AcceptCredential,11,11,9,0
roots5_run01,0,after:HEDULedgerNet.t_Order,11,11,9,0
roots5_run01,1,after:HEDULedgerNet.t_Order,11,11,9,0
roots5_run01,2,after:HEDULedgerNet.t_Order,11,11,9,0
roots5_run01,3,after:HEDULedgerNet.t_Order,11,11,9,0
roots5_run01,4,after:HEDULedgerNet.t_Order,11,11,9,0
roots5_run01,0,after:HEDULedgerNet.t_Validate,11,11,9,0
roots5_run01,1,after:HEDULedgerNet.t_Validate,11,11,9,0
roots5_run01,2,after:HEDULedgerNet.t_Validate,11,11,9,0
roots5_run01,3,after:HEDULedgerNet.t_Validate,11,11,9,0
roots5_run01,4,after:HEDULedgerNet.t_Validate,11,11,9,0
roots5_run01,0,after:HEDULedgerNet.t_Commit,11,11,9,0
roots5_run01,1,after:HEDULedgerNet.t_Commit,11,11,9,0
roots5_run01,2,after:HEDULedgerNet.t_Commit,11,11,9,0
roots5_run01,3,after:HEDULedgerNet.t_Commit,11,11,9,0
roots5_run01,4,after:HEDULedgerNet.t_Commit,11,11,9,0
roots5_run01,0,after:HEDULedgerNet.t_Anchor,11,11,9,0
roots5_run01,1,after:HEDULedgerNet.t_Anchor,11,11,9,0
roots5_run01,2,after:HEDULedgerNet.t_Anchor,11,11,9,0
roots5_run01,3,after:HEDULedgerNet.t_Anchor,11,11,9,0
roots5_run01,4,after:HEDULedgerNet.t_Anchor,11,11,9,0
roots5_run01,0,after:StudentAgent.t_GenerateVP,11,11,9,0
roots5_run01,1,after:StudentAgent.t_GenerateVP,11,11,9,0
roots5_run01,2,after:StudentAgent.t_GenerateVP,11,11,9,0
roots5_run01,3,after:StudentAgent.t_GenerateVP,11,11,9,0
roots5_run01,4,after:StudentAgent.t_GenerateVP,11,11,9,0
roots5_run01,0,after:StudentAgent.t_ShareVP,11,11,10,0
roots5_run01,1,after:StudentAgent.t_ShareVP,11,11,10,0
roots5_run01,2,after:StudentAgent.t_ShareVP,11,11,10,0
roots5_run01,3,after:StudentAgent.t_ShareVP,11,11,10,0
roots5_run01,4,after:StudentAgent.t_ShareVP,11,11,10,0
roots5_run01,0,after:HRAgent.t_ParseVP,11,11,10,0
roots5_run01,1,after:HRAgent.t_ParseVP,11,11,10,0
roots5_run01,2,after:HRAgent.t_ParseVP,11,11,10,0
roots5_run01,3,after:HRAgent.t_ParseVP,11,11,10,0
roots5_run01,4,after:HRAgent.t_ParseVP,11,11,10,0
roots5_run01,0,after:CompetencyNet.t_Agg_Ingest,11,11,10,0
roots5_run01,1,after:CompetencyNet.t_Agg_Ingest,11,11,10,0
roots5_run01,2,after:CompetencyNet.t_Agg_Ingest,11,11,10,0
roots5_run01,3,after:CompetencyNet.t_Agg_Ingest,11,11,10,0
roots5_run01,4,after:CompetencyNet.t_Agg_Ingest,11,11,10,0
roots5_run01,0,after:HRAgent.t_SemanticMatch,11,11,10,0
roots5_run01,1,after:HRAgent.t_SemanticMatch,11,11,10,0
roots5_run01,2,after:HRAgent.t_SemanticMatch,11,11,10,0
roots5_run01,3,after:HRAgent.t_SemanticMatch,11,11,10,0
roots5_run01,4,after:HRAgent.t_SemanticMatch,11,11,10,0
roots5_run01,0,after:HRAgent.t_GapAnalysis,11,11,10,0
roots5_run01,1,after:HRAgent.t_GapAnalysis,11,11,10,0
roots5_run01,2,after:HRAgent.t_GapAnalysis,11,11,10,0
roots5_run01,3,after:HRAgent.t_GapAnalysis,11,11,10,0
roots5_run01,4,after:HRAgent.t_GapAnalysis,11,11,10,0
roots5_run01,0,after:HRAgent.t_GenerateResult,11,11,10,0
roots5_run01,1,after:HRAgent.t_GenerateResult,11,11,10,0
roots5_run01,2,after:HRAgent.t_GenerateResult,11,11,10,0
roots5_run01,3,after:HRAgent.t_GenerateResult,11,11,10,0
roots5_run01,4,after:HRAgent.t_GenerateResult,11,11,10,0
roots5_run01,0,after:WalletNet.t_GenerateVP,11,11,10,0
roots5_run01,1,after:WalletNet.t_GenerateVP,11,11,10,0
roots5_run01,2,after:WalletNet.t_GenerateVP,11,11,10,0
roots5_run01,3,after:WalletNet.t_GenerateVP,11,11,10,0
roots5_run01,4,after:WalletNet.t_GenerateVP,11,11,10,0
roots5_run01,0,after:WalletNet.t_ShareVP,11,11,10,0
roots5_run01,1,after:WalletNet.t_ShareVP,11,11,10,0
roots5_run01,2,after:WalletNet.t_ShareVP,11,11,10,0
roots5_run01,3,after:WalletNet.t_ShareVP,11,11,10,0
roots5_run01,4,after:WalletNet.t_ShareVP,11,11,10,0
roots5_run01,0,terminal,11,11,10,0
roots5_run01,1,terminal,11,11,10,0
roots5_run01,2,terminal,11,11,10,0
roots5_run01,3,terminal,11,11,10,0
roots5_run01,4,terminal,11,11,10,0
roots5_run02,0,creation,9,9,1,0
roots5_run02,1,creation,9,9,1,0
roots5_run02,2,creation,9,9,1,0
roots5_run02,3,creation,9,9,1,0
roots5_run02,4,creation,9,9,1,0
roots5_run02,0,after:StudentAgent.t_SubmitEvidence,10,10,4,0
roots5_run02,1,after:StudentAgent.t_SubmitEvidence,10,10,4,0
roots5_run02,2,after:StudentAgent.t_SubmitEvidence,10,10,4,0
roots5_run02,3,after:StudentAgent.t_SubmitEvidence,10,10,4,0
roots5_run02,4,after:StudentAgent.t_SubmitEvidence,10,10,4,0
roots5_run02,0,after:EvidenceNet.t_LMS_Submit,10,10,4,0
roots5_run02,1,after:EvidenceNet.t_LMS_Submit,10,10,4,0
roots5_run02,2,after:EvidenceNet.t_LMS_Submit,10,10,4,0
roots5_run02,3,after:EvidenceNet.t_LMS_Submit,10,10,4,0
roots5_run02,4,after:EvidenceNet.t_LMS_Submit,10,10,4,0
roots5_run02,0,after:EvidenceNet.t_Review_Request,10,10,4,0
roots5_run02,1,after:EvidenceNet.t_Review_Request,10,10,4,0
roots5_run02,2,after:EvidenceNet.t_Review_Request,10,10,4,0
roots5_run02,3,after:EvidenceNet.t_Review_Request,10,10,4,0
roots5_run02,4,after:EvidenceNet.t_Review_Request,10,10,4,0
roots5_run02,0,after:ProfessorAgent.t_StartReview,10,10,4,0
roots5_run02,1,after:ProfessorAgent.t_StartReview,10,10,4,0
roots5_run02,2,after:ProfessorAgent.t_StartReview,10,10,4,0
roots5_run02,3,after:ProfessorAgent.t_StartReview,10,10,4,0
roots5_run02,4,after:ProfessorAgent.t_StartReview,10,10,4,0
roots5_run02,0,after:ProfessorAgent.t_AssessEvidence,10,10,4,0
roots5_run02,1,after:ProfessorAgent.t_AssessEvidence,10,10,4,0
roots5_run02,2,after:ProfessorAgent.t_AssessEvidence,10,10,4,0
roots5_run02,3,after:ProfessorAgent.t_AssessEvidence,10,10,4,0
roots5_run02,4,after:ProfessorAgent.t_AssessEvidence,10,10,4,0
roots5_run02,0,after:ProfessorAgent.t_ApproveEvidence,10,10,5,0
roots5_run02,1,after:ProfessorAgent.t_ApproveEvidence,10,10,5,0
roots5_run02,2,after:ProfessorAgent.t_ApproveEvidence,10,10,5,0
roots5_run02,3,after:ProfessorAgent.t_ApproveEvidence,10,10,5,0
roots5_run02,4,after:ProfessorAgent.t_ApproveEvidence,10,10,5,0
roots5_run02,0,after:UniversityAgent.t_VerifyEvidence,10,10,5,0
roots5_run02,1,after:UniversityAgent.t_VerifyEvidence,10,10,5,0
roots5_run02,2,after:UniversityAgent.t_VerifyEvidence,10,10,5,0
roots5_run02,3,after:UniversityAgent.t_VerifyEvidence,10,10,5,0
roots5_run02,4,after:UniversityAgent.t_VerifyEvidence,10,10,5,0
roots5_run02,0,after:UniversityAgent.t_RequestCredential,11,11,7,0
roots5_run02,1,after:UniversityAgent.t_RequestCredential,11,11,7,0
roots5_run02,2,after:UniversityAgent.t_RequestCredential,11,11,7,0
roots5_run02,3,after:UniversityAgent.t_RequestCredential,11,11,7,0
roots5_run02,4,after:UniversityAgent.t_RequestCredential,11,11,7,0
roots5_run02,0,after:CompetencyNet.t_Verification_Pass,11,11,7,0
roots5_run02,1,after:CompetencyNet.t_Verification_Pass,11,11,7,0
roots5_run02,2,after:CompetencyNet.t_Verification_Pass,11,11,7,0
roots5_run02,3,after:CompetencyNet.t_Verification_Pass,11,11,7,0
roots5_run02,4,after:CompetencyNet.t_Verification_Pass,11,11,7,0
roots5_run02,0,after:UniversityAgent.t_IssueCredential,11,11,8,0
roots5_run02,1,after:UniversityAgent.t_IssueCredential,11,11,8,0
roots5_run02,2,after:UniversityAgent.t_IssueCredential,11,11,8,0
roots5_run02,3,after:UniversityAgent.t_IssueCredential,11,11,8,0
roots5_run02,4,after:UniversityAgent.t_IssueCredential,11,11,8,0
roots5_run02,0,after:StudentAgent.t_WaitCredential,11,11,8,0
roots5_run02,1,after:StudentAgent.t_WaitCredential,11,11,8,0
roots5_run02,2,after:StudentAgent.t_WaitCredential,11,11,8,0
roots5_run02,3,after:StudentAgent.t_WaitCredential,11,11,8,0
roots5_run02,4,after:StudentAgent.t_WaitCredential,11,11,8,0
roots5_run02,0,after:StudentAgent.t_ReceiveCredential,11,11,8,0
roots5_run02,1,after:StudentAgent.t_ReceiveCredential,11,11,8,0
roots5_run02,2,after:StudentAgent.t_ReceiveCredential,11,11,8,0
roots5_run02,3,after:StudentAgent.t_ReceiveCredential,11,11,8,0
roots5_run02,4,after:StudentAgent.t_ReceiveCredential,11,11,8,0
roots5_run02,0,after:StudentAgent.t_AcceptCredential,11,11,9,0
roots5_run02,1,after:StudentAgent.t_AcceptCredential,11,11,9,0
roots5_run02,2,after:StudentAgent.t_AcceptCredential,11,11,9,0
roots5_run02,3,after:StudentAgent.t_AcceptCredential,11,11,9,0
roots5_run02,4,after:StudentAgent.t_AcceptCredential,11,11,9,0
roots5_run02,0,after:HEDULedgerNet.t_Order,11,11,9,0
roots5_run02,1,after:HEDULedgerNet.t_Order,11,11,9,0
roots5_run02,2,after:HEDULedgerNet.t_Order,11,11,9,0
roots5_run02,3,after:HEDULedgerNet.t_Order,11,11,9,0
roots5_run02,4,after:HEDULedgerNet.t_Order,11,11,9,0
roots5_run02,0,after:HEDULedgerNet.t_Validate,11,11,9,0
roots5_run02,1,after:HEDULedgerNet.t_Validate,11,11,9,0
roots5_run02,2,after:HEDULedgerNet.t_Validate,11,11,9,0
roots5_run02,3,after:HEDULedgerNet.t_Validate,11,11,9,0
roots5_run02,4,after:HEDULedgerNet.t_Validate,11,11,9,0
roots5_run02,0,after:HEDULedgerNet.t_Commit,11,11,9,0
roots5_run02,1,after:HEDULedgerNet.t_Commit,11,11,9,0
roots5_run02,2,after:HEDULedgerNet.t_Commit,11,11,9,0
roots5_run02,3,after:HEDULedgerNet.t_Commit,11,11,9,0
roots5_run02,4,after:HEDULedgerNet.t_Commit,11,11,9,0
roots5_run02,0,after:HEDULedgerNet.t_Anchor,11,11,9,0
roots5_run02,1,after:HEDULedgerNet.t_Anchor,11,11,9,0
roots5_run02,2,after:HEDULedgerNet.t_Anchor,11,11,9,0
roots5_run02,3,after:HEDULedgerNet.t_Anchor,11,11,9,0
roots5_run02,4,after:HEDULedgerNet.t_Anchor,11,11,9,0
roots5_run02,0,after:StudentAgent.t_GenerateVP,11,11,9,0
roots5_run02,1,after:StudentAgent.t_GenerateVP,11,11,9,0
roots5_run02,2,after:StudentAgent.t_GenerateVP,11,11,9,0
roots5_run02,3,after:StudentAgent.t_GenerateVP,11,11,9,0
roots5_run02,4,after:StudentAgent.t_GenerateVP,11,11,9,0
roots5_run02,0,after:StudentAgent.t_ShareVP,11,11,10,0
roots5_run02,1,after:StudentAgent.t_ShareVP,11,11,10,0
roots5_run02,2,after:StudentAgent.t_ShareVP,11,11,10,0
roots5_run02,3,after:StudentAgent.t_ShareVP,11,11,10,0
roots5_run02,4,after:StudentAgent.t_ShareVP,11,11,10,0
roots5_run02,0,after:HRAgent.t_ParseVP,11,11,10,0
roots5_run02,1,after:HRAgent.t_ParseVP,11,11,10,0
roots5_run02,2,after:HRAgent.t_ParseVP,11,11,10,0
roots5_run02,3,after:HRAgent.t_ParseVP,11,11,10,0
roots5_run02,4,after:HRAgent.t_ParseVP,11,11,10,0
roots5_run02,0,after:CompetencyNet.t_Agg_Ingest,11,11,10,0
roots5_run02,1,after:CompetencyNet.t_Agg_Ingest,11,11,10,0
roots5_run02,2,after:CompetencyNet.t_Agg_Ingest,11,11,10,0
roots5_run02,3,after:CompetencyNet.t_Agg_Ingest,11,11,10,0
roots5_run02,4,after:CompetencyNet.t_Agg_Ingest,11,11,10,0
roots5_run02,0,after:HRAgent.t_SemanticMatch,11,11,10,0
roots5_run02,1,after:HRAgent.t_SemanticMatch,11,11,10,0
roots5_run02,2,after:HRAgent.t_SemanticMatch,11,11,10,0
roots5_run02,3,after:HRAgent.t_SemanticMatch,11,11,10,0
roots5_run02,4,after:HRAgent.t_SemanticMatch,11,11,10,0
roots5_run02,0,after:HRAgent.t_GapAnalysis,11,11,10,0
roots5_run02,1,after:HRAgent.t_GapAnalysis,11,11,10,0
roots5_run02,2,after:HRAgent.t_GapAnalysis,11,11,10,0
roots5_run02,3,after:HRAgent.t_GapAnalysis,11,11,10,0
roots5_run02,4,after:HRAgent.t_GapAnalysis,11,11,10,0
roots5_run02,0,after:HRAgent.t_GenerateResult,11,11,10,0
roots5_run02,1,after:HRAgent.t_GenerateResult,11,11,10,0
roots5_run02,2,after:HRAgent.t_GenerateResult,11,11,10,0
roots5_run02,3,after:HRAgent.t_GenerateResult,11,11,10,0
roots5_run02,4,after:HRAgent.t_GenerateResult,11,11,10,0
roots5_run02,0,after:WalletNet.t_GenerateVP,11,11,10,0
roots5_run02,1,after:WalletNet.t_GenerateVP,11,11,10,0
roots5_run02,2,after:WalletNet.t_GenerateVP,11,11,10,0
roots5_run02,3,after:WalletNet.t_GenerateVP,11,11,10,0
roots5_run02,4,after:WalletNet.t_GenerateVP,11,11,10,0
roots5_run02,0,after:WalletNet.t_ShareVP,11,11,10,0
roots5_run02,1,after:WalletNet.t_ShareVP,11,11,10,0
roots5_run02,2,after:WalletNet.t_ShareVP,11,11,10,0
roots5_run02,3,after:WalletNet.t_ShareVP,11,11,10,0
roots5_run02,4,after:WalletNet.t_ShareVP,11,11,10,0
roots5_run02,0,terminal,11,11,10,0
roots5_run02,1,terminal,11,11,10,0
roots5_run02,2,terminal,11,11,10,0
roots5_run02,3,terminal,11,11,10,0
roots5_run02,4,terminal,11,11,10,0
roots5_run03,0,creation,9,9,1,0
roots5_run03,1,creation,9,9,1,0
roots5_run03,2,creation,9,9,1,0
roots5_run03,3,creation,9,9,1,0
roots5_run03,4,creation,9,9,1,0
roots5_run03,0,after:StudentAgent.t_SubmitEvidence,10,10,4,0
roots5_run03,1,after:StudentAgent.t_SubmitEvidence,10,10,4,0
roots5_run03,2,after:StudentAgent.t_SubmitEvidence,10,10,4,0
roots5_run03,3,after:StudentAgent.t_SubmitEvidence,10,10,4,0
roots5_run03,4,after:StudentAgent.t_SubmitEvidence,10,10,4,0
roots5_run03,0,after:EvidenceNet.t_LMS_Submit,10,10,4,0
roots5_run03,1,after:EvidenceNet.t_LMS_Submit,10,10,4,0
roots5_run03,2,after:EvidenceNet.t_LMS_Submit,10,10,4,0
roots5_run03,3,after:EvidenceNet.t_LMS_Submit,10,10,4,0
roots5_run03,4,after:EvidenceNet.t_LMS_Submit,10,10,4,0
roots5_run03,0,after:EvidenceNet.t_Review_Request,10,10,4,0
roots5_run03,1,after:EvidenceNet.t_Review_Request,10,10,4,0
roots5_run03,2,after:EvidenceNet.t_Review_Request,10,10,4,0
roots5_run03,3,after:EvidenceNet.t_Review_Request,10,10,4,0
roots5_run03,4,after:EvidenceNet.t_Review_Request,10,10,4,0
roots5_run03,0,after:ProfessorAgent.t_StartReview,10,10,4,0
roots5_run03,1,after:ProfessorAgent.t_StartReview,10,10,4,0
roots5_run03,2,after:ProfessorAgent.t_StartReview,10,10,4,0
roots5_run03,3,after:ProfessorAgent.t_StartReview,10,10,4,0
roots5_run03,4,after:ProfessorAgent.t_StartReview,10,10,4,0
roots5_run03,0,after:ProfessorAgent.t_AssessEvidence,10,10,4,0
roots5_run03,1,after:ProfessorAgent.t_AssessEvidence,10,10,4,0
roots5_run03,2,after:ProfessorAgent.t_AssessEvidence,10,10,4,0
roots5_run03,3,after:ProfessorAgent.t_AssessEvidence,10,10,4,0
roots5_run03,4,after:ProfessorAgent.t_AssessEvidence,10,10,4,0
roots5_run03,0,after:ProfessorAgent.t_ApproveEvidence,10,10,5,0
roots5_run03,1,after:ProfessorAgent.t_ApproveEvidence,10,10,5,0
roots5_run03,2,after:ProfessorAgent.t_ApproveEvidence,10,10,5,0
roots5_run03,3,after:ProfessorAgent.t_ApproveEvidence,10,10,5,0
roots5_run03,4,after:ProfessorAgent.t_ApproveEvidence,10,10,5,0
roots5_run03,0,after:UniversityAgent.t_VerifyEvidence,10,10,5,0
roots5_run03,1,after:UniversityAgent.t_VerifyEvidence,10,10,5,0
roots5_run03,2,after:UniversityAgent.t_VerifyEvidence,10,10,5,0
roots5_run03,3,after:UniversityAgent.t_VerifyEvidence,10,10,5,0
roots5_run03,4,after:UniversityAgent.t_VerifyEvidence,10,10,5,0
roots5_run03,0,after:UniversityAgent.t_RequestCredential,11,11,7,0
roots5_run03,1,after:UniversityAgent.t_RequestCredential,11,11,7,0
roots5_run03,2,after:UniversityAgent.t_RequestCredential,11,11,7,0
roots5_run03,3,after:UniversityAgent.t_RequestCredential,11,11,7,0
roots5_run03,4,after:UniversityAgent.t_RequestCredential,11,11,7,0
roots5_run03,0,after:CompetencyNet.t_Verification_Pass,11,11,7,0
roots5_run03,1,after:CompetencyNet.t_Verification_Pass,11,11,7,0
roots5_run03,2,after:CompetencyNet.t_Verification_Pass,11,11,7,0
roots5_run03,3,after:CompetencyNet.t_Verification_Pass,11,11,7,0
roots5_run03,4,after:CompetencyNet.t_Verification_Pass,11,11,7,0
roots5_run03,0,after:UniversityAgent.t_IssueCredential,11,11,8,0
roots5_run03,1,after:UniversityAgent.t_IssueCredential,11,11,8,0
roots5_run03,2,after:UniversityAgent.t_IssueCredential,11,11,8,0
roots5_run03,3,after:UniversityAgent.t_IssueCredential,11,11,8,0
roots5_run03,4,after:UniversityAgent.t_IssueCredential,11,11,8,0
roots5_run03,0,after:StudentAgent.t_WaitCredential,11,11,8,0
roots5_run03,1,after:StudentAgent.t_WaitCredential,11,11,8,0
roots5_run03,2,after:StudentAgent.t_WaitCredential,11,11,8,0
roots5_run03,3,after:StudentAgent.t_WaitCredential,11,11,8,0
roots5_run03,4,after:StudentAgent.t_WaitCredential,11,11,8,0
roots5_run03,0,after:StudentAgent.t_ReceiveCredential,11,11,8,0
roots5_run03,1,after:StudentAgent.t_ReceiveCredential,11,11,8,0
roots5_run03,2,after:StudentAgent.t_ReceiveCredential,11,11,8,0
roots5_run03,3,after:StudentAgent.t_ReceiveCredential,11,11,8,0
roots5_run03,4,after:StudentAgent.t_ReceiveCredential,11,11,8,0
roots5_run03,0,after:StudentAgent.t_AcceptCredential,11,11,9,0
roots5_run03,1,after:StudentAgent.t_AcceptCredential,11,11,9,0
roots5_run03,2,after:StudentAgent.t_AcceptCredential,11,11,9,0
roots5_run03,3,after:StudentAgent.t_AcceptCredential,11,11,9,0
roots5_run03,4,after:StudentAgent.t_AcceptCredential,11,11,9,0
roots5_run03,0,after:HEDULedgerNet.t_Order,11,11,9,0
roots5_run03,1,after:HEDULedgerNet.t_Order,11,11,9,0
roots5_run03,2,after:HEDULedgerNet.t_Order,11,11,9,0
roots5_run03,3,after:HEDULedgerNet.t_Order,11,11,9,0
roots5_run03,4,after:HEDULedgerNet.t_Order,11,11,9,0
roots5_run03,0,after:HEDULedgerNet.t_Validate,11,11,9,0
roots5_run03,1,after:HEDULedgerNet.t_Validate,11,11,9,0
roots5_run03,2,after:HEDULedgerNet.t_Validate,11,11,9,0
roots5_run03,3,after:HEDULedgerNet.t_Validate,11,11,9,0
roots5_run03,4,after:HEDULedgerNet.t_Validate,11,11,9,0
roots5_run03,0,after:HEDULedgerNet.t_Commit,11,11,9,0
roots5_run03,1,after:HEDULedgerNet.t_Commit,11,11,9,0
roots5_run03,2,after:HEDULedgerNet.t_Commit,11,11,9,0
roots5_run03,3,after:HEDULedgerNet.t_Commit,11,11,9,0
roots5_run03,4,after:HEDULedgerNet.t_Commit,11,11,9,0
roots5_run03,0,after:HEDULedgerNet.t_Anchor,11,11,9,0
roots5_run03,1,after:HEDULedgerNet.t_Anchor,11,11,9,0
roots5_run03,2,after:HEDULedgerNet.t_Anchor,11,11,9,0
roots5_run03,3,after:HEDULedgerNet.t_Anchor,11,11,9,0
roots5_run03,4,after:HEDULedgerNet.t_Anchor,11,11,9,0
roots5_run03,0,after:StudentAgent.t_GenerateVP,11,11,9,0
roots5_run03,1,after:StudentAgent.t_GenerateVP,11,11,9,0
roots5_run03,2,after:StudentAgent.t_GenerateVP,11,11,9,0
roots5_run03,3,after:StudentAgent.t_GenerateVP,11,11,9,0
roots5_run03,4,after:StudentAgent.t_GenerateVP,11,11,9,0
roots5_run03,0,after:StudentAgent.t_ShareVP,11,11,10,0
roots5_run03,1,after:StudentAgent.t_ShareVP,11,11,10,0
roots5_run03,2,after:StudentAgent.t_ShareVP,11,11,10,0
roots5_run03,3,after:StudentAgent.t_ShareVP,11,11,10,0
roots5_run03,4,after:StudentAgent.t_ShareVP,11,11,10,0
roots5_run03,0,after:HRAgent.t_ParseVP,11,11,10,0
roots5_run03,1,after:HRAgent.t_ParseVP,11,11,10,0
roots5_run03,2,after:HRAgent.t_ParseVP,11,11,10,0
roots5_run03,3,after:HRAgent.t_ParseVP,11,11,10,0
roots5_run03,4,after:HRAgent.t_ParseVP,11,11,10,0
roots5_run03,0,after:CompetencyNet.t_Agg_Ingest,11,11,10,0
roots5_run03,1,after:CompetencyNet.t_Agg_Ingest,11,11,10,0
roots5_run03,2,after:CompetencyNet.t_Agg_Ingest,11,11,10,0
roots5_run03,3,after:CompetencyNet.t_Agg_Ingest,11,11,10,0
roots5_run03,4,after:CompetencyNet.t_Agg_Ingest,11,11,10,0
roots5_run03,0,after:HRAgent.t_SemanticMatch,11,11,10,0
roots5_run03,1,after:HRAgent.t_SemanticMatch,11,11,10,0
roots5_run03,2,after:HRAgent.t_SemanticMatch,11,11,10,0
roots5_run03,3,after:HRAgent.t_SemanticMatch,11,11,10,0
roots5_run03,4,after:HRAgent.t_SemanticMatch,11,11,10,0
roots5_run03,0,after:HRAgent.t_GapAnalysis,11,11,10,0
roots5_run03,1,after:HRAgent.t_GapAnalysis,11,11,10,0
roots5_run03,2,after:HRAgent.t_GapAnalysis,11,11,10,0
roots5_run03,3,after:HRAgent.t_GapAnalysis,11,11,10,0
roots5_run03,4,after:HRAgent.t_GapAnalysis,11,11,10,0
roots5_run03,0,after:HRAgent.t_GenerateResult,11,11,10,0
roots5_run03,1,after:HRAgent.t_GenerateResult,11,11,10,0
roots5_run03,2,after:HRAgent.t_GenerateResult,11,11,10,0
roots5_run03,3,after:HRAgent.t_GenerateResult,11,11,10,0
roots5_run03,4,after:HRAgent.t_GenerateResult,11,11,10,0
roots5_run03,0,after:WalletNet.t_GenerateVP,11,11,10,0
roots5_run03,1,after:WalletNet.t_GenerateVP,11,11,10,0
roots5_run03,2,after:WalletNet.t_GenerateVP,11,11,10,0
roots5_run03,3,after:WalletNet.t_GenerateVP,11,11,10,0
roots5_run03,4,after:WalletNet.t_GenerateVP,11,11,10,0
roots5_run03,0,after:WalletNet.t_ShareVP,11,11,10,0
roots5_run03,1,after:WalletNet.t_ShareVP,11,11,10,0
roots5_run03,2,after:WalletNet.t_ShareVP,11,11,10,0
roots5_run03,3,after:WalletNet.t_ShareVP,11,11,10,0
roots5_run03,4,after:WalletNet.t_ShareVP,11,11,10,0
roots5_run03,0,terminal,11,11,10,0
roots5_run03,1,terminal,11,11,10,0
roots5_run03,2,terminal,11,11,10,0
roots5_run03,3,terminal,11,11,10,0
roots5_run03,4,terminal,11,11,10,0
roots5_run04,0,creation,9,9,1,0
roots5_run04,1,creation,9,9,1,0
roots5_run04,2,creation,9,9,1,0
roots5_run04,3,creation,9,9,1,0
roots5_run04,4,creation,9,9,1,0
roots5_run04,0,after:StudentAgent.t_SubmitEvidence,10,10,4,0
roots5_run04,1,after:StudentAgent.t_SubmitEvidence,10,10,4,0
roots5_run04,2,after:StudentAgent.t_SubmitEvidence,10,10,4,0
roots5_run04,3,after:StudentAgent.t_SubmitEvidence,10,10,4,0
roots5_run04,4,after:StudentAgent.t_SubmitEvidence,10,10,4,0
roots5_run04,0,after:EvidenceNet.t_LMS_Submit,10,10,4,0
roots5_run04,1,after:EvidenceNet.t_LMS_Submit,10,10,4,0
roots5_run04,2,after:EvidenceNet.t_LMS_Submit,10,10,4,0
roots5_run04,3,after:EvidenceNet.t_LMS_Submit,10,10,4,0
roots5_run04,4,after:EvidenceNet.t_LMS_Submit,10,10,4,0
roots5_run04,0,after:EvidenceNet.t_Review_Request,10,10,4,0
roots5_run04,1,after:EvidenceNet.t_Review_Request,10,10,4,0
roots5_run04,2,after:EvidenceNet.t_Review_Request,10,10,4,0
roots5_run04,3,after:EvidenceNet.t_Review_Request,10,10,4,0
roots5_run04,4,after:EvidenceNet.t_Review_Request,10,10,4,0
roots5_run04,0,after:ProfessorAgent.t_StartReview,10,10,4,0
roots5_run04,1,after:ProfessorAgent.t_StartReview,10,10,4,0
roots5_run04,2,after:ProfessorAgent.t_StartReview,10,10,4,0
roots5_run04,3,after:ProfessorAgent.t_StartReview,10,10,4,0
roots5_run04,4,after:ProfessorAgent.t_StartReview,10,10,4,0
roots5_run04,0,after:ProfessorAgent.t_AssessEvidence,10,10,4,0
roots5_run04,1,after:ProfessorAgent.t_AssessEvidence,10,10,4,0
roots5_run04,2,after:ProfessorAgent.t_AssessEvidence,10,10,4,0
roots5_run04,3,after:ProfessorAgent.t_AssessEvidence,10,10,4,0
roots5_run04,4,after:ProfessorAgent.t_AssessEvidence,10,10,4,0
roots5_run04,0,after:ProfessorAgent.t_ApproveEvidence,10,10,5,0
roots5_run04,1,after:ProfessorAgent.t_ApproveEvidence,10,10,5,0
roots5_run04,2,after:ProfessorAgent.t_ApproveEvidence,10,10,5,0
roots5_run04,3,after:ProfessorAgent.t_ApproveEvidence,10,10,5,0
roots5_run04,4,after:ProfessorAgent.t_ApproveEvidence,10,10,5,0
roots5_run04,0,after:UniversityAgent.t_VerifyEvidence,10,10,5,0
roots5_run04,1,after:UniversityAgent.t_VerifyEvidence,10,10,5,0
roots5_run04,2,after:UniversityAgent.t_VerifyEvidence,10,10,5,0
roots5_run04,3,after:UniversityAgent.t_VerifyEvidence,10,10,5,0
roots5_run04,4,after:UniversityAgent.t_VerifyEvidence,10,10,5,0
roots5_run04,0,after:UniversityAgent.t_RequestCredential,11,11,7,0
roots5_run04,1,after:UniversityAgent.t_RequestCredential,11,11,7,0
roots5_run04,2,after:UniversityAgent.t_RequestCredential,11,11,7,0
roots5_run04,3,after:UniversityAgent.t_RequestCredential,11,11,7,0
roots5_run04,4,after:UniversityAgent.t_RequestCredential,11,11,7,0
roots5_run04,0,after:CompetencyNet.t_Verification_Pass,11,11,7,0
roots5_run04,1,after:CompetencyNet.t_Verification_Pass,11,11,7,0
roots5_run04,2,after:CompetencyNet.t_Verification_Pass,11,11,7,0
roots5_run04,3,after:CompetencyNet.t_Verification_Pass,11,11,7,0
roots5_run04,4,after:CompetencyNet.t_Verification_Pass,11,11,7,0
roots5_run04,0,after:UniversityAgent.t_IssueCredential,11,11,8,0
roots5_run04,1,after:UniversityAgent.t_IssueCredential,11,11,8,0
roots5_run04,2,after:UniversityAgent.t_IssueCredential,11,11,8,0
roots5_run04,3,after:UniversityAgent.t_IssueCredential,11,11,8,0
roots5_run04,4,after:UniversityAgent.t_IssueCredential,11,11,8,0
roots5_run04,0,after:StudentAgent.t_WaitCredential,11,11,8,0
roots5_run04,1,after:StudentAgent.t_WaitCredential,11,11,8,0
roots5_run04,2,after:StudentAgent.t_WaitCredential,11,11,8,0
roots5_run04,3,after:StudentAgent.t_WaitCredential,11,11,8,0
roots5_run04,4,after:StudentAgent.t_WaitCredential,11,11,8,0
roots5_run04,0,after:StudentAgent.t_ReceiveCredential,11,11,8,0
roots5_run04,1,after:StudentAgent.t_ReceiveCredential,11,11,8,0
roots5_run04,2,after:StudentAgent.t_ReceiveCredential,11,11,8,0
roots5_run04,3,after:StudentAgent.t_ReceiveCredential,11,11,8,0
roots5_run04,4,after:StudentAgent.t_ReceiveCredential,11,11,8,0
roots5_run04,0,after:StudentAgent.t_AcceptCredential,11,11,9,0
roots5_run04,1,after:StudentAgent.t_AcceptCredential,11,11,9,0
roots5_run04,2,after:StudentAgent.t_AcceptCredential,11,11,9,0
roots5_run04,3,after:StudentAgent.t_AcceptCredential,11,11,9,0
roots5_run04,4,after:StudentAgent.t_AcceptCredential,11,11,9,0
roots5_run04,0,after:HEDULedgerNet.t_Order,11,11,9,0
roots5_run04,1,after:HEDULedgerNet.t_Order,11,11,9,0
roots5_run04,2,after:HEDULedgerNet.t_Order,11,11,9,0
roots5_run04,3,after:HEDULedgerNet.t_Order,11,11,9,0
roots5_run04,4,after:HEDULedgerNet.t_Order,11,11,9,0
roots5_run04,0,after:HEDULedgerNet.t_Validate,11,11,9,0
roots5_run04,1,after:HEDULedgerNet.t_Validate,11,11,9,0
roots5_run04,2,after:HEDULedgerNet.t_Validate,11,11,9,0
roots5_run04,3,after:HEDULedgerNet.t_Validate,11,11,9,0
roots5_run04,4,after:HEDULedgerNet.t_Validate,11,11,9,0
roots5_run04,0,after:HEDULedgerNet.t_Commit,11,11,9,0
roots5_run04,1,after:HEDULedgerNet.t_Commit,11,11,9,0
roots5_run04,2,after:HEDULedgerNet.t_Commit,11,11,9,0
roots5_run04,3,after:HEDULedgerNet.t_Commit,11,11,9,0
roots5_run04,4,after:HEDULedgerNet.t_Commit,11,11,9,0
roots5_run04,0,after:HEDULedgerNet.t_Anchor,11,11,9,0
roots5_run04,1,after:HEDULedgerNet.t_Anchor,11,11,9,0
roots5_run04,2,after:HEDULedgerNet.t_Anchor,11,11,9,0
roots5_run04,3,after:HEDULedgerNet.t_Anchor,11,11,9,0
roots5_run04,4,after:HEDULedgerNet.t_Anchor,11,11,9,0
roots5_run04,0,after:StudentAgent.t_GenerateVP,11,11,9,0
roots5_run04,1,after:StudentAgent.t_GenerateVP,11,11,9,0
roots5_run04,2,after:StudentAgent.t_GenerateVP,11,11,9,0
roots5_run04,3,after:StudentAgent.t_GenerateVP,11,11,9,0
roots5_run04,4,after:StudentAgent.t_GenerateVP,11,11,9,0
roots5_run04,0,after:StudentAgent.t_ShareVP,11,11,10,0
roots5_run04,1,after:StudentAgent.t_ShareVP,11,11,10,0
roots5_run04,2,after:StudentAgent.t_ShareVP,11,11,10,0
roots5_run04,3,after:StudentAgent.t_ShareVP,11,11,10,0
roots5_run04,4,after:StudentAgent.t_ShareVP,11,11,10,0
roots5_run04,0,after:HRAgent.t_ParseVP,11,11,10,0
roots5_run04,1,after:HRAgent.t_ParseVP,11,11,10,0
roots5_run04,2,after:HRAgent.t_ParseVP,11,11,10,0
roots5_run04,3,after:HRAgent.t_ParseVP,11,11,10,0
roots5_run04,4,after:HRAgent.t_ParseVP,11,11,10,0
roots5_run04,0,after:CompetencyNet.t_Agg_Ingest,11,11,10,0
roots5_run04,1,after:CompetencyNet.t_Agg_Ingest,11,11,10,0
roots5_run04,2,after:CompetencyNet.t_Agg_Ingest,11,11,10,0
roots5_run04,3,after:CompetencyNet.t_Agg_Ingest,11,11,10,0
roots5_run04,4,after:CompetencyNet.t_Agg_Ingest,11,11,10,0
roots5_run04,0,after:HRAgent.t_SemanticMatch,11,11,10,0
roots5_run04,1,after:HRAgent.t_SemanticMatch,11,11,10,0
roots5_run04,2,after:HRAgent.t_SemanticMatch,11,11,10,0
roots5_run04,3,after:HRAgent.t_SemanticMatch,11,11,10,0
roots5_run04,4,after:HRAgent.t_SemanticMatch,11,11,10,0
roots5_run04,0,after:HRAgent.t_GapAnalysis,11,11,10,0
roots5_run04,1,after:HRAgent.t_GapAnalysis,11,11,10,0
roots5_run04,2,after:HRAgent.t_GapAnalysis,11,11,10,0
roots5_run04,3,after:HRAgent.t_GapAnalysis,11,11,10,0
roots5_run04,4,after:HRAgent.t_GapAnalysis,11,11,10,0
roots5_run04,0,after:HRAgent.t_GenerateResult,11,11,10,0
roots5_run04,1,after:HRAgent.t_GenerateResult,11,11,10,0
roots5_run04,2,after:HRAgent.t_GenerateResult,11,11,10,0
roots5_run04,3,after:HRAgent.t_GenerateResult,11,11,10,0
roots5_run04,4,after:HRAgent.t_GenerateResult,11,11,10,0
roots5_run04,0,after:WalletNet.t_GenerateVP,11,11,10,0
roots5_run04,1,after:WalletNet.t_GenerateVP,11,11,10,0
roots5_run04,2,after:WalletNet.t_GenerateVP,11,11,10,0
roots5_run04,3,after:WalletNet.t_GenerateVP,11,11,10,0
roots5_run04,4,after:WalletNet.t_GenerateVP,11,11,10,0
roots5_run04,0,after:WalletNet.t_ShareVP,11,11,10,0
roots5_run04,1,after:WalletNet.t_ShareVP,11,11,10,0
roots5_run04,2,after:WalletNet.t_ShareVP,11,11,10,0
roots5_run04,3,after:WalletNet.t_ShareVP,11,11,10,0
roots5_run04,4,after:WalletNet.t_ShareVP,11,11,10,0
roots5_run04,0,terminal,11,11,10,0
roots5_run04,1,terminal,11,11,10,0
roots5_run04,2,terminal,11,11,10,0
roots5_run04,3,terminal,11,11,10,0
roots5_run04,4,terminal,11,11,10,0
roots5_run05,0,creation,9,9,1,0
roots5_run05,1,creation,9,9,1,0
roots5_run05,2,creation,9,9,1,0
roots5_run05,3,creation,9,9,1,0
roots5_run05,4,creation,9,9,1,0
roots5_run05,0,after:StudentAgent.t_SubmitEvidence,10,10,4,0
roots5_run05,1,after:StudentAgent.t_SubmitEvidence,10,10,4,0
roots5_run05,2,after:StudentAgent.t_SubmitEvidence,10,10,4,0
roots5_run05,3,after:StudentAgent.t_SubmitEvidence,10,10,4,0
roots5_run05,4,after:StudentAgent.t_SubmitEvidence,10,10,4,0
roots5_run05,0,after:EvidenceNet.t_LMS_Submit,10,10,4,0
roots5_run05,1,after:EvidenceNet.t_LMS_Submit,10,10,4,0
roots5_run05,2,after:EvidenceNet.t_LMS_Submit,10,10,4,0
roots5_run05,3,after:EvidenceNet.t_LMS_Submit,10,10,4,0
roots5_run05,4,after:EvidenceNet.t_LMS_Submit,10,10,4,0
roots5_run05,0,after:EvidenceNet.t_Review_Request,10,10,4,0
roots5_run05,1,after:EvidenceNet.t_Review_Request,10,10,4,0
roots5_run05,2,after:EvidenceNet.t_Review_Request,10,10,4,0
roots5_run05,3,after:EvidenceNet.t_Review_Request,10,10,4,0
roots5_run05,4,after:EvidenceNet.t_Review_Request,10,10,4,0
roots5_run05,0,after:ProfessorAgent.t_StartReview,10,10,4,0
roots5_run05,1,after:ProfessorAgent.t_StartReview,10,10,4,0
roots5_run05,2,after:ProfessorAgent.t_StartReview,10,10,4,0
roots5_run05,3,after:ProfessorAgent.t_StartReview,10,10,4,0
roots5_run05,4,after:ProfessorAgent.t_StartReview,10,10,4,0
roots5_run05,0,after:ProfessorAgent.t_AssessEvidence,10,10,4,0
roots5_run05,1,after:ProfessorAgent.t_AssessEvidence,10,10,4,0
roots5_run05,2,after:ProfessorAgent.t_AssessEvidence,10,10,4,0
roots5_run05,3,after:ProfessorAgent.t_AssessEvidence,10,10,4,0
roots5_run05,4,after:ProfessorAgent.t_AssessEvidence,10,10,4,0
roots5_run05,0,after:ProfessorAgent.t_ApproveEvidence,10,10,5,0
roots5_run05,1,after:ProfessorAgent.t_ApproveEvidence,10,10,5,0
roots5_run05,2,after:ProfessorAgent.t_ApproveEvidence,10,10,5,0
roots5_run05,3,after:ProfessorAgent.t_ApproveEvidence,10,10,5,0
roots5_run05,4,after:ProfessorAgent.t_ApproveEvidence,10,10,5,0
roots5_run05,0,after:UniversityAgent.t_VerifyEvidence,10,10,5,0
roots5_run05,1,after:UniversityAgent.t_VerifyEvidence,10,10,5,0
roots5_run05,2,after:UniversityAgent.t_VerifyEvidence,10,10,5,0
roots5_run05,3,after:UniversityAgent.t_VerifyEvidence,10,10,5,0
roots5_run05,4,after:UniversityAgent.t_VerifyEvidence,10,10,5,0
roots5_run05,0,after:UniversityAgent.t_RequestCredential,11,11,7,0
roots5_run05,1,after:UniversityAgent.t_RequestCredential,11,11,7,0
roots5_run05,2,after:UniversityAgent.t_RequestCredential,11,11,7,0
roots5_run05,3,after:UniversityAgent.t_RequestCredential,11,11,7,0
roots5_run05,4,after:UniversityAgent.t_RequestCredential,11,11,7,0
roots5_run05,0,after:CompetencyNet.t_Verification_Pass,11,11,7,0
roots5_run05,1,after:CompetencyNet.t_Verification_Pass,11,11,7,0
roots5_run05,2,after:CompetencyNet.t_Verification_Pass,11,11,7,0
roots5_run05,3,after:CompetencyNet.t_Verification_Pass,11,11,7,0
roots5_run05,4,after:CompetencyNet.t_Verification_Pass,11,11,7,0
roots5_run05,0,after:UniversityAgent.t_IssueCredential,11,11,8,0
roots5_run05,1,after:UniversityAgent.t_IssueCredential,11,11,8,0
roots5_run05,2,after:UniversityAgent.t_IssueCredential,11,11,8,0
roots5_run05,3,after:UniversityAgent.t_IssueCredential,11,11,8,0
roots5_run05,4,after:UniversityAgent.t_IssueCredential,11,11,8,0
roots5_run05,0,after:StudentAgent.t_WaitCredential,11,11,8,0
roots5_run05,1,after:StudentAgent.t_WaitCredential,11,11,8,0
roots5_run05,2,after:StudentAgent.t_WaitCredential,11,11,8,0
roots5_run05,3,after:StudentAgent.t_WaitCredential,11,11,8,0
roots5_run05,4,after:StudentAgent.t_WaitCredential,11,11,8,0
roots5_run05,0,after:StudentAgent.t_ReceiveCredential,11,11,8,0
roots5_run05,1,after:StudentAgent.t_ReceiveCredential,11,11,8,0
roots5_run05,2,after:StudentAgent.t_ReceiveCredential,11,11,8,0
roots5_run05,3,after:StudentAgent.t_ReceiveCredential,11,11,8,0
roots5_run05,4,after:StudentAgent.t_ReceiveCredential,11,11,8,0
roots5_run05,0,after:StudentAgent.t_AcceptCredential,11,11,9,0
roots5_run05,1,after:StudentAgent.t_AcceptCredential,11,11,9,0
roots5_run05,2,after:StudentAgent.t_AcceptCredential,11,11,9,0
roots5_run05,3,after:StudentAgent.t_AcceptCredential,11,11,9,0
roots5_run05,4,after:StudentAgent.t_AcceptCredential,11,11,9,0
roots5_run05,0,after:HEDULedgerNet.t_Order,11,11,9,0
roots5_run05,1,after:HEDULedgerNet.t_Order,11,11,9,0
roots5_run05,2,after:HEDULedgerNet.t_Order,11,11,9,0
roots5_run05,3,after:HEDULedgerNet.t_Order,11,11,9,0
roots5_run05,4,after:HEDULedgerNet.t_Order,11,11,9,0
roots5_run05,0,after:HEDULedgerNet.t_Validate,11,11,9,0
roots5_run05,1,after:HEDULedgerNet.t_Validate,11,11,9,0
roots5_run05,2,after:HEDULedgerNet.t_Validate,11,11,9,0
roots5_run05,3,after:HEDULedgerNet.t_Validate,11,11,9,0
roots5_run05,4,after:HEDULedgerNet.t_Validate,11,11,9,0
roots5_run05,0,after:HEDULedgerNet.t_Commit,11,11,9,0
roots5_run05,1,after:HEDULedgerNet.t_Commit,11,11,9,0
roots5_run05,2,after:HEDULedgerNet.t_Commit,11,11,9,0
roots5_run05,3,after:HEDULedgerNet.t_Commit,11,11,9,0
roots5_run05,4,after:HEDULedgerNet.t_Commit,11,11,9,0
roots5_run05,0,after:HEDULedgerNet.t_Anchor,11,11,9,0
roots5_run05,1,after:HEDULedgerNet.t_Anchor,11,11,9,0
roots5_run05,2,after:HEDULedgerNet.t_Anchor,11,11,9,0
roots5_run05,3,after:HEDULedgerNet.t_Anchor,11,11,9,0
roots5_run05,4,after:HEDULedgerNet.t_Anchor,11,11,9,0
roots5_run05,0,after:StudentAgent.t_GenerateVP,11,11,9,0
roots5_run05,1,after:StudentAgent.t_GenerateVP,11,11,9,0
roots5_run05,2,after:StudentAgent.t_GenerateVP,11,11,9,0
roots5_run05,3,after:StudentAgent.t_GenerateVP,11,11,9,0
roots5_run05,4,after:StudentAgent.t_GenerateVP,11,11,9,0
roots5_run05,0,after:StudentAgent.t_ShareVP,11,11,10,0
roots5_run05,1,after:StudentAgent.t_ShareVP,11,11,10,0
roots5_run05,2,after:StudentAgent.t_ShareVP,11,11,10,0
roots5_run05,3,after:StudentAgent.t_ShareVP,11,11,10,0
roots5_run05,4,after:StudentAgent.t_ShareVP,11,11,10,0
roots5_run05,0,after:HRAgent.t_ParseVP,11,11,10,0
roots5_run05,1,after:HRAgent.t_ParseVP,11,11,10,0
roots5_run05,2,after:HRAgent.t_ParseVP,11,11,10,0
roots5_run05,3,after:HRAgent.t_ParseVP,11,11,10,0
roots5_run05,4,after:HRAgent.t_ParseVP,11,11,10,0
roots5_run05,0,after:CompetencyNet.t_Agg_Ingest,11,11,10,0
roots5_run05,1,after:CompetencyNet.t_Agg_Ingest,11,11,10,0
roots5_run05,2,after:CompetencyNet.t_Agg_Ingest,11,11,10,0
roots5_run05,3,after:CompetencyNet.t_Agg_Ingest,11,11,10,0
roots5_run05,4,after:CompetencyNet.t_Agg_Ingest,11,11,10,0
roots5_run05,0,after:HRAgent.t_SemanticMatch,11,11,10,0
roots5_run05,1,after:HRAgent.t_SemanticMatch,11,11,10,0
roots5_run05,2,after:HRAgent.t_SemanticMatch,11,11,10,0
roots5_run05,3,after:HRAgent.t_SemanticMatch,11,11,10,0
roots5_run05,4,after:HRAgent.t_SemanticMatch,11,11,10,0
roots5_run05,0,after:HRAgent.t_GapAnalysis,11,11,10,0
roots5_run05,1,after:HRAgent.t_GapAnalysis,11,11,10,0
roots5_run05,2,after:HRAgent.t_GapAnalysis,11,11,10,0
roots5_run05,3,after:HRAgent.t_GapAnalysis,11,11,10,0
roots5_run05,4,after:HRAgent.t_GapAnalysis,11,11,10,0
roots5_run05,0,after:HRAgent.t_GenerateResult,11,11,10,0
roots5_run05,1,after:HRAgent.t_GenerateResult,11,11,10,0
roots5_run05,2,after:HRAgent.t_GenerateResult,11,11,10,0
roots5_run05,3,after:HRAgent.t_GenerateResult,11,11,10,0
roots5_run05,4,after:HRAgent.t_GenerateResult,11,11,10,0
roots5_run05,0,after:WalletNet.t_GenerateVP,11,11,10,0
roots5_run05,1,after:WalletNet.t_GenerateVP,11,11,10,0
roots5_run05,2,after:WalletNet.t_GenerateVP,11,11,10,0
roots5_run05,3,after:WalletNet.t_GenerateVP,11,11,10,0
roots5_run05,4,after:WalletNet.t_GenerateVP,11,11,10,0
roots5_run05,0,after:WalletNet.t_ShareVP,11,11,10,0
roots5_run05,1,after:WalletNet.t_ShareVP,11,11,10,0
roots5_run05,2,after:WalletNet.t_ShareVP,11,11,10,0
roots5_run05,3,after:WalletNet.t_ShareVP,11,11,10,0
roots5_run05,4,after:WalletNet.t_ShareVP,11,11,10,0
roots5_run05,0,terminal,11,11,10,0
roots5_run05,1,terminal,11,11,10,0
roots5_run05,2,terminal,11,11,10,0
roots5_run05,3,terminal,11,11,10,0
roots5_run05,4,terminal,11,11,10,0
roots5_run06,0,creation,9,9,1,0
roots5_run06,1,creation,9,9,1,0
roots5_run06,2,creation,9,9,1,0
roots5_run06,3,creation,9,9,1,0
roots5_run06,4,creation,9,9,1,0
roots5_run06,0,after:StudentAgent.t_SubmitEvidence,10,10,4,0
roots5_run06,1,after:StudentAgent.t_SubmitEvidence,10,10,4,0
roots5_run06,2,after:StudentAgent.t_SubmitEvidence,10,10,4,0
roots5_run06,3,after:StudentAgent.t_SubmitEvidence,10,10,4,0
roots5_run06,4,after:StudentAgent.t_SubmitEvidence,10,10,4,0
roots5_run06,0,after:EvidenceNet.t_LMS_Submit,10,10,4,0
roots5_run06,1,after:EvidenceNet.t_LMS_Submit,10,10,4,0
roots5_run06,2,after:EvidenceNet.t_LMS_Submit,10,10,4,0
roots5_run06,3,after:EvidenceNet.t_LMS_Submit,10,10,4,0
roots5_run06,4,after:EvidenceNet.t_LMS_Submit,10,10,4,0
roots5_run06,0,after:EvidenceNet.t_Review_Request,10,10,4,0
roots5_run06,1,after:EvidenceNet.t_Review_Request,10,10,4,0
roots5_run06,2,after:EvidenceNet.t_Review_Request,10,10,4,0
roots5_run06,3,after:EvidenceNet.t_Review_Request,10,10,4,0
roots5_run06,4,after:EvidenceNet.t_Review_Request,10,10,4,0
roots5_run06,0,after:ProfessorAgent.t_StartReview,10,10,4,0
roots5_run06,1,after:ProfessorAgent.t_StartReview,10,10,4,0
roots5_run06,2,after:ProfessorAgent.t_StartReview,10,10,4,0
roots5_run06,3,after:ProfessorAgent.t_StartReview,10,10,4,0
roots5_run06,4,after:ProfessorAgent.t_StartReview,10,10,4,0
roots5_run06,0,after:ProfessorAgent.t_AssessEvidence,10,10,4,0
roots5_run06,1,after:ProfessorAgent.t_AssessEvidence,10,10,4,0
roots5_run06,2,after:ProfessorAgent.t_AssessEvidence,10,10,4,0
roots5_run06,3,after:ProfessorAgent.t_AssessEvidence,10,10,4,0
roots5_run06,4,after:ProfessorAgent.t_AssessEvidence,10,10,4,0
roots5_run06,0,after:ProfessorAgent.t_ApproveEvidence,10,10,5,0
roots5_run06,1,after:ProfessorAgent.t_ApproveEvidence,10,10,5,0
roots5_run06,2,after:ProfessorAgent.t_ApproveEvidence,10,10,5,0
roots5_run06,3,after:ProfessorAgent.t_ApproveEvidence,10,10,5,0
roots5_run06,4,after:ProfessorAgent.t_ApproveEvidence,10,10,5,0
roots5_run06,0,after:UniversityAgent.t_VerifyEvidence,10,10,5,0
roots5_run06,1,after:UniversityAgent.t_VerifyEvidence,10,10,5,0
roots5_run06,2,after:UniversityAgent.t_VerifyEvidence,10,10,5,0
roots5_run06,3,after:UniversityAgent.t_VerifyEvidence,10,10,5,0
roots5_run06,4,after:UniversityAgent.t_VerifyEvidence,10,10,5,0
roots5_run06,0,after:UniversityAgent.t_RequestCredential,11,11,7,0
roots5_run06,1,after:UniversityAgent.t_RequestCredential,11,11,7,0
roots5_run06,2,after:UniversityAgent.t_RequestCredential,11,11,7,0
roots5_run06,3,after:UniversityAgent.t_RequestCredential,11,11,7,0
roots5_run06,4,after:UniversityAgent.t_RequestCredential,11,11,7,0
roots5_run06,0,after:CompetencyNet.t_Verification_Pass,11,11,7,0
roots5_run06,1,after:CompetencyNet.t_Verification_Pass,11,11,7,0
roots5_run06,2,after:CompetencyNet.t_Verification_Pass,11,11,7,0
roots5_run06,3,after:CompetencyNet.t_Verification_Pass,11,11,7,0
roots5_run06,4,after:CompetencyNet.t_Verification_Pass,11,11,7,0
roots5_run06,0,after:UniversityAgent.t_IssueCredential,11,11,8,0
roots5_run06,1,after:UniversityAgent.t_IssueCredential,11,11,8,0
roots5_run06,2,after:UniversityAgent.t_IssueCredential,11,11,8,0
roots5_run06,3,after:UniversityAgent.t_IssueCredential,11,11,8,0
roots5_run06,4,after:UniversityAgent.t_IssueCredential,11,11,8,0
roots5_run06,0,after:StudentAgent.t_WaitCredential,11,11,8,0
roots5_run06,1,after:StudentAgent.t_WaitCredential,11,11,8,0
roots5_run06,2,after:StudentAgent.t_WaitCredential,11,11,8,0
roots5_run06,3,after:StudentAgent.t_WaitCredential,11,11,8,0
roots5_run06,4,after:StudentAgent.t_WaitCredential,11,11,8,0
roots5_run06,0,after:StudentAgent.t_ReceiveCredential,11,11,8,0
roots5_run06,1,after:StudentAgent.t_ReceiveCredential,11,11,8,0
roots5_run06,2,after:StudentAgent.t_ReceiveCredential,11,11,8,0
roots5_run06,3,after:StudentAgent.t_ReceiveCredential,11,11,8,0
roots5_run06,4,after:StudentAgent.t_ReceiveCredential,11,11,8,0
roots5_run06,0,after:StudentAgent.t_AcceptCredential,11,11,9,0
roots5_run06,1,after:StudentAgent.t_AcceptCredential,11,11,9,0
roots5_run06,2,after:StudentAgent.t_AcceptCredential,11,11,9,0
roots5_run06,3,after:StudentAgent.t_AcceptCredential,11,11,9,0
roots5_run06,4,after:StudentAgent.t_AcceptCredential,11,11,9,0
roots5_run06,0,after:HEDULedgerNet.t_Order,11,11,9,0
roots5_run06,1,after:HEDULedgerNet.t_Order,11,11,9,0
roots5_run06,2,after:HEDULedgerNet.t_Order,11,11,9,0
roots5_run06,3,after:HEDULedgerNet.t_Order,11,11,9,0
roots5_run06,4,after:HEDULedgerNet.t_Order,11,11,9,0
roots5_run06,0,after:HEDULedgerNet.t_Validate,11,11,9,0
roots5_run06,1,after:HEDULedgerNet.t_Validate,11,11,9,0
roots5_run06,2,after:HEDULedgerNet.t_Validate,11,11,9,0
roots5_run06,3,after:HEDULedgerNet.t_Validate,11,11,9,0
roots5_run06,4,after:HEDULedgerNet.t_Validate,11,11,9,0
roots5_run06,0,after:HEDULedgerNet.t_Commit,11,11,9,0
roots5_run06,1,after:HEDULedgerNet.t_Commit,11,11,9,0
roots5_run06,2,after:HEDULedgerNet.t_Commit,11,11,9,0
roots5_run06,3,after:HEDULedgerNet.t_Commit,11,11,9,0
roots5_run06,4,after:HEDULedgerNet.t_Commit,11,11,9,0
roots5_run06,0,after:HEDULedgerNet.t_Anchor,11,11,9,0
roots5_run06,1,after:HEDULedgerNet.t_Anchor,11,11,9,0
roots5_run06,2,after:HEDULedgerNet.t_Anchor,11,11,9,0
roots5_run06,3,after:HEDULedgerNet.t_Anchor,11,11,9,0
roots5_run06,4,after:HEDULedgerNet.t_Anchor,11,11,9,0
roots5_run06,0,after:StudentAgent.t_GenerateVP,11,11,9,0
roots5_run06,1,after:StudentAgent.t_GenerateVP,11,11,9,0
roots5_run06,2,after:StudentAgent.t_GenerateVP,11,11,9,0
roots5_run06,3,after:StudentAgent.t_GenerateVP,11,11,9,0
roots5_run06,4,after:StudentAgent.t_GenerateVP,11,11,9,0
roots5_run06,0,after:StudentAgent.t_ShareVP,11,11,10,0
roots5_run06,1,after:StudentAgent.t_ShareVP,11,11,10,0
roots5_run06,2,after:StudentAgent.t_ShareVP,11,11,10,0
roots5_run06,3,after:StudentAgent.t_ShareVP,11,11,10,0
roots5_run06,4,after:StudentAgent.t_ShareVP,11,11,10,0
roots5_run06,0,after:HRAgent.t_ParseVP,11,11,10,0
roots5_run06,1,after:HRAgent.t_ParseVP,11,11,10,0
roots5_run06,2,after:HRAgent.t_ParseVP,11,11,10,0
roots5_run06,3,after:HRAgent.t_ParseVP,11,11,10,0
roots5_run06,4,after:HRAgent.t_ParseVP,11,11,10,0
roots5_run06,0,after:CompetencyNet.t_Agg_Ingest,11,11,10,0
roots5_run06,1,after:CompetencyNet.t_Agg_Ingest,11,11,10,0
roots5_run06,2,after:CompetencyNet.t_Agg_Ingest,11,11,10,0
roots5_run06,3,after:CompetencyNet.t_Agg_Ingest,11,11,10,0
roots5_run06,4,after:CompetencyNet.t_Agg_Ingest,11,11,10,0
roots5_run06,0,after:HRAgent.t_SemanticMatch,11,11,10,0
roots5_run06,1,after:HRAgent.t_SemanticMatch,11,11,10,0
roots5_run06,2,after:HRAgent.t_SemanticMatch,11,11,10,0
roots5_run06,3,after:HRAgent.t_SemanticMatch,11,11,10,0
roots5_run06,4,after:HRAgent.t_SemanticMatch,11,11,10,0
roots5_run06,0,after:HRAgent.t_GapAnalysis,11,11,10,0
roots5_run06,1,after:HRAgent.t_GapAnalysis,11,11,10,0
roots5_run06,2,after:HRAgent.t_GapAnalysis,11,11,10,0
roots5_run06,3,after:HRAgent.t_GapAnalysis,11,11,10,0
roots5_run06,4,after:HRAgent.t_GapAnalysis,11,11,10,0
roots5_run06,0,after:HRAgent.t_GenerateResult,11,11,10,0
roots5_run06,1,after:HRAgent.t_GenerateResult,11,11,10,0
roots5_run06,2,after:HRAgent.t_GenerateResult,11,11,10,0
roots5_run06,3,after:HRAgent.t_GenerateResult,11,11,10,0
roots5_run06,4,after:HRAgent.t_GenerateResult,11,11,10,0
roots5_run06,0,after:WalletNet.t_GenerateVP,11,11,10,0
roots5_run06,1,after:WalletNet.t_GenerateVP,11,11,10,0
roots5_run06,2,after:WalletNet.t_GenerateVP,11,11,10,0
roots5_run06,3,after:WalletNet.t_GenerateVP,11,11,10,0
roots5_run06,4,after:WalletNet.t_GenerateVP,11,11,10,0
roots5_run06,0,after:WalletNet.t_ShareVP,11,11,10,0
roots5_run06,1,after:WalletNet.t_ShareVP,11,11,10,0
roots5_run06,2,after:WalletNet.t_ShareVP,11,11,10,0
roots5_run06,3,after:WalletNet.t_ShareVP,11,11,10,0
roots5_run06,4,after:WalletNet.t_ShareVP,11,11,10,0
roots5_run06,0,terminal,11,11,10,0
roots5_run06,1,terminal,11,11,10,0
roots5_run06,2,terminal,11,11,10,0
roots5_run06,3,terminal,11,11,10,0
roots5_run06,4,terminal,11,11,10,0
roots5_run07,0,creation,9,9,1,0
roots5_run07,1,creation,9,9,1,0
roots5_run07,2,creation,9,9,1,0
roots5_run07,3,creation,9,9,1,0
roots5_run07,4,creation,9,9,1,0
roots5_run07,0,after:StudentAgent.t_SubmitEvidence,10,10,4,0
roots5_run07,1,after:StudentAgent.t_SubmitEvidence,10,10,4,0
roots5_run07,2,after:StudentAgent.t_SubmitEvidence,10,10,4,0
roots5_run07,3,after:StudentAgent.t_SubmitEvidence,10,10,4,0
roots5_run07,4,after:StudentAgent.t_SubmitEvidence,10,10,4,0
roots5_run07,0,after:EvidenceNet.t_LMS_Submit,10,10,4,0
roots5_run07,1,after:EvidenceNet.t_LMS_Submit,10,10,4,0
roots5_run07,2,after:EvidenceNet.t_LMS_Submit,10,10,4,0
roots5_run07,3,after:EvidenceNet.t_LMS_Submit,10,10,4,0
roots5_run07,4,after:EvidenceNet.t_LMS_Submit,10,10,4,0
roots5_run07,0,after:EvidenceNet.t_Review_Request,10,10,4,0
roots5_run07,1,after:EvidenceNet.t_Review_Request,10,10,4,0
roots5_run07,2,after:EvidenceNet.t_Review_Request,10,10,4,0
roots5_run07,3,after:EvidenceNet.t_Review_Request,10,10,4,0
roots5_run07,4,after:EvidenceNet.t_Review_Request,10,10,4,0
roots5_run07,0,after:ProfessorAgent.t_StartReview,10,10,4,0
roots5_run07,1,after:ProfessorAgent.t_StartReview,10,10,4,0
roots5_run07,2,after:ProfessorAgent.t_StartReview,10,10,4,0
roots5_run07,3,after:ProfessorAgent.t_StartReview,10,10,4,0
roots5_run07,4,after:ProfessorAgent.t_StartReview,10,10,4,0
roots5_run07,0,after:ProfessorAgent.t_AssessEvidence,10,10,4,0
roots5_run07,1,after:ProfessorAgent.t_AssessEvidence,10,10,4,0
roots5_run07,2,after:ProfessorAgent.t_AssessEvidence,10,10,4,0
roots5_run07,3,after:ProfessorAgent.t_AssessEvidence,10,10,4,0
roots5_run07,4,after:ProfessorAgent.t_AssessEvidence,10,10,4,0
roots5_run07,0,after:ProfessorAgent.t_ApproveEvidence,10,10,5,0
roots5_run07,1,after:ProfessorAgent.t_ApproveEvidence,10,10,5,0
roots5_run07,2,after:ProfessorAgent.t_ApproveEvidence,10,10,5,0
roots5_run07,3,after:ProfessorAgent.t_ApproveEvidence,10,10,5,0
roots5_run07,4,after:ProfessorAgent.t_ApproveEvidence,10,10,5,0
roots5_run07,0,after:UniversityAgent.t_VerifyEvidence,10,10,5,0
roots5_run07,1,after:UniversityAgent.t_VerifyEvidence,10,10,5,0
roots5_run07,2,after:UniversityAgent.t_VerifyEvidence,10,10,5,0
roots5_run07,3,after:UniversityAgent.t_VerifyEvidence,10,10,5,0
roots5_run07,4,after:UniversityAgent.t_VerifyEvidence,10,10,5,0
roots5_run07,0,after:UniversityAgent.t_RequestCredential,11,11,7,0
roots5_run07,1,after:UniversityAgent.t_RequestCredential,11,11,7,0
roots5_run07,2,after:UniversityAgent.t_RequestCredential,11,11,7,0
roots5_run07,3,after:UniversityAgent.t_RequestCredential,11,11,7,0
roots5_run07,4,after:UniversityAgent.t_RequestCredential,11,11,7,0
roots5_run07,0,after:CompetencyNet.t_Verification_Pass,11,11,7,0
roots5_run07,1,after:CompetencyNet.t_Verification_Pass,11,11,7,0
roots5_run07,2,after:CompetencyNet.t_Verification_Pass,11,11,7,0
roots5_run07,3,after:CompetencyNet.t_Verification_Pass,11,11,7,0
roots5_run07,4,after:CompetencyNet.t_Verification_Pass,11,11,7,0
roots5_run07,0,after:UniversityAgent.t_IssueCredential,11,11,8,0
roots5_run07,1,after:UniversityAgent.t_IssueCredential,11,11,8,0
roots5_run07,2,after:UniversityAgent.t_IssueCredential,11,11,8,0
roots5_run07,3,after:UniversityAgent.t_IssueCredential,11,11,8,0
roots5_run07,4,after:UniversityAgent.t_IssueCredential,11,11,8,0
roots5_run07,0,after:StudentAgent.t_WaitCredential,11,11,8,0
roots5_run07,1,after:StudentAgent.t_WaitCredential,11,11,8,0
roots5_run07,2,after:StudentAgent.t_WaitCredential,11,11,8,0
roots5_run07,3,after:StudentAgent.t_WaitCredential,11,11,8,0
roots5_run07,4,after:StudentAgent.t_WaitCredential,11,11,8,0
roots5_run07,0,after:StudentAgent.t_ReceiveCredential,11,11,8,0
roots5_run07,1,after:StudentAgent.t_ReceiveCredential,11,11,8,0
roots5_run07,2,after:StudentAgent.t_ReceiveCredential,11,11,8,0
roots5_run07,3,after:StudentAgent.t_ReceiveCredential,11,11,8,0
roots5_run07,4,after:StudentAgent.t_ReceiveCredential,11,11,8,0
roots5_run07,0,after:StudentAgent.t_AcceptCredential,11,11,9,0
roots5_run07,1,after:StudentAgent.t_AcceptCredential,11,11,9,0
roots5_run07,2,after:StudentAgent.t_AcceptCredential,11,11,9,0
roots5_run07,3,after:StudentAgent.t_AcceptCredential,11,11,9,0
roots5_run07,4,after:StudentAgent.t_AcceptCredential,11,11,9,0
roots5_run07,0,after:HEDULedgerNet.t_Order,11,11,9,0
roots5_run07,1,after:HEDULedgerNet.t_Order,11,11,9,0
roots5_run07,2,after:HEDULedgerNet.t_Order,11,11,9,0
roots5_run07,3,after:HEDULedgerNet.t_Order,11,11,9,0
roots5_run07,4,after:HEDULedgerNet.t_Order,11,11,9,0
roots5_run07,0,after:HEDULedgerNet.t_Validate,11,11,9,0
roots5_run07,1,after:HEDULedgerNet.t_Validate,11,11,9,0
roots5_run07,2,after:HEDULedgerNet.t_Validate,11,11,9,0
roots5_run07,3,after:HEDULedgerNet.t_Validate,11,11,9,0
roots5_run07,4,after:HEDULedgerNet.t_Validate,11,11,9,0
roots5_run07,0,after:HEDULedgerNet.t_Commit,11,11,9,0
roots5_run07,1,after:HEDULedgerNet.t_Commit,11,11,9,0
roots5_run07,2,after:HEDULedgerNet.t_Commit,11,11,9,0
roots5_run07,3,after:HEDULedgerNet.t_Commit,11,11,9,0
roots5_run07,4,after:HEDULedgerNet.t_Commit,11,11,9,0
roots5_run07,0,after:HEDULedgerNet.t_Anchor,11,11,9,0
roots5_run07,1,after:HEDULedgerNet.t_Anchor,11,11,9,0
roots5_run07,2,after:HEDULedgerNet.t_Anchor,11,11,9,0
roots5_run07,3,after:HEDULedgerNet.t_Anchor,11,11,9,0
roots5_run07,4,after:HEDULedgerNet.t_Anchor,11,11,9,0
roots5_run07,0,after:StudentAgent.t_GenerateVP,11,11,9,0
roots5_run07,1,after:StudentAgent.t_GenerateVP,11,11,9,0
roots5_run07,2,after:StudentAgent.t_GenerateVP,11,11,9,0
roots5_run07,3,after:StudentAgent.t_GenerateVP,11,11,9,0
roots5_run07,4,after:StudentAgent.t_GenerateVP,11,11,9,0
roots5_run07,0,after:StudentAgent.t_ShareVP,11,11,10,0
roots5_run07,1,after:StudentAgent.t_ShareVP,11,11,10,0
roots5_run07,2,after:StudentAgent.t_ShareVP,11,11,10,0
roots5_run07,3,after:StudentAgent.t_ShareVP,11,11,10,0
roots5_run07,4,after:StudentAgent.t_ShareVP,11,11,10,0
roots5_run07,0,after:HRAgent.t_ParseVP,11,11,10,0
roots5_run07,1,after:HRAgent.t_ParseVP,11,11,10,0
roots5_run07,2,after:HRAgent.t_ParseVP,11,11,10,0
roots5_run07,3,after:HRAgent.t_ParseVP,11,11,10,0
roots5_run07,4,after:HRAgent.t_ParseVP,11,11,10,0
roots5_run07,0,after:CompetencyNet.t_Agg_Ingest,11,11,10,0
roots5_run07,1,after:CompetencyNet.t_Agg_Ingest,11,11,10,0
roots5_run07,2,after:CompetencyNet.t_Agg_Ingest,11,11,10,0
roots5_run07,3,after:CompetencyNet.t_Agg_Ingest,11,11,10,0
roots5_run07,4,after:CompetencyNet.t_Agg_Ingest,11,11,10,0
roots5_run07,0,after:HRAgent.t_SemanticMatch,11,11,10,0
roots5_run07,1,after:HRAgent.t_SemanticMatch,11,11,10,0
roots5_run07,2,after:HRAgent.t_SemanticMatch,11,11,10,0
roots5_run07,3,after:HRAgent.t_SemanticMatch,11,11,10,0
roots5_run07,4,after:HRAgent.t_SemanticMatch,11,11,10,0
roots5_run07,0,after:HRAgent.t_GapAnalysis,11,11,10,0
roots5_run07,1,after:HRAgent.t_GapAnalysis,11,11,10,0
roots5_run07,2,after:HRAgent.t_GapAnalysis,11,11,10,0
roots5_run07,3,after:HRAgent.t_GapAnalysis,11,11,10,0
roots5_run07,4,after:HRAgent.t_GapAnalysis,11,11,10,0
roots5_run07,0,after:HRAgent.t_GenerateResult,11,11,10,0
roots5_run07,1,after:HRAgent.t_GenerateResult,11,11,10,0
roots5_run07,2,after:HRAgent.t_GenerateResult,11,11,10,0
roots5_run07,3,after:HRAgent.t_GenerateResult,11,11,10,0
roots5_run07,4,after:HRAgent.t_GenerateResult,11,11,10,0
roots5_run07,0,after:WalletNet.t_GenerateVP,11,11,10,0
roots5_run07,1,after:WalletNet.t_GenerateVP,11,11,10,0
roots5_run07,2,after:WalletNet.t_GenerateVP,11,11,10,0
roots5_run07,3,after:WalletNet.t_GenerateVP,11,11,10,0
roots5_run07,4,after:WalletNet.t_GenerateVP,11,11,10,0
roots5_run07,0,after:WalletNet.t_ShareVP,11,11,10,0
roots5_run07,1,after:WalletNet.t_ShareVP,11,11,10,0
roots5_run07,2,after:WalletNet.t_ShareVP,11,11,10,0
roots5_run07,3,after:WalletNet.t_ShareVP,11,11,10,0
roots5_run07,4,after:WalletNet.t_ShareVP,11,11,10,0
roots5_run07,0,terminal,11,11,10,0
roots5_run07,1,terminal,11,11,10,0
roots5_run07,2,terminal,11,11,10,0
roots5_run07,3,terminal,11,11,10,0
roots5_run07,4,terminal,11,11,10,0
roots5_run08,0,creation,9,9,1,0
roots5_run08,1,creation,9,9,1,0
roots5_run08,2,creation,9,9,1,0
roots5_run08,3,creation,9,9,1,0
roots5_run08,4,creation,9,9,1,0
roots5_run08,0,after:StudentAgent.t_SubmitEvidence,10,10,4,0
roots5_run08,1,after:StudentAgent.t_SubmitEvidence,10,10,4,0
roots5_run08,2,after:StudentAgent.t_SubmitEvidence,10,10,4,0
roots5_run08,3,after:StudentAgent.t_SubmitEvidence,10,10,4,0
roots5_run08,4,after:StudentAgent.t_SubmitEvidence,10,10,4,0
roots5_run08,0,after:EvidenceNet.t_LMS_Submit,10,10,4,0
roots5_run08,1,after:EvidenceNet.t_LMS_Submit,10,10,4,0
roots5_run08,2,after:EvidenceNet.t_LMS_Submit,10,10,4,0
roots5_run08,3,after:EvidenceNet.t_LMS_Submit,10,10,4,0
roots5_run08,4,after:EvidenceNet.t_LMS_Submit,10,10,4,0
roots5_run08,0,after:EvidenceNet.t_Review_Request,10,10,4,0
roots5_run08,1,after:EvidenceNet.t_Review_Request,10,10,4,0
roots5_run08,2,after:EvidenceNet.t_Review_Request,10,10,4,0
roots5_run08,3,after:EvidenceNet.t_Review_Request,10,10,4,0
roots5_run08,4,after:EvidenceNet.t_Review_Request,10,10,4,0
roots5_run08,0,after:ProfessorAgent.t_StartReview,10,10,4,0
roots5_run08,1,after:ProfessorAgent.t_StartReview,10,10,4,0
roots5_run08,2,after:ProfessorAgent.t_StartReview,10,10,4,0
roots5_run08,3,after:ProfessorAgent.t_StartReview,10,10,4,0
roots5_run08,4,after:ProfessorAgent.t_StartReview,10,10,4,0
roots5_run08,0,after:ProfessorAgent.t_AssessEvidence,10,10,4,0
roots5_run08,1,after:ProfessorAgent.t_AssessEvidence,10,10,4,0
roots5_run08,2,after:ProfessorAgent.t_AssessEvidence,10,10,4,0
roots5_run08,3,after:ProfessorAgent.t_AssessEvidence,10,10,4,0
roots5_run08,4,after:ProfessorAgent.t_AssessEvidence,10,10,4,0
roots5_run08,0,after:ProfessorAgent.t_ApproveEvidence,10,10,5,0
roots5_run08,1,after:ProfessorAgent.t_ApproveEvidence,10,10,5,0
roots5_run08,2,after:ProfessorAgent.t_ApproveEvidence,10,10,5,0
roots5_run08,3,after:ProfessorAgent.t_ApproveEvidence,10,10,5,0
roots5_run08,4,after:ProfessorAgent.t_ApproveEvidence,10,10,5,0
roots5_run08,0,after:UniversityAgent.t_VerifyEvidence,10,10,5,0
roots5_run08,1,after:UniversityAgent.t_VerifyEvidence,10,10,5,0
roots5_run08,2,after:UniversityAgent.t_VerifyEvidence,10,10,5,0
roots5_run08,3,after:UniversityAgent.t_VerifyEvidence,10,10,5,0
roots5_run08,4,after:UniversityAgent.t_VerifyEvidence,10,10,5,0
roots5_run08,0,after:UniversityAgent.t_RequestCredential,11,11,7,0
roots5_run08,1,after:UniversityAgent.t_RequestCredential,11,11,7,0
roots5_run08,2,after:UniversityAgent.t_RequestCredential,11,11,7,0
roots5_run08,3,after:UniversityAgent.t_RequestCredential,11,11,7,0
roots5_run08,4,after:UniversityAgent.t_RequestCredential,11,11,7,0
roots5_run08,0,after:CompetencyNet.t_Verification_Pass,11,11,7,0
roots5_run08,1,after:CompetencyNet.t_Verification_Pass,11,11,7,0
roots5_run08,2,after:CompetencyNet.t_Verification_Pass,11,11,7,0
roots5_run08,3,after:CompetencyNet.t_Verification_Pass,11,11,7,0
roots5_run08,4,after:CompetencyNet.t_Verification_Pass,11,11,7,0
roots5_run08,0,after:UniversityAgent.t_IssueCredential,11,11,8,0
roots5_run08,1,after:UniversityAgent.t_IssueCredential,11,11,8,0
roots5_run08,2,after:UniversityAgent.t_IssueCredential,11,11,8,0
roots5_run08,3,after:UniversityAgent.t_IssueCredential,11,11,8,0
roots5_run08,4,after:UniversityAgent.t_IssueCredential,11,11,8,0
roots5_run08,0,after:StudentAgent.t_WaitCredential,11,11,8,0
roots5_run08,1,after:StudentAgent.t_WaitCredential,11,11,8,0
roots5_run08,2,after:StudentAgent.t_WaitCredential,11,11,8,0
roots5_run08,3,after:StudentAgent.t_WaitCredential,11,11,8,0
roots5_run08,4,after:StudentAgent.t_WaitCredential,11,11,8,0
roots5_run08,0,after:StudentAgent.t_ReceiveCredential,11,11,8,0
roots5_run08,1,after:StudentAgent.t_ReceiveCredential,11,11,8,0
roots5_run08,2,after:StudentAgent.t_ReceiveCredential,11,11,8,0
roots5_run08,3,after:StudentAgent.t_ReceiveCredential,11,11,8,0
roots5_run08,4,after:StudentAgent.t_ReceiveCredential,11,11,8,0
roots5_run08,0,after:StudentAgent.t_AcceptCredential,11,11,9,0
roots5_run08,1,after:StudentAgent.t_AcceptCredential,11,11,9,0
roots5_run08,2,after:StudentAgent.t_AcceptCredential,11,11,9,0
roots5_run08,3,after:StudentAgent.t_AcceptCredential,11,11,9,0
roots5_run08,4,after:StudentAgent.t_AcceptCredential,11,11,9,0
roots5_run08,0,after:HEDULedgerNet.t_Order,11,11,9,0
roots5_run08,1,after:HEDULedgerNet.t_Order,11,11,9,0
roots5_run08,2,after:HEDULedgerNet.t_Order,11,11,9,0
roots5_run08,3,after:HEDULedgerNet.t_Order,11,11,9,0
roots5_run08,4,after:HEDULedgerNet.t_Order,11,11,9,0
roots5_run08,0,after:HEDULedgerNet.t_Validate,11,11,9,0
roots5_run08,1,after:HEDULedgerNet.t_Validate,11,11,9,0
roots5_run08,2,after:HEDULedgerNet.t_Validate,11,11,9,0
roots5_run08,3,after:HEDULedgerNet.t_Validate,11,11,9,0
roots5_run08,4,after:HEDULedgerNet.t_Validate,11,11,9,0
roots5_run08,0,after:HEDULedgerNet.t_Commit,11,11,9,0
roots5_run08,1,after:HEDULedgerNet.t_Commit,11,11,9,0
roots5_run08,2,after:HEDULedgerNet.t_Commit,11,11,9,0
roots5_run08,3,after:HEDULedgerNet.t_Commit,11,11,9,0
roots5_run08,4,after:HEDULedgerNet.t_Commit,11,11,9,0
roots5_run08,0,after:HEDULedgerNet.t_Anchor,11,11,9,0
roots5_run08,1,after:HEDULedgerNet.t_Anchor,11,11,9,0
roots5_run08,2,after:HEDULedgerNet.t_Anchor,11,11,9,0
roots5_run08,3,after:HEDULedgerNet.t_Anchor,11,11,9,0
roots5_run08,4,after:HEDULedgerNet.t_Anchor,11,11,9,0
roots5_run08,0,after:StudentAgent.t_GenerateVP,11,11,9,0
roots5_run08,1,after:StudentAgent.t_GenerateVP,11,11,9,0
roots5_run08,2,after:StudentAgent.t_GenerateVP,11,11,9,0
roots5_run08,3,after:StudentAgent.t_GenerateVP,11,11,9,0
roots5_run08,4,after:StudentAgent.t_GenerateVP,11,11,9,0
roots5_run08,0,after:StudentAgent.t_ShareVP,11,11,10,0
roots5_run08,1,after:StudentAgent.t_ShareVP,11,11,10,0
roots5_run08,2,after:StudentAgent.t_ShareVP,11,11,10,0
roots5_run08,3,after:StudentAgent.t_ShareVP,11,11,10,0
roots5_run08,4,after:StudentAgent.t_ShareVP,11,11,10,0
roots5_run08,0,after:HRAgent.t_ParseVP,11,11,10,0
roots5_run08,1,after:HRAgent.t_ParseVP,11,11,10,0
roots5_run08,2,after:HRAgent.t_ParseVP,11,11,10,0
roots5_run08,3,after:HRAgent.t_ParseVP,11,11,10,0
roots5_run08,4,after:HRAgent.t_ParseVP,11,11,10,0
roots5_run08,0,after:CompetencyNet.t_Agg_Ingest,11,11,10,0
roots5_run08,1,after:CompetencyNet.t_Agg_Ingest,11,11,10,0
roots5_run08,2,after:CompetencyNet.t_Agg_Ingest,11,11,10,0
roots5_run08,3,after:CompetencyNet.t_Agg_Ingest,11,11,10,0
roots5_run08,4,after:CompetencyNet.t_Agg_Ingest,11,11,10,0
roots5_run08,0,after:HRAgent.t_SemanticMatch,11,11,10,0
roots5_run08,1,after:HRAgent.t_SemanticMatch,11,11,10,0
roots5_run08,2,after:HRAgent.t_SemanticMatch,11,11,10,0
roots5_run08,3,after:HRAgent.t_SemanticMatch,11,11,10,0
roots5_run08,4,after:HRAgent.t_SemanticMatch,11,11,10,0
roots5_run08,0,after:HRAgent.t_GapAnalysis,11,11,10,0
roots5_run08,1,after:HRAgent.t_GapAnalysis,11,11,10,0
roots5_run08,2,after:HRAgent.t_GapAnalysis,11,11,10,0
roots5_run08,3,after:HRAgent.t_GapAnalysis,11,11,10,0
roots5_run08,4,after:HRAgent.t_GapAnalysis,11,11,10,0
roots5_run08,0,after:HRAgent.t_GenerateResult,11,11,10,0
roots5_run08,1,after:HRAgent.t_GenerateResult,11,11,10,0
roots5_run08,2,after:HRAgent.t_GenerateResult,11,11,10,0
roots5_run08,3,after:HRAgent.t_GenerateResult,11,11,10,0
roots5_run08,4,after:HRAgent.t_GenerateResult,11,11,10,0
roots5_run08,0,after:WalletNet.t_GenerateVP,11,11,10,0
roots5_run08,1,after:WalletNet.t_GenerateVP,11,11,10,0
roots5_run08,2,after:WalletNet.t_GenerateVP,11,11,10,0
roots5_run08,3,after:WalletNet.t_GenerateVP,11,11,10,0
roots5_run08,4,after:WalletNet.t_GenerateVP,11,11,10,0
roots5_run08,0,after:WalletNet.t_ShareVP,11,11,10,0
roots5_run08,1,after:WalletNet.t_ShareVP,11,11,10,0
roots5_run08,2,after:WalletNet.t_ShareVP,11,11,10,0
roots5_run08,3,after:WalletNet.t_ShareVP,11,11,10,0
roots5_run08,4,after:WalletNet.t_ShareVP,11,11,10,0
roots5_run08,0,terminal,11,11,10,0
roots5_run08,1,terminal,11,11,10,0
roots5_run08,2,terminal,11,11,10,0
roots5_run08,3,terminal,11,11,10,0
roots5_run08,4,terminal,11,11,10,0
roots5_run09,0,creation,9,9,1,0
roots5_run09,1,creation,9,9,1,0
roots5_run09,2,creation,9,9,1,0
roots5_run09,3,creation,9,9,1,0
roots5_run09,4,creation,9,9,1,0
roots5_run09,0,after:StudentAgent.t_SubmitEvidence,10,10,4,0
roots5_run09,1,after:StudentAgent.t_SubmitEvidence,10,10,4,0
roots5_run09,2,after:StudentAgent.t_SubmitEvidence,10,10,4,0
roots5_run09,3,after:StudentAgent.t_SubmitEvidence,10,10,4,0
roots5_run09,4,after:StudentAgent.t_SubmitEvidence,10,10,4,0
roots5_run09,0,after:EvidenceNet.t_LMS_Submit,10,10,4,0
roots5_run09,1,after:EvidenceNet.t_LMS_Submit,10,10,4,0
roots5_run09,2,after:EvidenceNet.t_LMS_Submit,10,10,4,0
roots5_run09,3,after:EvidenceNet.t_LMS_Submit,10,10,4,0
roots5_run09,4,after:EvidenceNet.t_LMS_Submit,10,10,4,0
roots5_run09,0,after:EvidenceNet.t_Review_Request,10,10,4,0
roots5_run09,1,after:EvidenceNet.t_Review_Request,10,10,4,0
roots5_run09,2,after:EvidenceNet.t_Review_Request,10,10,4,0
roots5_run09,3,after:EvidenceNet.t_Review_Request,10,10,4,0
roots5_run09,4,after:EvidenceNet.t_Review_Request,10,10,4,0
roots5_run09,0,after:ProfessorAgent.t_StartReview,10,10,4,0
roots5_run09,1,after:ProfessorAgent.t_StartReview,10,10,4,0
roots5_run09,2,after:ProfessorAgent.t_StartReview,10,10,4,0
roots5_run09,3,after:ProfessorAgent.t_StartReview,10,10,4,0
roots5_run09,4,after:ProfessorAgent.t_StartReview,10,10,4,0
roots5_run09,0,after:ProfessorAgent.t_AssessEvidence,10,10,4,0
roots5_run09,1,after:ProfessorAgent.t_AssessEvidence,10,10,4,0
roots5_run09,2,after:ProfessorAgent.t_AssessEvidence,10,10,4,0
roots5_run09,3,after:ProfessorAgent.t_AssessEvidence,10,10,4,0
roots5_run09,4,after:ProfessorAgent.t_AssessEvidence,10,10,4,0
roots5_run09,0,after:ProfessorAgent.t_ApproveEvidence,10,10,5,0
roots5_run09,1,after:ProfessorAgent.t_ApproveEvidence,10,10,5,0
roots5_run09,2,after:ProfessorAgent.t_ApproveEvidence,10,10,5,0
roots5_run09,3,after:ProfessorAgent.t_ApproveEvidence,10,10,5,0
roots5_run09,4,after:ProfessorAgent.t_ApproveEvidence,10,10,5,0
roots5_run09,0,after:UniversityAgent.t_VerifyEvidence,10,10,5,0
roots5_run09,1,after:UniversityAgent.t_VerifyEvidence,10,10,5,0
roots5_run09,2,after:UniversityAgent.t_VerifyEvidence,10,10,5,0
roots5_run09,3,after:UniversityAgent.t_VerifyEvidence,10,10,5,0
roots5_run09,4,after:UniversityAgent.t_VerifyEvidence,10,10,5,0
roots5_run09,0,after:UniversityAgent.t_RequestCredential,11,11,7,0
roots5_run09,1,after:UniversityAgent.t_RequestCredential,11,11,7,0
roots5_run09,2,after:UniversityAgent.t_RequestCredential,11,11,7,0
roots5_run09,3,after:UniversityAgent.t_RequestCredential,11,11,7,0
roots5_run09,4,after:UniversityAgent.t_RequestCredential,11,11,7,0
roots5_run09,0,after:CompetencyNet.t_Verification_Pass,11,11,7,0
roots5_run09,1,after:CompetencyNet.t_Verification_Pass,11,11,7,0
roots5_run09,2,after:CompetencyNet.t_Verification_Pass,11,11,7,0
roots5_run09,3,after:CompetencyNet.t_Verification_Pass,11,11,7,0
roots5_run09,4,after:CompetencyNet.t_Verification_Pass,11,11,7,0
roots5_run09,0,after:UniversityAgent.t_IssueCredential,11,11,8,0
roots5_run09,1,after:UniversityAgent.t_IssueCredential,11,11,8,0
roots5_run09,2,after:UniversityAgent.t_IssueCredential,11,11,8,0
roots5_run09,3,after:UniversityAgent.t_IssueCredential,11,11,8,0
roots5_run09,4,after:UniversityAgent.t_IssueCredential,11,11,8,0
roots5_run09,0,after:StudentAgent.t_WaitCredential,11,11,8,0
roots5_run09,1,after:StudentAgent.t_WaitCredential,11,11,8,0
roots5_run09,2,after:StudentAgent.t_WaitCredential,11,11,8,0
roots5_run09,3,after:StudentAgent.t_WaitCredential,11,11,8,0
roots5_run09,4,after:StudentAgent.t_WaitCredential,11,11,8,0
roots5_run09,0,after:StudentAgent.t_ReceiveCredential,11,11,8,0
roots5_run09,1,after:StudentAgent.t_ReceiveCredential,11,11,8,0
roots5_run09,2,after:StudentAgent.t_ReceiveCredential,11,11,8,0
roots5_run09,3,after:StudentAgent.t_ReceiveCredential,11,11,8,0
roots5_run09,4,after:StudentAgent.t_ReceiveCredential,11,11,8,0
roots5_run09,0,after:StudentAgent.t_AcceptCredential,11,11,9,0
roots5_run09,1,after:StudentAgent.t_AcceptCredential,11,11,9,0
roots5_run09,2,after:StudentAgent.t_AcceptCredential,11,11,9,0
roots5_run09,3,after:StudentAgent.t_AcceptCredential,11,11,9,0
roots5_run09,4,after:StudentAgent.t_AcceptCredential,11,11,9,0
roots5_run09,0,after:HEDULedgerNet.t_Order,11,11,9,0
roots5_run09,1,after:HEDULedgerNet.t_Order,11,11,9,0
roots5_run09,2,after:HEDULedgerNet.t_Order,11,11,9,0
roots5_run09,3,after:HEDULedgerNet.t_Order,11,11,9,0
roots5_run09,4,after:HEDULedgerNet.t_Order,11,11,9,0
roots5_run09,0,after:HEDULedgerNet.t_Validate,11,11,9,0
roots5_run09,1,after:HEDULedgerNet.t_Validate,11,11,9,0
roots5_run09,2,after:HEDULedgerNet.t_Validate,11,11,9,0
roots5_run09,3,after:HEDULedgerNet.t_Validate,11,11,9,0
roots5_run09,4,after:HEDULedgerNet.t_Validate,11,11,9,0
roots5_run09,0,after:HEDULedgerNet.t_Commit,11,11,9,0
roots5_run09,1,after:HEDULedgerNet.t_Commit,11,11,9,0
roots5_run09,2,after:HEDULedgerNet.t_Commit,11,11,9,0
roots5_run09,3,after:HEDULedgerNet.t_Commit,11,11,9,0
roots5_run09,4,after:HEDULedgerNet.t_Commit,11,11,9,0
roots5_run09,0,after:HEDULedgerNet.t_Anchor,11,11,9,0
roots5_run09,1,after:HEDULedgerNet.t_Anchor,11,11,9,0
roots5_run09,2,after:HEDULedgerNet.t_Anchor,11,11,9,0
roots5_run09,3,after:HEDULedgerNet.t_Anchor,11,11,9,0
roots5_run09,4,after:HEDULedgerNet.t_Anchor,11,11,9,0
roots5_run09,0,after:StudentAgent.t_GenerateVP,11,11,9,0
roots5_run09,1,after:StudentAgent.t_GenerateVP,11,11,9,0
roots5_run09,2,after:StudentAgent.t_GenerateVP,11,11,9,0
roots5_run09,3,after:StudentAgent.t_GenerateVP,11,11,9,0
roots5_run09,4,after:StudentAgent.t_GenerateVP,11,11,9,0
roots5_run09,0,after:StudentAgent.t_ShareVP,11,11,10,0
roots5_run09,1,after:StudentAgent.t_ShareVP,11,11,10,0
roots5_run09,2,after:StudentAgent.t_ShareVP,11,11,10,0
roots5_run09,3,after:StudentAgent.t_ShareVP,11,11,10,0
roots5_run09,4,after:StudentAgent.t_ShareVP,11,11,10,0
roots5_run09,0,after:HRAgent.t_ParseVP,11,11,10,0
roots5_run09,1,after:HRAgent.t_ParseVP,11,11,10,0
roots5_run09,2,after:HRAgent.t_ParseVP,11,11,10,0
roots5_run09,3,after:HRAgent.t_ParseVP,11,11,10,0
roots5_run09,4,after:HRAgent.t_ParseVP,11,11,10,0
roots5_run09,0,after:CompetencyNet.t_Agg_Ingest,11,11,10,0
roots5_run09,1,after:CompetencyNet.t_Agg_Ingest,11,11,10,0
roots5_run09,2,after:CompetencyNet.t_Agg_Ingest,11,11,10,0
roots5_run09,3,after:CompetencyNet.t_Agg_Ingest,11,11,10,0
roots5_run09,4,after:CompetencyNet.t_Agg_Ingest,11,11,10,0
roots5_run09,0,after:HRAgent.t_SemanticMatch,11,11,10,0
roots5_run09,1,after:HRAgent.t_SemanticMatch,11,11,10,0
roots5_run09,2,after:HRAgent.t_SemanticMatch,11,11,10,0
roots5_run09,3,after:HRAgent.t_SemanticMatch,11,11,10,0
roots5_run09,4,after:HRAgent.t_SemanticMatch,11,11,10,0
roots5_run09,0,after:HRAgent.t_GapAnalysis,11,11,10,0
roots5_run09,1,after:HRAgent.t_GapAnalysis,11,11,10,0
roots5_run09,2,after:HRAgent.t_GapAnalysis,11,11,10,0
roots5_run09,3,after:HRAgent.t_GapAnalysis,11,11,10,0
roots5_run09,4,after:HRAgent.t_GapAnalysis,11,11,10,0
roots5_run09,0,after:HRAgent.t_GenerateResult,11,11,10,0
roots5_run09,1,after:HRAgent.t_GenerateResult,11,11,10,0
roots5_run09,2,after:HRAgent.t_GenerateResult,11,11,10,0
roots5_run09,3,after:HRAgent.t_GenerateResult,11,11,10,0
roots5_run09,4,after:HRAgent.t_GenerateResult,11,11,10,0
roots5_run09,0,after:WalletNet.t_GenerateVP,11,11,10,0
roots5_run09,1,after:WalletNet.t_GenerateVP,11,11,10,0
roots5_run09,2,after:WalletNet.t_GenerateVP,11,11,10,0
roots5_run09,3,after:WalletNet.t_GenerateVP,11,11,10,0
roots5_run09,4,after:WalletNet.t_GenerateVP,11,11,10,0
roots5_run09,0,after:WalletNet.t_ShareVP,11,11,10,0
roots5_run09,1,after:WalletNet.t_ShareVP,11,11,10,0
roots5_run09,2,after:WalletNet.t_ShareVP,11,11,10,0
roots5_run09,3,after:WalletNet.t_ShareVP,11,11,10,0
roots5_run09,4,after:WalletNet.t_ShareVP,11,11,10,0
roots5_run09,0,terminal,11,11,10,0
roots5_run09,1,terminal,11,11,10,0
roots5_run09,2,terminal,11,11,10,0
roots5_run09,3,terminal,11,11,10,0
roots5_run09,4,terminal,11,11,10,0
roots5_run10,0,creation,9,9,1,0
roots5_run10,1,creation,9,9,1,0
roots5_run10,2,creation,9,9,1,0
roots5_run10,3,creation,9,9,1,0
roots5_run10,4,creation,9,9,1,0
roots5_run10,0,after:StudentAgent.t_SubmitEvidence,10,10,4,0
roots5_run10,1,after:StudentAgent.t_SubmitEvidence,10,10,4,0
roots5_run10,2,after:StudentAgent.t_SubmitEvidence,10,10,4,0
roots5_run10,3,after:StudentAgent.t_SubmitEvidence,10,10,4,0
roots5_run10,4,after:StudentAgent.t_SubmitEvidence,10,10,4,0
roots5_run10,0,after:EvidenceNet.t_LMS_Submit,10,10,4,0
roots5_run10,1,after:EvidenceNet.t_LMS_Submit,10,10,4,0
roots5_run10,2,after:EvidenceNet.t_LMS_Submit,10,10,4,0
roots5_run10,3,after:EvidenceNet.t_LMS_Submit,10,10,4,0
roots5_run10,4,after:EvidenceNet.t_LMS_Submit,10,10,4,0
roots5_run10,0,after:EvidenceNet.t_Review_Request,10,10,4,0
roots5_run10,1,after:EvidenceNet.t_Review_Request,10,10,4,0
roots5_run10,2,after:EvidenceNet.t_Review_Request,10,10,4,0
roots5_run10,3,after:EvidenceNet.t_Review_Request,10,10,4,0
roots5_run10,4,after:EvidenceNet.t_Review_Request,10,10,4,0
roots5_run10,0,after:ProfessorAgent.t_StartReview,10,10,4,0
roots5_run10,1,after:ProfessorAgent.t_StartReview,10,10,4,0
roots5_run10,2,after:ProfessorAgent.t_StartReview,10,10,4,0
roots5_run10,3,after:ProfessorAgent.t_StartReview,10,10,4,0
roots5_run10,4,after:ProfessorAgent.t_StartReview,10,10,4,0
roots5_run10,0,after:ProfessorAgent.t_AssessEvidence,10,10,4,0
roots5_run10,1,after:ProfessorAgent.t_AssessEvidence,10,10,4,0
roots5_run10,2,after:ProfessorAgent.t_AssessEvidence,10,10,4,0
roots5_run10,3,after:ProfessorAgent.t_AssessEvidence,10,10,4,0
roots5_run10,4,after:ProfessorAgent.t_AssessEvidence,10,10,4,0
roots5_run10,0,after:ProfessorAgent.t_ApproveEvidence,10,10,5,0
roots5_run10,1,after:ProfessorAgent.t_ApproveEvidence,10,10,5,0
roots5_run10,2,after:ProfessorAgent.t_ApproveEvidence,10,10,5,0
roots5_run10,3,after:ProfessorAgent.t_ApproveEvidence,10,10,5,0
roots5_run10,4,after:ProfessorAgent.t_ApproveEvidence,10,10,5,0
roots5_run10,0,after:UniversityAgent.t_VerifyEvidence,10,10,5,0
roots5_run10,1,after:UniversityAgent.t_VerifyEvidence,10,10,5,0
roots5_run10,2,after:UniversityAgent.t_VerifyEvidence,10,10,5,0
roots5_run10,3,after:UniversityAgent.t_VerifyEvidence,10,10,5,0
roots5_run10,4,after:UniversityAgent.t_VerifyEvidence,10,10,5,0
roots5_run10,0,after:UniversityAgent.t_RequestCredential,11,11,7,0
roots5_run10,1,after:UniversityAgent.t_RequestCredential,11,11,7,0
roots5_run10,2,after:UniversityAgent.t_RequestCredential,11,11,7,0
roots5_run10,3,after:UniversityAgent.t_RequestCredential,11,11,7,0
roots5_run10,4,after:UniversityAgent.t_RequestCredential,11,11,7,0
roots5_run10,0,after:CompetencyNet.t_Verification_Pass,11,11,7,0
roots5_run10,1,after:CompetencyNet.t_Verification_Pass,11,11,7,0
roots5_run10,2,after:CompetencyNet.t_Verification_Pass,11,11,7,0
roots5_run10,3,after:CompetencyNet.t_Verification_Pass,11,11,7,0
roots5_run10,4,after:CompetencyNet.t_Verification_Pass,11,11,7,0
roots5_run10,0,after:UniversityAgent.t_IssueCredential,11,11,8,0
roots5_run10,1,after:UniversityAgent.t_IssueCredential,11,11,8,0
roots5_run10,2,after:UniversityAgent.t_IssueCredential,11,11,8,0
roots5_run10,3,after:UniversityAgent.t_IssueCredential,11,11,8,0
roots5_run10,4,after:UniversityAgent.t_IssueCredential,11,11,8,0
roots5_run10,0,after:StudentAgent.t_WaitCredential,11,11,8,0
roots5_run10,1,after:StudentAgent.t_WaitCredential,11,11,8,0
roots5_run10,2,after:StudentAgent.t_WaitCredential,11,11,8,0
roots5_run10,3,after:StudentAgent.t_WaitCredential,11,11,8,0
roots5_run10,4,after:StudentAgent.t_WaitCredential,11,11,8,0
roots5_run10,0,after:StudentAgent.t_ReceiveCredential,11,11,8,0
roots5_run10,1,after:StudentAgent.t_ReceiveCredential,11,11,8,0
roots5_run10,2,after:StudentAgent.t_ReceiveCredential,11,11,8,0
roots5_run10,3,after:StudentAgent.t_ReceiveCredential,11,11,8,0
roots5_run10,4,after:StudentAgent.t_ReceiveCredential,11,11,8,0
roots5_run10,0,after:StudentAgent.t_AcceptCredential,11,11,9,0
roots5_run10,1,after:StudentAgent.t_AcceptCredential,11,11,9,0
roots5_run10,2,after:StudentAgent.t_AcceptCredential,11,11,9,0
roots5_run10,3,after:StudentAgent.t_AcceptCredential,11,11,9,0
roots5_run10,4,after:StudentAgent.t_AcceptCredential,11,11,9,0
roots5_run10,0,after:HEDULedgerNet.t_Order,11,11,9,0
roots5_run10,1,after:HEDULedgerNet.t_Order,11,11,9,0
roots5_run10,2,after:HEDULedgerNet.t_Order,11,11,9,0
roots5_run10,3,after:HEDULedgerNet.t_Order,11,11,9,0
roots5_run10,4,after:HEDULedgerNet.t_Order,11,11,9,0
roots5_run10,0,after:HEDULedgerNet.t_Validate,11,11,9,0
roots5_run10,1,after:HEDULedgerNet.t_Validate,11,11,9,0
roots5_run10,2,after:HEDULedgerNet.t_Validate,11,11,9,0
roots5_run10,3,after:HEDULedgerNet.t_Validate,11,11,9,0
roots5_run10,4,after:HEDULedgerNet.t_Validate,11,11,9,0
roots5_run10,0,after:HEDULedgerNet.t_Commit,11,11,9,0
roots5_run10,1,after:HEDULedgerNet.t_Commit,11,11,9,0
roots5_run10,2,after:HEDULedgerNet.t_Commit,11,11,9,0
roots5_run10,3,after:HEDULedgerNet.t_Commit,11,11,9,0
roots5_run10,4,after:HEDULedgerNet.t_Commit,11,11,9,0
roots5_run10,0,after:HEDULedgerNet.t_Anchor,11,11,9,0
roots5_run10,1,after:HEDULedgerNet.t_Anchor,11,11,9,0
roots5_run10,2,after:HEDULedgerNet.t_Anchor,11,11,9,0
roots5_run10,3,after:HEDULedgerNet.t_Anchor,11,11,9,0
roots5_run10,4,after:HEDULedgerNet.t_Anchor,11,11,9,0
roots5_run10,0,after:StudentAgent.t_GenerateVP,11,11,9,0
roots5_run10,1,after:StudentAgent.t_GenerateVP,11,11,9,0
roots5_run10,2,after:StudentAgent.t_GenerateVP,11,11,9,0
roots5_run10,3,after:StudentAgent.t_GenerateVP,11,11,9,0
roots5_run10,4,after:StudentAgent.t_GenerateVP,11,11,9,0
roots5_run10,0,after:StudentAgent.t_ShareVP,11,11,10,0
roots5_run10,1,after:StudentAgent.t_ShareVP,11,11,10,0
roots5_run10,2,after:StudentAgent.t_ShareVP,11,11,10,0
roots5_run10,3,after:StudentAgent.t_ShareVP,11,11,10,0
roots5_run10,4,after:StudentAgent.t_ShareVP,11,11,10,0
roots5_run10,0,after:HRAgent.t_ParseVP,11,11,10,0
roots5_run10,1,after:HRAgent.t_ParseVP,11,11,10,0
roots5_run10,2,after:HRAgent.t_ParseVP,11,11,10,0
roots5_run10,3,after:HRAgent.t_ParseVP,11,11,10,0
roots5_run10,4,after:HRAgent.t_ParseVP,11,11,10,0
roots5_run10,0,after:CompetencyNet.t_Agg_Ingest,11,11,10,0
roots5_run10,1,after:CompetencyNet.t_Agg_Ingest,11,11,10,0
roots5_run10,2,after:CompetencyNet.t_Agg_Ingest,11,11,10,0
roots5_run10,3,after:CompetencyNet.t_Agg_Ingest,11,11,10,0
roots5_run10,4,after:CompetencyNet.t_Agg_Ingest,11,11,10,0
roots5_run10,0,after:HRAgent.t_SemanticMatch,11,11,10,0
roots5_run10,1,after:HRAgent.t_SemanticMatch,11,11,10,0
roots5_run10,2,after:HRAgent.t_SemanticMatch,11,11,10,0
roots5_run10,3,after:HRAgent.t_SemanticMatch,11,11,10,0
roots5_run10,4,after:HRAgent.t_SemanticMatch,11,11,10,0
roots5_run10,0,after:HRAgent.t_GapAnalysis,11,11,10,0
roots5_run10,1,after:HRAgent.t_GapAnalysis,11,11,10,0
roots5_run10,2,after:HRAgent.t_GapAnalysis,11,11,10,0
roots5_run10,3,after:HRAgent.t_GapAnalysis,11,11,10,0
roots5_run10,4,after:HRAgent.t_GapAnalysis,11,11,10,0
roots5_run10,0,after:HRAgent.t_GenerateResult,11,11,10,0
roots5_run10,1,after:HRAgent.t_GenerateResult,11,11,10,0
roots5_run10,2,after:HRAgent.t_GenerateResult,11,11,10,0
roots5_run10,3,after:HRAgent.t_GenerateResult,11,11,10,0
roots5_run10,4,after:HRAgent.t_GenerateResult,11,11,10,0
roots5_run10,0,after:WalletNet.t_GenerateVP,11,11,10,0
roots5_run10,1,after:WalletNet.t_GenerateVP,11,11,10,0
roots5_run10,2,after:WalletNet.t_GenerateVP,11,11,10,0
roots5_run10,3,after:WalletNet.t_GenerateVP,11,11,10,0
roots5_run10,4,after:WalletNet.t_GenerateVP,11,11,10,0
roots5_run10,0,after:WalletNet.t_ShareVP,11,11,10,0
roots5_run10,1,after:WalletNet.t_ShareVP,11,11,10,0
roots5_run10,2,after:WalletNet.t_ShareVP,11,11,10,0
roots5_run10,3,after:WalletNet.t_ShareVP,11,11,10,0
roots5_run10,4,after:WalletNet.t_ShareVP,11,11,10,0
roots5_run10,0,terminal,11,11,10,0
roots5_run10,1,terminal,11,11,10,0
roots5_run10,2,terminal,11,11,10,0
roots5_run10,3,terminal,11,11,10,0
roots5_run10,4,terminal,11,11,10,0
roots10_run01,0,creation,9,9,1,0
roots10_run01,1,creation,9,9,1,0
roots10_run01,2,creation,9,9,1,0
roots10_run01,3,creation,9,9,1,0
roots10_run01,4,creation,9,9,1,0
roots10_run01,5,creation,9,9,1,0
roots10_run01,6,creation,9,9,1,0
roots10_run01,7,creation,9,9,1,0
roots10_run01,8,creation,9,9,1,0
roots10_run01,9,creation,9,9,1,0
roots10_run01,0,after:StudentAgent.t_SubmitEvidence,10,10,4,0
roots10_run01,1,after:StudentAgent.t_SubmitEvidence,10,10,4,0
roots10_run01,2,after:StudentAgent.t_SubmitEvidence,10,10,4,0
roots10_run01,3,after:StudentAgent.t_SubmitEvidence,10,10,4,0
roots10_run01,4,after:StudentAgent.t_SubmitEvidence,10,10,4,0
roots10_run01,5,after:StudentAgent.t_SubmitEvidence,10,10,4,0
roots10_run01,6,after:StudentAgent.t_SubmitEvidence,10,10,4,0
roots10_run01,7,after:StudentAgent.t_SubmitEvidence,10,10,4,0
roots10_run01,8,after:StudentAgent.t_SubmitEvidence,10,10,4,0
roots10_run01,9,after:StudentAgent.t_SubmitEvidence,10,10,4,0
roots10_run01,0,after:EvidenceNet.t_LMS_Submit,10,10,4,0
roots10_run01,1,after:EvidenceNet.t_LMS_Submit,10,10,4,0
roots10_run01,2,after:EvidenceNet.t_LMS_Submit,10,10,4,0
roots10_run01,3,after:EvidenceNet.t_LMS_Submit,10,10,4,0
roots10_run01,4,after:EvidenceNet.t_LMS_Submit,10,10,4,0
roots10_run01,5,after:EvidenceNet.t_LMS_Submit,10,10,4,0
roots10_run01,6,after:EvidenceNet.t_LMS_Submit,10,10,4,0
roots10_run01,7,after:EvidenceNet.t_LMS_Submit,10,10,4,0
roots10_run01,8,after:EvidenceNet.t_LMS_Submit,10,10,4,0
roots10_run01,9,after:EvidenceNet.t_LMS_Submit,10,10,4,0
roots10_run01,0,after:EvidenceNet.t_Review_Request,10,10,4,0
roots10_run01,1,after:EvidenceNet.t_Review_Request,10,10,4,0
roots10_run01,2,after:EvidenceNet.t_Review_Request,10,10,4,0
roots10_run01,3,after:EvidenceNet.t_Review_Request,10,10,4,0
roots10_run01,4,after:EvidenceNet.t_Review_Request,10,10,4,0
roots10_run01,5,after:EvidenceNet.t_Review_Request,10,10,4,0
roots10_run01,6,after:EvidenceNet.t_Review_Request,10,10,4,0
roots10_run01,7,after:EvidenceNet.t_Review_Request,10,10,4,0
roots10_run01,8,after:EvidenceNet.t_Review_Request,10,10,4,0
roots10_run01,9,after:EvidenceNet.t_Review_Request,10,10,4,0
roots10_run01,0,after:ProfessorAgent.t_StartReview,10,10,4,0
roots10_run01,1,after:ProfessorAgent.t_StartReview,10,10,4,0
roots10_run01,2,after:ProfessorAgent.t_StartReview,10,10,4,0
roots10_run01,3,after:ProfessorAgent.t_StartReview,10,10,4,0
roots10_run01,4,after:ProfessorAgent.t_StartReview,10,10,4,0
roots10_run01,5,after:ProfessorAgent.t_StartReview,10,10,4,0
roots10_run01,6,after:ProfessorAgent.t_StartReview,10,10,4,0
roots10_run01,7,after:ProfessorAgent.t_StartReview,10,10,4,0
roots10_run01,8,after:ProfessorAgent.t_StartReview,10,10,4,0
roots10_run01,9,after:ProfessorAgent.t_StartReview,10,10,4,0
roots10_run01,0,after:ProfessorAgent.t_AssessEvidence,10,10,4,0
roots10_run01,1,after:ProfessorAgent.t_AssessEvidence,10,10,4,0
roots10_run01,2,after:ProfessorAgent.t_AssessEvidence,10,10,4,0
roots10_run01,3,after:ProfessorAgent.t_AssessEvidence,10,10,4,0
roots10_run01,4,after:ProfessorAgent.t_AssessEvidence,10,10,4,0
roots10_run01,5,after:ProfessorAgent.t_AssessEvidence,10,10,4,0
roots10_run01,6,after:ProfessorAgent.t_AssessEvidence,10,10,4,0
roots10_run01,7,after:ProfessorAgent.t_AssessEvidence,10,10,4,0
roots10_run01,8,after:ProfessorAgent.t_AssessEvidence,10,10,4,0
roots10_run01,9,after:ProfessorAgent.t_AssessEvidence,10,10,4,0
roots10_run01,0,after:ProfessorAgent.t_ApproveEvidence,10,10,5,0
roots10_run01,1,after:ProfessorAgent.t_ApproveEvidence,10,10,5,0
roots10_run01,2,after:ProfessorAgent.t_ApproveEvidence,10,10,5,0
roots10_run01,3,after:ProfessorAgent.t_ApproveEvidence,10,10,5,0
roots10_run01,4,after:ProfessorAgent.t_ApproveEvidence,10,10,5,0
roots10_run01,5,after:ProfessorAgent.t_ApproveEvidence,10,10,5,0
roots10_run01,6,after:ProfessorAgent.t_ApproveEvidence,10,10,5,0
roots10_run01,7,after:ProfessorAgent.t_ApproveEvidence,10,10,5,0
roots10_run01,8,after:ProfessorAgent.t_ApproveEvidence,10,10,5,0
roots10_run01,9,after:ProfessorAgent.t_ApproveEvidence,10,10,5,0
roots10_run01,0,after:UniversityAgent.t_VerifyEvidence,10,10,5,0
roots10_run01,1,after:UniversityAgent.t_VerifyEvidence,10,10,5,0
roots10_run01,2,after:UniversityAgent.t_VerifyEvidence,10,10,5,0
roots10_run01,3,after:UniversityAgent.t_VerifyEvidence,10,10,5,0
roots10_run01,4,after:UniversityAgent.t_VerifyEvidence,10,10,5,0
roots10_run01,5,after:UniversityAgent.t_VerifyEvidence,10,10,5,0
roots10_run01,6,after:UniversityAgent.t_VerifyEvidence,10,10,5,0
roots10_run01,7,after:UniversityAgent.t_VerifyEvidence,10,10,5,0
roots10_run01,8,after:UniversityAgent.t_VerifyEvidence,10,10,5,0
roots10_run01,9,after:UniversityAgent.t_VerifyEvidence,10,10,5,0
roots10_run01,0,after:UniversityAgent.t_RequestCredential,11,11,7,0
roots10_run01,1,after:UniversityAgent.t_RequestCredential,11,11,7,0
roots10_run01,2,after:UniversityAgent.t_RequestCredential,11,11,7,0
roots10_run01,3,after:UniversityAgent.t_RequestCredential,11,11,7,0
roots10_run01,4,after:UniversityAgent.t_RequestCredential,11,11,7,0
roots10_run01,5,after:UniversityAgent.t_RequestCredential,11,11,7,0
roots10_run01,6,after:UniversityAgent.t_RequestCredential,11,11,7,0
roots10_run01,7,after:UniversityAgent.t_RequestCredential,11,11,7,0
roots10_run01,8,after:UniversityAgent.t_RequestCredential,11,11,7,0
roots10_run01,9,after:UniversityAgent.t_RequestCredential,11,11,7,0
roots10_run01,0,after:CompetencyNet.t_Verification_Pass,11,11,7,0
roots10_run01,1,after:CompetencyNet.t_Verification_Pass,11,11,7,0
roots10_run01,2,after:CompetencyNet.t_Verification_Pass,11,11,7,0
roots10_run01,3,after:CompetencyNet.t_Verification_Pass,11,11,7,0
roots10_run01,4,after:CompetencyNet.t_Verification_Pass,11,11,7,0
roots10_run01,5,after:CompetencyNet.t_Verification_Pass,11,11,7,0
roots10_run01,6,after:CompetencyNet.t_Verification_Pass,11,11,7,0
roots10_run01,7,after:CompetencyNet.t_Verification_Pass,11,11,7,0
roots10_run01,8,after:CompetencyNet.t_Verification_Pass,11,11,7,0
roots10_run01,9,after:CompetencyNet.t_Verification_Pass,11,11,7,0
roots10_run01,0,after:UniversityAgent.t_IssueCredential,11,11,8,0
roots10_run01,1,after:UniversityAgent.t_IssueCredential,11,11,8,0
roots10_run01,2,after:UniversityAgent.t_IssueCredential,11,11,8,0
roots10_run01,3,after:UniversityAgent.t_IssueCredential,11,11,8,0
roots10_run01,4,after:UniversityAgent.t_IssueCredential,11,11,8,0
roots10_run01,5,after:UniversityAgent.t_IssueCredential,11,11,8,0
roots10_run01,6,after:UniversityAgent.t_IssueCredential,11,11,8,0
roots10_run01,7,after:UniversityAgent.t_IssueCredential,11,11,8,0
roots10_run01,8,after:UniversityAgent.t_IssueCredential,11,11,8,0
roots10_run01,9,after:UniversityAgent.t_IssueCredential,11,11,8,0
roots10_run01,0,after:StudentAgent.t_WaitCredential,11,11,8,0
roots10_run01,1,after:StudentAgent.t_WaitCredential,11,11,8,0
roots10_run01,2,after:StudentAgent.t_WaitCredential,11,11,8,0
roots10_run01,3,after:StudentAgent.t_WaitCredential,11,11,8,0
roots10_run01,4,after:StudentAgent.t_WaitCredential,11,11,8,0
roots10_run01,5,after:StudentAgent.t_WaitCredential,11,11,8,0
roots10_run01,6,after:StudentAgent.t_WaitCredential,11,11,8,0
roots10_run01,7,after:StudentAgent.t_WaitCredential,11,11,8,0
roots10_run01,8,after:StudentAgent.t_WaitCredential,11,11,8,0
roots10_run01,9,after:StudentAgent.t_WaitCredential,11,11,8,0
roots10_run01,0,after:StudentAgent.t_ReceiveCredential,11,11,8,0
roots10_run01,1,after:StudentAgent.t_ReceiveCredential,11,11,8,0
roots10_run01,2,after:StudentAgent.t_ReceiveCredential,11,11,8,0
roots10_run01,3,after:StudentAgent.t_ReceiveCredential,11,11,8,0
roots10_run01,4,after:StudentAgent.t_ReceiveCredential,11,11,8,0
roots10_run01,5,after:StudentAgent.t_ReceiveCredential,11,11,8,0
roots10_run01,6,after:StudentAgent.t_ReceiveCredential,11,11,8,0
roots10_run01,7,after:StudentAgent.t_ReceiveCredential,11,11,8,0
roots10_run01,8,after:StudentAgent.t_ReceiveCredential,11,11,8,0
roots10_run01,9,after:StudentAgent.t_ReceiveCredential,11,11,8,0
roots10_run01,0,after:StudentAgent.t_AcceptCredential,11,11,9,0
roots10_run01,1,after:StudentAgent.t_AcceptCredential,11,11,9,0
roots10_run01,2,after:StudentAgent.t_AcceptCredential,11,11,9,0
roots10_run01,3,after:StudentAgent.t_AcceptCredential,11,11,9,0
roots10_run01,4,after:StudentAgent.t_AcceptCredential,11,11,9,0
roots10_run01,5,after:StudentAgent.t_AcceptCredential,11,11,9,0
roots10_run01,6,after:StudentAgent.t_AcceptCredential,11,11,9,0
roots10_run01,7,after:StudentAgent.t_AcceptCredential,11,11,9,0
roots10_run01,8,after:StudentAgent.t_AcceptCredential,11,11,9,0
roots10_run01,9,after:StudentAgent.t_AcceptCredential,11,11,9,0
roots10_run01,0,after:HEDULedgerNet.t_Order,11,11,9,0
roots10_run01,1,after:HEDULedgerNet.t_Order,11,11,9,0
roots10_run01,2,after:HEDULedgerNet.t_Order,11,11,9,0
roots10_run01,3,after:HEDULedgerNet.t_Order,11,11,9,0
roots10_run01,4,after:HEDULedgerNet.t_Order,11,11,9,0
roots10_run01,5,after:HEDULedgerNet.t_Order,11,11,9,0
roots10_run01,6,after:HEDULedgerNet.t_Order,11,11,9,0
roots10_run01,7,after:HEDULedgerNet.t_Order,11,11,9,0
roots10_run01,8,after:HEDULedgerNet.t_Order,11,11,9,0
roots10_run01,9,after:HEDULedgerNet.t_Order,11,11,9,0
roots10_run01,0,after:HEDULedgerNet.t_Validate,11,11,9,0
roots10_run01,1,after:HEDULedgerNet.t_Validate,11,11,9,0
roots10_run01,2,after:HEDULedgerNet.t_Validate,11,11,9,0
roots10_run01,3,after:HEDULedgerNet.t_Validate,11,11,9,0
roots10_run01,4,after:HEDULedgerNet.t_Validate,11,11,9,0
roots10_run01,5,after:HEDULedgerNet.t_Validate,11,11,9,0
roots10_run01,6,after:HEDULedgerNet.t_Validate,11,11,9,0
roots10_run01,7,after:HEDULedgerNet.t_Validate,11,11,9,0
roots10_run01,8,after:HEDULedgerNet.t_Validate,11,11,9,0
roots10_run01,9,after:HEDULedgerNet.t_Validate,11,11,9,0
roots10_run01,0,after:HEDULedgerNet.t_Commit,11,11,9,0
roots10_run01,1,after:HEDULedgerNet.t_Commit,11,11,9,0
roots10_run01,2,after:HEDULedgerNet.t_Commit,11,11,9,0
roots10_run01,3,after:HEDULedgerNet.t_Commit,11,11,9,0
roots10_run01,4,after:HEDULedgerNet.t_Commit,11,11,9,0
roots10_run01,5,after:HEDULedgerNet.t_Commit,11,11,9,0
roots10_run01,6,after:HEDULedgerNet.t_Commit,11,11,9,0
roots10_run01,7,after:HEDULedgerNet.t_Commit,11,11,9,0
roots10_run01,8,after:HEDULedgerNet.t_Commit,11,11,9,0
roots10_run01,9,after:HEDULedgerNet.t_Commit,11,11,9,0
roots10_run01,0,after:HEDULedgerNet.t_Anchor,11,11,9,0
roots10_run01,1,after:HEDULedgerNet.t_Anchor,11,11,9,0
roots10_run01,2,after:HEDULedgerNet.t_Anchor,11,11,9,0
roots10_run01,3,after:HEDULedgerNet.t_Anchor,11,11,9,0
roots10_run01,4,after:HEDULedgerNet.t_Anchor,11,11,9,0
roots10_run01,5,after:HEDULedgerNet.t_Anchor,11,11,9,0
roots10_run01,6,after:HEDULedgerNet.t_Anchor,11,11,9,0
roots10_run01,7,after:HEDULedgerNet.t_Anchor,11,11,9,0
roots10_run01,8,after:HEDULedgerNet.t_Anchor,11,11,9,0
roots10_run01,9,after:HEDULedgerNet.t_Anchor,11,11,9,0
roots10_run01,0,after:StudentAgent.t_GenerateVP,11,11,9,0
roots10_run01,1,after:StudentAgent.t_GenerateVP,11,11,9,0
roots10_run01,2,after:StudentAgent.t_GenerateVP,11,11,9,0
roots10_run01,3,after:StudentAgent.t_GenerateVP,11,11,9,0
roots10_run01,4,after:StudentAgent.t_GenerateVP,11,11,9,0
roots10_run01,5,after:StudentAgent.t_GenerateVP,11,11,9,0
roots10_run01,6,after:StudentAgent.t_GenerateVP,11,11,9,0
roots10_run01,7,after:StudentAgent.t_GenerateVP,11,11,9,0
roots10_run01,8,after:StudentAgent.t_GenerateVP,11,11,9,0
roots10_run01,9,after:StudentAgent.t_GenerateVP,11,11,9,0
roots10_run01,0,after:StudentAgent.t_ShareVP,11,11,10,0
roots10_run01,1,after:StudentAgent.t_ShareVP,11,11,10,0
roots10_run01,2,after:StudentAgent.t_ShareVP,11,11,10,0
roots10_run01,3,after:StudentAgent.t_ShareVP,11,11,10,0
roots10_run01,4,after:StudentAgent.t_ShareVP,11,11,10,0
roots10_run01,5,after:StudentAgent.t_ShareVP,11,11,10,0
roots10_run01,6,after:StudentAgent.t_ShareVP,11,11,10,0
roots10_run01,7,after:StudentAgent.t_ShareVP,11,11,10,0
roots10_run01,8,after:StudentAgent.t_ShareVP,11,11,10,0
roots10_run01,9,after:StudentAgent.t_ShareVP,11,11,10,0
roots10_run01,0,after:HRAgent.t_ParseVP,11,11,10,0
roots10_run01,1,after:HRAgent.t_ParseVP,11,11,10,0
roots10_run01,2,after:HRAgent.t_ParseVP,11,11,10,0
roots10_run01,3,after:HRAgent.t_ParseVP,11,11,10,0
roots10_run01,4,after:HRAgent.t_ParseVP,11,11,10,0
roots10_run01,5,after:HRAgent.t_ParseVP,11,11,10,0
roots10_run01,6,after:HRAgent.t_ParseVP,11,11,10,0
roots10_run01,7,after:HRAgent.t_ParseVP,11,11,10,0
roots10_run01,8,after:HRAgent.t_ParseVP,11,11,10,0
roots10_run01,9,after:HRAgent.t_ParseVP,11,11,10,0
roots10_run01,0,after:CompetencyNet.t_Agg_Ingest,11,11,10,0
roots10_run01,1,after:CompetencyNet.t_Agg_Ingest,11,11,10,0
roots10_run01,2,after:CompetencyNet.t_Agg_Ingest,11,11,10,0
roots10_run01,3,after:CompetencyNet.t_Agg_Ingest,11,11,10,0
roots10_run01,4,after:CompetencyNet.t_Agg_Ingest,11,11,10,0
roots10_run01,5,after:CompetencyNet.t_Agg_Ingest,11,11,10,0
roots10_run01,6,after:CompetencyNet.t_Agg_Ingest,11,11,10,0
roots10_run01,7,after:CompetencyNet.t_Agg_Ingest,11,11,10,0
roots10_run01,8,after:CompetencyNet.t_Agg_Ingest,11,11,10,0
roots10_run01,9,after:CompetencyNet.t_Agg_Ingest,11,11,10,0
roots10_run01,0,after:HRAgent.t_SemanticMatch,11,11,10,0
roots10_run01,1,after:HRAgent.t_SemanticMatch,11,11,10,0
roots10_run01,2,after:HRAgent.t_SemanticMatch,11,11,10,0
roots10_run01,3,after:HRAgent.t_SemanticMatch,11,11,10,0
roots10_run01,4,after:HRAgent.t_SemanticMatch,11,11,10,0
roots10_run01,5,after:HRAgent.t_SemanticMatch,11,11,10,0
roots10_run01,6,after:HRAgent.t_SemanticMatch,11,11,10,0
roots10_run01,7,after:HRAgent.t_SemanticMatch,11,11,10,0
roots10_run01,8,after:HRAgent.t_SemanticMatch,11,11,10,0
roots10_run01,9,after:HRAgent.t_SemanticMatch,11,11,10,0
roots10_run01,0,after:HRAgent.t_GapAnalysis,11,11,10,0
roots10_run01,1,after:HRAgent.t_GapAnalysis,11,11,10,0
roots10_run01,2,after:HRAgent.t_GapAnalysis,11,11,10,0
roots10_run01,3,after:HRAgent.t_GapAnalysis,11,11,10,0
roots10_run01,4,after:HRAgent.t_GapAnalysis,11,11,10,0
roots10_run01,5,after:HRAgent.t_GapAnalysis,11,11,10,0
roots10_run01,6,after:HRAgent.t_GapAnalysis,11,11,10,0
roots10_run01,7,after:HRAgent.t_GapAnalysis,11,11,10,0
roots10_run01,8,after:HRAgent.t_GapAnalysis,11,11,10,0
roots10_run01,9,after:HRAgent.t_GapAnalysis,11,11,10,0
roots10_run01,0,after:HRAgent.t_GenerateResult,11,11,10,0
roots10_run01,1,after:HRAgent.t_GenerateResult,11,11,10,0
roots10_run01,2,after:HRAgent.t_GenerateResult,11,11,10,0
roots10_run01,3,after:HRAgent.t_GenerateResult,11,11,10,0
roots10_run01,4,after:HRAgent.t_GenerateResult,11,11,10,0
roots10_run01,5,after:HRAgent.t_GenerateResult,11,11,10,0
roots10_run01,6,after:HRAgent.t_GenerateResult,11,11,10,0
roots10_run01,7,after:HRAgent.t_GenerateResult,11,11,10,0
roots10_run01,8,after:HRAgent.t_GenerateResult,11,11,10,0
roots10_run01,9,after:HRAgent.t_GenerateResult,11,11,10,0
roots10_run01,0,after:WalletNet.t_GenerateVP,11,11,10,0
roots10_run01,1,after:WalletNet.t_GenerateVP,11,11,10,0
roots10_run01,2,after:WalletNet.t_GenerateVP,11,11,10,0
roots10_run01,3,after:WalletNet.t_GenerateVP,11,11,10,0
roots10_run01,4,after:WalletNet.t_GenerateVP,11,11,10,0
roots10_run01,5,after:WalletNet.t_GenerateVP,11,11,10,0
roots10_run01,6,after:WalletNet.t_GenerateVP,11,11,10,0
roots10_run01,7,after:WalletNet.t_GenerateVP,11,11,10,0
roots10_run01,8,after:WalletNet.t_GenerateVP,11,11,10,0
roots10_run01,9,after:WalletNet.t_GenerateVP,11,11,10,0
roots10_run01,0,after:WalletNet.t_ShareVP,11,11,10,0
roots10_run01,1,after:WalletNet.t_ShareVP,11,11,10,0
roots10_run01,2,after:WalletNet.t_ShareVP,11,11,10,0
roots10_run01,3,after:WalletNet.t_ShareVP,11,11,10,0
roots10_run01,4,after:WalletNet.t_ShareVP,11,11,10,0
roots10_run01,5,after:WalletNet.t_ShareVP,11,11,10,0
roots10_run01,6,after:WalletNet.t_ShareVP,11,11,10,0
roots10_run01,7,after:WalletNet.t_ShareVP,11,11,10,0
roots10_run01,8,after:WalletNet.t_ShareVP,11,11,10,0
roots10_run01,9,after:WalletNet.t_ShareVP,11,11,10,0
roots10_run01,0,terminal,11,11,10,0
roots10_run01,1,terminal,11,11,10,0
roots10_run01,2,terminal,11,11,10,0
roots10_run01,3,terminal,11,11,10,0
roots10_run01,4,terminal,11,11,10,0
roots10_run01,5,terminal,11,11,10,0
roots10_run01,6,terminal,11,11,10,0
roots10_run01,7,terminal,11,11,10,0
roots10_run01,8,terminal,11,11,10,0
roots10_run01,9,terminal,11,11,10,0
roots10_run02,0,creation,9,9,1,0
roots10_run02,1,creation,9,9,1,0
roots10_run02,2,creation,9,9,1,0
roots10_run02,3,creation,9,9,1,0
roots10_run02,4,creation,9,9,1,0
roots10_run02,5,creation,9,9,1,0
roots10_run02,6,creation,9,9,1,0
roots10_run02,7,creation,9,9,1,0
roots10_run02,8,creation,9,9,1,0
roots10_run02,9,creation,9,9,1,0
roots10_run02,0,after:StudentAgent.t_SubmitEvidence,10,10,4,0
roots10_run02,1,after:StudentAgent.t_SubmitEvidence,10,10,4,0
roots10_run02,2,after:StudentAgent.t_SubmitEvidence,10,10,4,0
roots10_run02,3,after:StudentAgent.t_SubmitEvidence,10,10,4,0
roots10_run02,4,after:StudentAgent.t_SubmitEvidence,10,10,4,0
roots10_run02,5,after:StudentAgent.t_SubmitEvidence,10,10,4,0
roots10_run02,6,after:StudentAgent.t_SubmitEvidence,10,10,4,0
roots10_run02,7,after:StudentAgent.t_SubmitEvidence,10,10,4,0
roots10_run02,8,after:StudentAgent.t_SubmitEvidence,10,10,4,0
roots10_run02,9,after:StudentAgent.t_SubmitEvidence,10,10,4,0
roots10_run02,0,after:EvidenceNet.t_LMS_Submit,10,10,4,0
roots10_run02,1,after:EvidenceNet.t_LMS_Submit,10,10,4,0
roots10_run02,2,after:EvidenceNet.t_LMS_Submit,10,10,4,0
roots10_run02,3,after:EvidenceNet.t_LMS_Submit,10,10,4,0
roots10_run02,4,after:EvidenceNet.t_LMS_Submit,10,10,4,0
roots10_run02,5,after:EvidenceNet.t_LMS_Submit,10,10,4,0
roots10_run02,6,after:EvidenceNet.t_LMS_Submit,10,10,4,0
roots10_run02,7,after:EvidenceNet.t_LMS_Submit,10,10,4,0
roots10_run02,8,after:EvidenceNet.t_LMS_Submit,10,10,4,0
roots10_run02,9,after:EvidenceNet.t_LMS_Submit,10,10,4,0
roots10_run02,0,after:EvidenceNet.t_Review_Request,10,10,4,0
roots10_run02,1,after:EvidenceNet.t_Review_Request,10,10,4,0
roots10_run02,2,after:EvidenceNet.t_Review_Request,10,10,4,0
roots10_run02,3,after:EvidenceNet.t_Review_Request,10,10,4,0
roots10_run02,4,after:EvidenceNet.t_Review_Request,10,10,4,0
roots10_run02,5,after:EvidenceNet.t_Review_Request,10,10,4,0
roots10_run02,6,after:EvidenceNet.t_Review_Request,10,10,4,0
roots10_run02,7,after:EvidenceNet.t_Review_Request,10,10,4,0
roots10_run02,8,after:EvidenceNet.t_Review_Request,10,10,4,0
roots10_run02,9,after:EvidenceNet.t_Review_Request,10,10,4,0
roots10_run02,0,after:ProfessorAgent.t_StartReview,10,10,4,0
roots10_run02,1,after:ProfessorAgent.t_StartReview,10,10,4,0
roots10_run02,2,after:ProfessorAgent.t_StartReview,10,10,4,0
roots10_run02,3,after:ProfessorAgent.t_StartReview,10,10,4,0
roots10_run02,4,after:ProfessorAgent.t_StartReview,10,10,4,0
roots10_run02,5,after:ProfessorAgent.t_StartReview,10,10,4,0
roots10_run02,6,after:ProfessorAgent.t_StartReview,10,10,4,0
roots10_run02,7,after:ProfessorAgent.t_StartReview,10,10,4,0
roots10_run02,8,after:ProfessorAgent.t_StartReview,10,10,4,0
roots10_run02,9,after:ProfessorAgent.t_StartReview,10,10,4,0
roots10_run02,0,after:ProfessorAgent.t_AssessEvidence,10,10,4,0
roots10_run02,1,after:ProfessorAgent.t_AssessEvidence,10,10,4,0
roots10_run02,2,after:ProfessorAgent.t_AssessEvidence,10,10,4,0
roots10_run02,3,after:ProfessorAgent.t_AssessEvidence,10,10,4,0
roots10_run02,4,after:ProfessorAgent.t_AssessEvidence,10,10,4,0
roots10_run02,5,after:ProfessorAgent.t_AssessEvidence,10,10,4,0
roots10_run02,6,after:ProfessorAgent.t_AssessEvidence,10,10,4,0
roots10_run02,7,after:ProfessorAgent.t_AssessEvidence,10,10,4,0
roots10_run02,8,after:ProfessorAgent.t_AssessEvidence,10,10,4,0
roots10_run02,9,after:ProfessorAgent.t_AssessEvidence,10,10,4,0
roots10_run02,0,after:ProfessorAgent.t_ApproveEvidence,10,10,5,0
roots10_run02,1,after:ProfessorAgent.t_ApproveEvidence,10,10,5,0
roots10_run02,2,after:ProfessorAgent.t_ApproveEvidence,10,10,5,0
roots10_run02,3,after:ProfessorAgent.t_ApproveEvidence,10,10,5,0
roots10_run02,4,after:ProfessorAgent.t_ApproveEvidence,10,10,5,0
roots10_run02,5,after:ProfessorAgent.t_ApproveEvidence,10,10,5,0
roots10_run02,6,after:ProfessorAgent.t_ApproveEvidence,10,10,5,0
roots10_run02,7,after:ProfessorAgent.t_ApproveEvidence,10,10,5,0
roots10_run02,8,after:ProfessorAgent.t_ApproveEvidence,10,10,5,0
roots10_run02,9,after:ProfessorAgent.t_ApproveEvidence,10,10,5,0
roots10_run02,0,after:UniversityAgent.t_VerifyEvidence,10,10,5,0
roots10_run02,1,after:UniversityAgent.t_VerifyEvidence,10,10,5,0
roots10_run02,2,after:UniversityAgent.t_VerifyEvidence,10,10,5,0
roots10_run02,3,after:UniversityAgent.t_VerifyEvidence,10,10,5,0
roots10_run02,4,after:UniversityAgent.t_VerifyEvidence,10,10,5,0
roots10_run02,5,after:UniversityAgent.t_VerifyEvidence,10,10,5,0
roots10_run02,6,after:UniversityAgent.t_VerifyEvidence,10,10,5,0
roots10_run02,7,after:UniversityAgent.t_VerifyEvidence,10,10,5,0
roots10_run02,8,after:UniversityAgent.t_VerifyEvidence,10,10,5,0
roots10_run02,9,after:UniversityAgent.t_VerifyEvidence,10,10,5,0
roots10_run02,0,after:UniversityAgent.t_RequestCredential,11,11,7,0
roots10_run02,1,after:UniversityAgent.t_RequestCredential,11,11,7,0
roots10_run02,2,after:UniversityAgent.t_RequestCredential,11,11,7,0
roots10_run02,3,after:UniversityAgent.t_RequestCredential,11,11,7,0
roots10_run02,4,after:UniversityAgent.t_RequestCredential,11,11,7,0
roots10_run02,5,after:UniversityAgent.t_RequestCredential,11,11,7,0
roots10_run02,6,after:UniversityAgent.t_RequestCredential,11,11,7,0
roots10_run02,7,after:UniversityAgent.t_RequestCredential,11,11,7,0
roots10_run02,8,after:UniversityAgent.t_RequestCredential,11,11,7,0
roots10_run02,9,after:UniversityAgent.t_RequestCredential,11,11,7,0
roots10_run02,0,after:CompetencyNet.t_Verification_Pass,11,11,7,0
roots10_run02,1,after:CompetencyNet.t_Verification_Pass,11,11,7,0
roots10_run02,2,after:CompetencyNet.t_Verification_Pass,11,11,7,0
roots10_run02,3,after:CompetencyNet.t_Verification_Pass,11,11,7,0
roots10_run02,4,after:CompetencyNet.t_Verification_Pass,11,11,7,0
roots10_run02,5,after:CompetencyNet.t_Verification_Pass,11,11,7,0
roots10_run02,6,after:CompetencyNet.t_Verification_Pass,11,11,7,0
roots10_run02,7,after:CompetencyNet.t_Verification_Pass,11,11,7,0
roots10_run02,8,after:CompetencyNet.t_Verification_Pass,11,11,7,0
roots10_run02,9,after:CompetencyNet.t_Verification_Pass,11,11,7,0
roots10_run02,0,after:UniversityAgent.t_IssueCredential,11,11,8,0
roots10_run02,1,after:UniversityAgent.t_IssueCredential,11,11,8,0
roots10_run02,2,after:UniversityAgent.t_IssueCredential,11,11,8,0
roots10_run02,3,after:UniversityAgent.t_IssueCredential,11,11,8,0
roots10_run02,4,after:UniversityAgent.t_IssueCredential,11,11,8,0
roots10_run02,5,after:UniversityAgent.t_IssueCredential,11,11,8,0
roots10_run02,6,after:UniversityAgent.t_IssueCredential,11,11,8,0
roots10_run02,7,after:UniversityAgent.t_IssueCredential,11,11,8,0
roots10_run02,8,after:UniversityAgent.t_IssueCredential,11,11,8,0
roots10_run02,9,after:UniversityAgent.t_IssueCredential,11,11,8,0
roots10_run02,0,after:StudentAgent.t_WaitCredential,11,11,8,0
roots10_run02,1,after:StudentAgent.t_WaitCredential,11,11,8,0
roots10_run02,2,after:StudentAgent.t_WaitCredential,11,11,8,0
roots10_run02,3,after:StudentAgent.t_WaitCredential,11,11,8,0
roots10_run02,4,after:StudentAgent.t_WaitCredential,11,11,8,0
roots10_run02,5,after:StudentAgent.t_WaitCredential,11,11,8,0
roots10_run02,6,after:StudentAgent.t_WaitCredential,11,11,8,0
roots10_run02,7,after:StudentAgent.t_WaitCredential,11,11,8,0
roots10_run02,8,after:StudentAgent.t_WaitCredential,11,11,8,0
roots10_run02,9,after:StudentAgent.t_WaitCredential,11,11,8,0
roots10_run02,0,after:StudentAgent.t_ReceiveCredential,11,11,8,0
roots10_run02,1,after:StudentAgent.t_ReceiveCredential,11,11,8,0
roots10_run02,2,after:StudentAgent.t_ReceiveCredential,11,11,8,0
roots10_run02,3,after:StudentAgent.t_ReceiveCredential,11,11,8,0
roots10_run02,4,after:StudentAgent.t_ReceiveCredential,11,11,8,0
roots10_run02,5,after:StudentAgent.t_ReceiveCredential,11,11,8,0
roots10_run02,6,after:StudentAgent.t_ReceiveCredential,11,11,8,0
roots10_run02,7,after:StudentAgent.t_ReceiveCredential,11,11,8,0
roots10_run02,8,after:StudentAgent.t_ReceiveCredential,11,11,8,0
roots10_run02,9,after:StudentAgent.t_ReceiveCredential,11,11,8,0
roots10_run02,0,after:StudentAgent.t_AcceptCredential,11,11,9,0
roots10_run02,1,after:StudentAgent.t_AcceptCredential,11,11,9,0
roots10_run02,2,after:StudentAgent.t_AcceptCredential,11,11,9,0
roots10_run02,3,after:StudentAgent.t_AcceptCredential,11,11,9,0
roots10_run02,4,after:StudentAgent.t_AcceptCredential,11,11,9,0
roots10_run02,5,after:StudentAgent.t_AcceptCredential,11,11,9,0
roots10_run02,6,after:StudentAgent.t_AcceptCredential,11,11,9,0
roots10_run02,7,after:StudentAgent.t_AcceptCredential,11,11,9,0
roots10_run02,8,after:StudentAgent.t_AcceptCredential,11,11,9,0
roots10_run02,9,after:StudentAgent.t_AcceptCredential,11,11,9,0
roots10_run02,0,after:HEDULedgerNet.t_Order,11,11,9,0
roots10_run02,1,after:HEDULedgerNet.t_Order,11,11,9,0
roots10_run02,2,after:HEDULedgerNet.t_Order,11,11,9,0
roots10_run02,3,after:HEDULedgerNet.t_Order,11,11,9,0
roots10_run02,4,after:HEDULedgerNet.t_Order,11,11,9,0
roots10_run02,5,after:HEDULedgerNet.t_Order,11,11,9,0
roots10_run02,6,after:HEDULedgerNet.t_Order,11,11,9,0
roots10_run02,7,after:HEDULedgerNet.t_Order,11,11,9,0
roots10_run02,8,after:HEDULedgerNet.t_Order,11,11,9,0
roots10_run02,9,after:HEDULedgerNet.t_Order,11,11,9,0
roots10_run02,0,after:HEDULedgerNet.t_Validate,11,11,9,0
roots10_run02,1,after:HEDULedgerNet.t_Validate,11,11,9,0
roots10_run02,2,after:HEDULedgerNet.t_Validate,11,11,9,0
roots10_run02,3,after:HEDULedgerNet.t_Validate,11,11,9,0
roots10_run02,4,after:HEDULedgerNet.t_Validate,11,11,9,0
roots10_run02,5,after:HEDULedgerNet.t_Validate,11,11,9,0
roots10_run02,6,after:HEDULedgerNet.t_Validate,11,11,9,0
roots10_run02,7,after:HEDULedgerNet.t_Validate,11,11,9,0
roots10_run02,8,after:HEDULedgerNet.t_Validate,11,11,9,0
roots10_run02,9,after:HEDULedgerNet.t_Validate,11,11,9,0
roots10_run02,0,after:HEDULedgerNet.t_Commit,11,11,9,0
roots10_run02,1,after:HEDULedgerNet.t_Commit,11,11,9,0
roots10_run02,2,after:HEDULedgerNet.t_Commit,11,11,9,0
roots10_run02,3,after:HEDULedgerNet.t_Commit,11,11,9,0
roots10_run02,4,after:HEDULedgerNet.t_Commit,11,11,9,0
roots10_run02,5,after:HEDULedgerNet.t_Commit,11,11,9,0
roots10_run02,6,after:HEDULedgerNet.t_Commit,11,11,9,0
roots10_run02,7,after:HEDULedgerNet.t_Commit,11,11,9,0
roots10_run02,8,after:HEDULedgerNet.t_Commit,11,11,9,0
roots10_run02,9,after:HEDULedgerNet.t_Commit,11,11,9,0
roots10_run02,0,after:HEDULedgerNet.t_Anchor,11,11,9,0
roots10_run02,1,after:HEDULedgerNet.t_Anchor,11,11,9,0
roots10_run02,2,after:HEDULedgerNet.t_Anchor,11,11,9,0
roots10_run02,3,after:HEDULedgerNet.t_Anchor,11,11,9,0
roots10_run02,4,after:HEDULedgerNet.t_Anchor,11,11,9,0
roots10_run02,5,after:HEDULedgerNet.t_Anchor,11,11,9,0
roots10_run02,6,after:HEDULedgerNet.t_Anchor,11,11,9,0
roots10_run02,7,after:HEDULedgerNet.t_Anchor,11,11,9,0
roots10_run02,8,after:HEDULedgerNet.t_Anchor,11,11,9,0
roots10_run02,9,after:HEDULedgerNet.t_Anchor,11,11,9,0
roots10_run02,0,after:StudentAgent.t_GenerateVP,11,11,9,0
roots10_run02,1,after:StudentAgent.t_GenerateVP,11,11,9,0
roots10_run02,2,after:StudentAgent.t_GenerateVP,11,11,9,0
roots10_run02,3,after:StudentAgent.t_GenerateVP,11,11,9,0
roots10_run02,4,after:StudentAgent.t_GenerateVP,11,11,9,0
roots10_run02,5,after:StudentAgent.t_GenerateVP,11,11,9,0
roots10_run02,6,after:StudentAgent.t_GenerateVP,11,11,9,0
roots10_run02,7,after:StudentAgent.t_GenerateVP,11,11,9,0
roots10_run02,8,after:StudentAgent.t_GenerateVP,11,11,9,0
roots10_run02,9,after:StudentAgent.t_GenerateVP,11,11,9,0
roots10_run02,0,after:StudentAgent.t_ShareVP,11,11,10,0
roots10_run02,1,after:StudentAgent.t_ShareVP,11,11,10,0
roots10_run02,2,after:StudentAgent.t_ShareVP,11,11,10,0
roots10_run02,3,after:StudentAgent.t_ShareVP,11,11,10,0
roots10_run02,4,after:StudentAgent.t_ShareVP,11,11,10,0
roots10_run02,5,after:StudentAgent.t_ShareVP,11,11,10,0
roots10_run02,6,after:StudentAgent.t_ShareVP,11,11,10,0
roots10_run02,7,after:StudentAgent.t_ShareVP,11,11,10,0
roots10_run02,8,after:StudentAgent.t_ShareVP,11,11,10,0
roots10_run02,9,after:StudentAgent.t_ShareVP,11,11,10,0
roots10_run02,0,after:HRAgent.t_ParseVP,11,11,10,0
roots10_run02,1,after:HRAgent.t_ParseVP,11,11,10,0
roots10_run02,2,after:HRAgent.t_ParseVP,11,11,10,0
roots10_run02,3,after:HRAgent.t_ParseVP,11,11,10,0
roots10_run02,4,after:HRAgent.t_ParseVP,11,11,10,0
roots10_run02,5,after:HRAgent.t_ParseVP,11,11,10,0
roots10_run02,6,after:HRAgent.t_ParseVP,11,11,10,0
roots10_run02,7,after:HRAgent.t_ParseVP,11,11,10,0
roots10_run02,8,after:HRAgent.t_ParseVP,11,11,10,0
roots10_run02,9,after:HRAgent.t_ParseVP,11,11,10,0
roots10_run02,0,after:CompetencyNet.t_Agg_Ingest,11,11,10,0
roots10_run02,1,after:CompetencyNet.t_Agg_Ingest,11,11,10,0
roots10_run02,2,after:CompetencyNet.t_Agg_Ingest,11,11,10,0
roots10_run02,3,after:CompetencyNet.t_Agg_Ingest,11,11,10,0
roots10_run02,4,after:CompetencyNet.t_Agg_Ingest,11,11,10,0
roots10_run02,5,after:CompetencyNet.t_Agg_Ingest,11,11,10,0
roots10_run02,6,after:CompetencyNet.t_Agg_Ingest,11,11,10,0
roots10_run02,7,after:CompetencyNet.t_Agg_Ingest,11,11,10,0
roots10_run02,8,after:CompetencyNet.t_Agg_Ingest,11,11,10,0
roots10_run02,9,after:CompetencyNet.t_Agg_Ingest,11,11,10,0
roots10_run02,0,after:HRAgent.t_SemanticMatch,11,11,10,0
roots10_run02,1,after:HRAgent.t_SemanticMatch,11,11,10,0
roots10_run02,2,after:HRAgent.t_SemanticMatch,11,11,10,0
roots10_run02,3,after:HRAgent.t_SemanticMatch,11,11,10,0
roots10_run02,4,after:HRAgent.t_SemanticMatch,11,11,10,0
roots10_run02,5,after:HRAgent.t_SemanticMatch,11,11,10,0
roots10_run02,6,after:HRAgent.t_SemanticMatch,11,11,10,0
roots10_run02,7,after:HRAgent.t_SemanticMatch,11,11,10,0
roots10_run02,8,after:HRAgent.t_SemanticMatch,11,11,10,0
roots10_run02,9,after:HRAgent.t_SemanticMatch,11,11,10,0
roots10_run02,0,after:HRAgent.t_GapAnalysis,11,11,10,0
roots10_run02,1,after:HRAgent.t_GapAnalysis,11,11,10,0
roots10_run02,2,after:HRAgent.t_GapAnalysis,11,11,10,0
roots10_run02,3,after:HRAgent.t_GapAnalysis,11,11,10,0
roots10_run02,4,after:HRAgent.t_GapAnalysis,11,11,10,0
roots10_run02,5,after:HRAgent.t_GapAnalysis,11,11,10,0
roots10_run02,6,after:HRAgent.t_GapAnalysis,11,11,10,0
roots10_run02,7,after:HRAgent.t_GapAnalysis,11,11,10,0
roots10_run02,8,after:HRAgent.t_GapAnalysis,11,11,10,0
roots10_run02,9,after:HRAgent.t_GapAnalysis,11,11,10,0
roots10_run02,0,after:HRAgent.t_GenerateResult,11,11,10,0
roots10_run02,1,after:HRAgent.t_GenerateResult,11,11,10,0
roots10_run02,2,after:HRAgent.t_GenerateResult,11,11,10,0
roots10_run02,3,after:HRAgent.t_GenerateResult,11,11,10,0
roots10_run02,4,after:HRAgent.t_GenerateResult,11,11,10,0
roots10_run02,5,after:HRAgent.t_GenerateResult,11,11,10,0
roots10_run02,6,after:HRAgent.t_GenerateResult,11,11,10,0
roots10_run02,7,after:HRAgent.t_GenerateResult,11,11,10,0
roots10_run02,8,after:HRAgent.t_GenerateResult,11,11,10,0
roots10_run02,9,after:HRAgent.t_GenerateResult,11,11,10,0
roots10_run02,0,after:WalletNet.t_GenerateVP,11,11,10,0
roots10_run02,1,after:WalletNet.t_GenerateVP,11,11,10,0
roots10_run02,2,after:WalletNet.t_GenerateVP,11,11,10,0
roots10_run02,3,after:WalletNet.t_GenerateVP,11,11,10,0
roots10_run02,4,after:WalletNet.t_GenerateVP,11,11,10,0
roots10_run02,5,after:WalletNet.t_GenerateVP,11,11,10,0
roots10_run02,6,after:WalletNet.t_GenerateVP,11,11,10,0
roots10_run02,7,after:WalletNet.t_GenerateVP,11,11,10,0
roots10_run02,8,after:WalletNet.t_GenerateVP,11,11,10,0
roots10_run02,9,after:WalletNet.t_GenerateVP,11,11,10,0
roots10_run02,0,after:WalletNet.t_ShareVP,11,11,10,0
roots10_run02,1,after:WalletNet.t_ShareVP,11,11,10,0
roots10_run02,2,after:WalletNet.t_ShareVP,11,11,10,0
roots10_run02,3,after:WalletNet.t_ShareVP,11,11,10,0
roots10_run02,4,after:WalletNet.t_ShareVP,11,11,10,0
roots10_run02,5,after:WalletNet.t_ShareVP,11,11,10,0
roots10_run02,6,after:WalletNet.t_ShareVP,11,11,10,0
roots10_run02,7,after:WalletNet.t_ShareVP,11,11,10,0
roots10_run02,8,after:WalletNet.t_ShareVP,11,11,10,0
roots10_run02,9,after:WalletNet.t_ShareVP,11,11,10,0
roots10_run02,0,terminal,11,11,10,0
roots10_run02,1,terminal,11,11,10,0
roots10_run02,2,terminal,11,11,10,0
roots10_run02,3,terminal,11,11,10,0
roots10_run02,4,terminal,11,11,10,0
roots10_run02,5,terminal,11,11,10,0
roots10_run02,6,terminal,11,11,10,0
roots10_run02,7,terminal,11,11,10,0
roots10_run02,8,terminal,11,11,10,0
roots10_run02,9,terminal,11,11,10,0
roots10_run03,0,creation,9,9,1,0
roots10_run03,1,creation,9,9,1,0
roots10_run03,2,creation,9,9,1,0
roots10_run03,3,creation,9,9,1,0
roots10_run03,4,creation,9,9,1,0
roots10_run03,5,creation,9,9,1,0
roots10_run03,6,creation,9,9,1,0
roots10_run03,7,creation,9,9,1,0
roots10_run03,8,creation,9,9,1,0
roots10_run03,9,creation,9,9,1,0
roots10_run03,0,after:StudentAgent.t_SubmitEvidence,10,10,4,0
roots10_run03,1,after:StudentAgent.t_SubmitEvidence,10,10,4,0
roots10_run03,2,after:StudentAgent.t_SubmitEvidence,10,10,4,0
roots10_run03,3,after:StudentAgent.t_SubmitEvidence,10,10,4,0
roots10_run03,4,after:StudentAgent.t_SubmitEvidence,10,10,4,0
roots10_run03,5,after:StudentAgent.t_SubmitEvidence,10,10,4,0
roots10_run03,6,after:StudentAgent.t_SubmitEvidence,10,10,4,0
roots10_run03,7,after:StudentAgent.t_SubmitEvidence,10,10,4,0
roots10_run03,8,after:StudentAgent.t_SubmitEvidence,10,10,4,0
roots10_run03,9,after:StudentAgent.t_SubmitEvidence,10,10,4,0
roots10_run03,0,after:EvidenceNet.t_LMS_Submit,10,10,4,0
roots10_run03,1,after:EvidenceNet.t_LMS_Submit,10,10,4,0
roots10_run03,2,after:EvidenceNet.t_LMS_Submit,10,10,4,0
roots10_run03,3,after:EvidenceNet.t_LMS_Submit,10,10,4,0
roots10_run03,4,after:EvidenceNet.t_LMS_Submit,10,10,4,0
roots10_run03,5,after:EvidenceNet.t_LMS_Submit,10,10,4,0
roots10_run03,6,after:EvidenceNet.t_LMS_Submit,10,10,4,0
roots10_run03,7,after:EvidenceNet.t_LMS_Submit,10,10,4,0
roots10_run03,8,after:EvidenceNet.t_LMS_Submit,10,10,4,0
roots10_run03,9,after:EvidenceNet.t_LMS_Submit,10,10,4,0
roots10_run03,0,after:EvidenceNet.t_Review_Request,10,10,4,0
roots10_run03,1,after:EvidenceNet.t_Review_Request,10,10,4,0
roots10_run03,2,after:EvidenceNet.t_Review_Request,10,10,4,0
roots10_run03,3,after:EvidenceNet.t_Review_Request,10,10,4,0
roots10_run03,4,after:EvidenceNet.t_Review_Request,10,10,4,0
roots10_run03,5,after:EvidenceNet.t_Review_Request,10,10,4,0
roots10_run03,6,after:EvidenceNet.t_Review_Request,10,10,4,0
roots10_run03,7,after:EvidenceNet.t_Review_Request,10,10,4,0
roots10_run03,8,after:EvidenceNet.t_Review_Request,10,10,4,0
roots10_run03,9,after:EvidenceNet.t_Review_Request,10,10,4,0
roots10_run03,0,after:ProfessorAgent.t_StartReview,10,10,4,0
roots10_run03,1,after:ProfessorAgent.t_StartReview,10,10,4,0
roots10_run03,2,after:ProfessorAgent.t_StartReview,10,10,4,0
roots10_run03,3,after:ProfessorAgent.t_StartReview,10,10,4,0
roots10_run03,4,after:ProfessorAgent.t_StartReview,10,10,4,0
roots10_run03,5,after:ProfessorAgent.t_StartReview,10,10,4,0
roots10_run03,6,after:ProfessorAgent.t_StartReview,10,10,4,0
roots10_run03,7,after:ProfessorAgent.t_StartReview,10,10,4,0
roots10_run03,8,after:ProfessorAgent.t_StartReview,10,10,4,0
roots10_run03,9,after:ProfessorAgent.t_StartReview,10,10,4,0
roots10_run03,0,after:ProfessorAgent.t_AssessEvidence,10,10,4,0
roots10_run03,1,after:ProfessorAgent.t_AssessEvidence,10,10,4,0
roots10_run03,2,after:ProfessorAgent.t_AssessEvidence,10,10,4,0
roots10_run03,3,after:ProfessorAgent.t_AssessEvidence,10,10,4,0
roots10_run03,4,after:ProfessorAgent.t_AssessEvidence,10,10,4,0
roots10_run03,5,after:ProfessorAgent.t_AssessEvidence,10,10,4,0
roots10_run03,6,after:ProfessorAgent.t_AssessEvidence,10,10,4,0
roots10_run03,7,after:ProfessorAgent.t_AssessEvidence,10,10,4,0
roots10_run03,8,after:ProfessorAgent.t_AssessEvidence,10,10,4,0
roots10_run03,9,after:ProfessorAgent.t_AssessEvidence,10,10,4,0
roots10_run03,0,after:ProfessorAgent.t_ApproveEvidence,10,10,5,0
roots10_run03,1,after:ProfessorAgent.t_ApproveEvidence,10,10,5,0
roots10_run03,2,after:ProfessorAgent.t_ApproveEvidence,10,10,5,0
roots10_run03,3,after:ProfessorAgent.t_ApproveEvidence,10,10,5,0
roots10_run03,4,after:ProfessorAgent.t_ApproveEvidence,10,10,5,0
roots10_run03,5,after:ProfessorAgent.t_ApproveEvidence,10,10,5,0
roots10_run03,6,after:ProfessorAgent.t_ApproveEvidence,10,10,5,0
roots10_run03,7,after:ProfessorAgent.t_ApproveEvidence,10,10,5,0
roots10_run03,8,after:ProfessorAgent.t_ApproveEvidence,10,10,5,0
roots10_run03,9,after:ProfessorAgent.t_ApproveEvidence,10,10,5,0
roots10_run03,0,after:UniversityAgent.t_VerifyEvidence,10,10,5,0
roots10_run03,1,after:UniversityAgent.t_VerifyEvidence,10,10,5,0
roots10_run03,2,after:UniversityAgent.t_VerifyEvidence,10,10,5,0
roots10_run03,3,after:UniversityAgent.t_VerifyEvidence,10,10,5,0
roots10_run03,4,after:UniversityAgent.t_VerifyEvidence,10,10,5,0
roots10_run03,5,after:UniversityAgent.t_VerifyEvidence,10,10,5,0
roots10_run03,6,after:UniversityAgent.t_VerifyEvidence,10,10,5,0
roots10_run03,7,after:UniversityAgent.t_VerifyEvidence,10,10,5,0
roots10_run03,8,after:UniversityAgent.t_VerifyEvidence,10,10,5,0
roots10_run03,9,after:UniversityAgent.t_VerifyEvidence,10,10,5,0
roots10_run03,0,after:UniversityAgent.t_RequestCredential,11,11,7,0
roots10_run03,1,after:UniversityAgent.t_RequestCredential,11,11,7,0
roots10_run03,2,after:UniversityAgent.t_RequestCredential,11,11,7,0
roots10_run03,3,after:UniversityAgent.t_RequestCredential,11,11,7,0
roots10_run03,4,after:UniversityAgent.t_RequestCredential,11,11,7,0
roots10_run03,5,after:UniversityAgent.t_RequestCredential,11,11,7,0
roots10_run03,6,after:UniversityAgent.t_RequestCredential,11,11,7,0
roots10_run03,7,after:UniversityAgent.t_RequestCredential,11,11,7,0
roots10_run03,8,after:UniversityAgent.t_RequestCredential,11,11,7,0
roots10_run03,9,after:UniversityAgent.t_RequestCredential,11,11,7,0
roots10_run03,0,after:CompetencyNet.t_Verification_Pass,11,11,7,0
roots10_run03,1,after:CompetencyNet.t_Verification_Pass,11,11,7,0
roots10_run03,2,after:CompetencyNet.t_Verification_Pass,11,11,7,0
roots10_run03,3,after:CompetencyNet.t_Verification_Pass,11,11,7,0
roots10_run03,4,after:CompetencyNet.t_Verification_Pass,11,11,7,0
roots10_run03,5,after:CompetencyNet.t_Verification_Pass,11,11,7,0
roots10_run03,6,after:CompetencyNet.t_Verification_Pass,11,11,7,0
roots10_run03,7,after:CompetencyNet.t_Verification_Pass,11,11,7,0
roots10_run03,8,after:CompetencyNet.t_Verification_Pass,11,11,7,0
roots10_run03,9,after:CompetencyNet.t_Verification_Pass,11,11,7,0
roots10_run03,0,after:UniversityAgent.t_IssueCredential,11,11,8,0
roots10_run03,1,after:UniversityAgent.t_IssueCredential,11,11,8,0
roots10_run03,2,after:UniversityAgent.t_IssueCredential,11,11,8,0
roots10_run03,3,after:UniversityAgent.t_IssueCredential,11,11,8,0
roots10_run03,4,after:UniversityAgent.t_IssueCredential,11,11,8,0
roots10_run03,5,after:UniversityAgent.t_IssueCredential,11,11,8,0
roots10_run03,6,after:UniversityAgent.t_IssueCredential,11,11,8,0
roots10_run03,7,after:UniversityAgent.t_IssueCredential,11,11,8,0
roots10_run03,8,after:UniversityAgent.t_IssueCredential,11,11,8,0
roots10_run03,9,after:UniversityAgent.t_IssueCredential,11,11,8,0
roots10_run03,0,after:StudentAgent.t_WaitCredential,11,11,8,0
roots10_run03,1,after:StudentAgent.t_WaitCredential,11,11,8,0
roots10_run03,2,after:StudentAgent.t_WaitCredential,11,11,8,0
roots10_run03,3,after:StudentAgent.t_WaitCredential,11,11,8,0
roots10_run03,4,after:StudentAgent.t_WaitCredential,11,11,8,0
roots10_run03,5,after:StudentAgent.t_WaitCredential,11,11,8,0
roots10_run03,6,after:StudentAgent.t_WaitCredential,11,11,8,0
roots10_run03,7,after:StudentAgent.t_WaitCredential,11,11,8,0
roots10_run03,8,after:StudentAgent.t_WaitCredential,11,11,8,0
roots10_run03,9,after:StudentAgent.t_WaitCredential,11,11,8,0
roots10_run03,0,after:StudentAgent.t_ReceiveCredential,11,11,8,0
roots10_run03,1,after:StudentAgent.t_ReceiveCredential,11,11,8,0
roots10_run03,2,after:StudentAgent.t_ReceiveCredential,11,11,8,0
roots10_run03,3,after:StudentAgent.t_ReceiveCredential,11,11,8,0
roots10_run03,4,after:StudentAgent.t_ReceiveCredential,11,11,8,0
roots10_run03,5,after:StudentAgent.t_ReceiveCredential,11,11,8,0
roots10_run03,6,after:StudentAgent.t_ReceiveCredential,11,11,8,0
roots10_run03,7,after:StudentAgent.t_ReceiveCredential,11,11,8,0
roots10_run03,8,after:StudentAgent.t_ReceiveCredential,11,11,8,0
roots10_run03,9,after:StudentAgent.t_ReceiveCredential,11,11,8,0
roots10_run03,0,after:StudentAgent.t_AcceptCredential,11,11,9,0
roots10_run03,1,after:StudentAgent.t_AcceptCredential,11,11,9,0
roots10_run03,2,after:StudentAgent.t_AcceptCredential,11,11,9,0
roots10_run03,3,after:StudentAgent.t_AcceptCredential,11,11,9,0
roots10_run03,4,after:StudentAgent.t_AcceptCredential,11,11,9,0
roots10_run03,5,after:StudentAgent.t_AcceptCredential,11,11,9,0
roots10_run03,6,after:StudentAgent.t_AcceptCredential,11,11,9,0
roots10_run03,7,after:StudentAgent.t_AcceptCredential,11,11,9,0
roots10_run03,8,after:StudentAgent.t_AcceptCredential,11,11,9,0
roots10_run03,9,after:StudentAgent.t_AcceptCredential,11,11,9,0
roots10_run03,0,after:HEDULedgerNet.t_Order,11,11,9,0
roots10_run03,1,after:HEDULedgerNet.t_Order,11,11,9,0
roots10_run03,2,after:HEDULedgerNet.t_Order,11,11,9,0
roots10_run03,3,after:HEDULedgerNet.t_Order,11,11,9,0
roots10_run03,4,after:HEDULedgerNet.t_Order,11,11,9,0
roots10_run03,5,after:HEDULedgerNet.t_Order,11,11,9,0
roots10_run03,6,after:HEDULedgerNet.t_Order,11,11,9,0
roots10_run03,7,after:HEDULedgerNet.t_Order,11,11,9,0
roots10_run03,8,after:HEDULedgerNet.t_Order,11,11,9,0
roots10_run03,9,after:HEDULedgerNet.t_Order,11,11,9,0
roots10_run03,0,after:HEDULedgerNet.t_Validate,11,11,9,0
roots10_run03,1,after:HEDULedgerNet.t_Validate,11,11,9,0
roots10_run03,2,after:HEDULedgerNet.t_Validate,11,11,9,0
roots10_run03,3,after:HEDULedgerNet.t_Validate,11,11,9,0
roots10_run03,4,after:HEDULedgerNet.t_Validate,11,11,9,0
roots10_run03,5,after:HEDULedgerNet.t_Validate,11,11,9,0
roots10_run03,6,after:HEDULedgerNet.t_Validate,11,11,9,0
roots10_run03,7,after:HEDULedgerNet.t_Validate,11,11,9,0
roots10_run03,8,after:HEDULedgerNet.t_Validate,11,11,9,0
roots10_run03,9,after:HEDULedgerNet.t_Validate,11,11,9,0
roots10_run03,0,after:HEDULedgerNet.t_Commit,11,11,9,0
roots10_run03,1,after:HEDULedgerNet.t_Commit,11,11,9,0
roots10_run03,2,after:HEDULedgerNet.t_Commit,11,11,9,0
roots10_run03,3,after:HEDULedgerNet.t_Commit,11,11,9,0
roots10_run03,4,after:HEDULedgerNet.t_Commit,11,11,9,0
roots10_run03,5,after:HEDULedgerNet.t_Commit,11,11,9,0
roots10_run03,6,after:HEDULedgerNet.t_Commit,11,11,9,0
roots10_run03,7,after:HEDULedgerNet.t_Commit,11,11,9,0
roots10_run03,8,after:HEDULedgerNet.t_Commit,11,11,9,0
roots10_run03,9,after:HEDULedgerNet.t_Commit,11,11,9,0
roots10_run03,0,after:HEDULedgerNet.t_Anchor,11,11,9,0
roots10_run03,1,after:HEDULedgerNet.t_Anchor,11,11,9,0
roots10_run03,2,after:HEDULedgerNet.t_Anchor,11,11,9,0
roots10_run03,3,after:HEDULedgerNet.t_Anchor,11,11,9,0
roots10_run03,4,after:HEDULedgerNet.t_Anchor,11,11,9,0
roots10_run03,5,after:HEDULedgerNet.t_Anchor,11,11,9,0
roots10_run03,6,after:HEDULedgerNet.t_Anchor,11,11,9,0
roots10_run03,7,after:HEDULedgerNet.t_Anchor,11,11,9,0
roots10_run03,8,after:HEDULedgerNet.t_Anchor,11,11,9,0
roots10_run03,9,after:HEDULedgerNet.t_Anchor,11,11,9,0
roots10_run03,0,after:StudentAgent.t_GenerateVP,11,11,9,0
roots10_run03,1,after:StudentAgent.t_GenerateVP,11,11,9,0
roots10_run03,2,after:StudentAgent.t_GenerateVP,11,11,9,0
roots10_run03,3,after:StudentAgent.t_GenerateVP,11,11,9,0
roots10_run03,4,after:StudentAgent.t_GenerateVP,11,11,9,0
roots10_run03,5,after:StudentAgent.t_GenerateVP,11,11,9,0
roots10_run03,6,after:StudentAgent.t_GenerateVP,11,11,9,0
roots10_run03,7,after:StudentAgent.t_GenerateVP,11,11,9,0
roots10_run03,8,after:StudentAgent.t_GenerateVP,11,11,9,0
roots10_run03,9,after:StudentAgent.t_GenerateVP,11,11,9,0
roots10_run03,0,after:StudentAgent.t_ShareVP,11,11,10,0
roots10_run03,1,after:StudentAgent.t_ShareVP,11,11,10,0
roots10_run03,2,after:StudentAgent.t_ShareVP,11,11,10,0
roots10_run03,3,after:StudentAgent.t_ShareVP,11,11,10,0
roots10_run03,4,after:StudentAgent.t_ShareVP,11,11,10,0
roots10_run03,5,after:StudentAgent.t_ShareVP,11,11,10,0
roots10_run03,6,after:StudentAgent.t_ShareVP,11,11,10,0
roots10_run03,7,after:StudentAgent.t_ShareVP,11,11,10,0
roots10_run03,8,after:StudentAgent.t_ShareVP,11,11,10,0
roots10_run03,9,after:StudentAgent.t_ShareVP,11,11,10,0
roots10_run03,0,after:HRAgent.t_ParseVP,11,11,10,0
roots10_run03,1,after:HRAgent.t_ParseVP,11,11,10,0
roots10_run03,2,after:HRAgent.t_ParseVP,11,11,10,0
roots10_run03,3,after:HRAgent.t_ParseVP,11,11,10,0
roots10_run03,4,after:HRAgent.t_ParseVP,11,11,10,0
roots10_run03,5,after:HRAgent.t_ParseVP,11,11,10,0
roots10_run03,6,after:HRAgent.t_ParseVP,11,11,10,0
roots10_run03,7,after:HRAgent.t_ParseVP,11,11,10,0
roots10_run03,8,after:HRAgent.t_ParseVP,11,11,10,0
roots10_run03,9,after:HRAgent.t_ParseVP,11,11,10,0
roots10_run03,0,after:CompetencyNet.t_Agg_Ingest,11,11,10,0
roots10_run03,1,after:CompetencyNet.t_Agg_Ingest,11,11,10,0
roots10_run03,2,after:CompetencyNet.t_Agg_Ingest,11,11,10,0
roots10_run03,3,after:CompetencyNet.t_Agg_Ingest,11,11,10,0
roots10_run03,4,after:CompetencyNet.t_Agg_Ingest,11,11,10,0
roots10_run03,5,after:CompetencyNet.t_Agg_Ingest,11,11,10,0
roots10_run03,6,after:CompetencyNet.t_Agg_Ingest,11,11,10,0
roots10_run03,7,after:CompetencyNet.t_Agg_Ingest,11,11,10,0
roots10_run03,8,after:CompetencyNet.t_Agg_Ingest,11,11,10,0
roots10_run03,9,after:CompetencyNet.t_Agg_Ingest,11,11,10,0
roots10_run03,0,after:HRAgent.t_SemanticMatch,11,11,10,0
roots10_run03,1,after:HRAgent.t_SemanticMatch,11,11,10,0
roots10_run03,2,after:HRAgent.t_SemanticMatch,11,11,10,0
roots10_run03,3,after:HRAgent.t_SemanticMatch,11,11,10,0
roots10_run03,4,after:HRAgent.t_SemanticMatch,11,11,10,0
roots10_run03,5,after:HRAgent.t_SemanticMatch,11,11,10,0
roots10_run03,6,after:HRAgent.t_SemanticMatch,11,11,10,0
roots10_run03,7,after:HRAgent.t_SemanticMatch,11,11,10,0
roots10_run03,8,after:HRAgent.t_SemanticMatch,11,11,10,0
roots10_run03,9,after:HRAgent.t_SemanticMatch,11,11,10,0
roots10_run03,0,after:HRAgent.t_GapAnalysis,11,11,10,0
roots10_run03,1,after:HRAgent.t_GapAnalysis,11,11,10,0
roots10_run03,2,after:HRAgent.t_GapAnalysis,11,11,10,0
roots10_run03,3,after:HRAgent.t_GapAnalysis,11,11,10,0
roots10_run03,4,after:HRAgent.t_GapAnalysis,11,11,10,0
roots10_run03,5,after:HRAgent.t_GapAnalysis,11,11,10,0
roots10_run03,6,after:HRAgent.t_GapAnalysis,11,11,10,0
roots10_run03,7,after:HRAgent.t_GapAnalysis,11,11,10,0
roots10_run03,8,after:HRAgent.t_GapAnalysis,11,11,10,0
roots10_run03,9,after:HRAgent.t_GapAnalysis,11,11,10,0
roots10_run03,0,after:HRAgent.t_GenerateResult,11,11,10,0
roots10_run03,1,after:HRAgent.t_GenerateResult,11,11,10,0
roots10_run03,2,after:HRAgent.t_GenerateResult,11,11,10,0
roots10_run03,3,after:HRAgent.t_GenerateResult,11,11,10,0
roots10_run03,4,after:HRAgent.t_GenerateResult,11,11,10,0
roots10_run03,5,after:HRAgent.t_GenerateResult,11,11,10,0
roots10_run03,6,after:HRAgent.t_GenerateResult,11,11,10,0
roots10_run03,7,after:HRAgent.t_GenerateResult,11,11,10,0
roots10_run03,8,after:HRAgent.t_GenerateResult,11,11,10,0
roots10_run03,9,after:HRAgent.t_GenerateResult,11,11,10,0
roots10_run03,0,after:WalletNet.t_GenerateVP,11,11,10,0
roots10_run03,1,after:WalletNet.t_GenerateVP,11,11,10,0
roots10_run03,2,after:WalletNet.t_GenerateVP,11,11,10,0
roots10_run03,3,after:WalletNet.t_GenerateVP,11,11,10,0
roots10_run03,4,after:WalletNet.t_GenerateVP,11,11,10,0
roots10_run03,5,after:WalletNet.t_GenerateVP,11,11,10,0
roots10_run03,6,after:WalletNet.t_GenerateVP,11,11,10,0
roots10_run03,7,after:WalletNet.t_GenerateVP,11,11,10,0
roots10_run03,8,after:WalletNet.t_GenerateVP,11,11,10,0
roots10_run03,9,after:WalletNet.t_GenerateVP,11,11,10,0
roots10_run03,0,after:WalletNet.t_ShareVP,11,11,10,0
roots10_run03,1,after:WalletNet.t_ShareVP,11,11,10,0
roots10_run03,2,after:WalletNet.t_ShareVP,11,11,10,0
roots10_run03,3,after:WalletNet.t_ShareVP,11,11,10,0
roots10_run03,4,after:WalletNet.t_ShareVP,11,11,10,0
roots10_run03,5,after:WalletNet.t_ShareVP,11,11,10,0
roots10_run03,6,after:WalletNet.t_ShareVP,11,11,10,0
roots10_run03,7,after:WalletNet.t_ShareVP,11,11,10,0
roots10_run03,8,after:WalletNet.t_ShareVP,11,11,10,0
roots10_run03,9,after:WalletNet.t_ShareVP,11,11,10,0
roots10_run03,0,terminal,11,11,10,0
roots10_run03,1,terminal,11,11,10,0
roots10_run03,2,terminal,11,11,10,0
roots10_run03,3,terminal,11,11,10,0
roots10_run03,4,terminal,11,11,10,0
roots10_run03,5,terminal,11,11,10,0
roots10_run03,6,terminal,11,11,10,0
roots10_run03,7,terminal,11,11,10,0
roots10_run03,8,terminal,11,11,10,0
roots10_run03,9,terminal,11,11,10,0
roots10_run04,0,creation,9,9,1,0
roots10_run04,1,creation,9,9,1,0
roots10_run04,2,creation,9,9,1,0
roots10_run04,3,creation,9,9,1,0
roots10_run04,4,creation,9,9,1,0
roots10_run04,5,creation,9,9,1,0
roots10_run04,6,creation,9,9,1,0
roots10_run04,7,creation,9,9,1,0
roots10_run04,8,creation,9,9,1,0
roots10_run04,9,creation,9,9,1,0
roots10_run04,0,after:StudentAgent.t_SubmitEvidence,10,10,4,0
roots10_run04,1,after:StudentAgent.t_SubmitEvidence,10,10,4,0
roots10_run04,2,after:StudentAgent.t_SubmitEvidence,10,10,4,0
roots10_run04,3,after:StudentAgent.t_SubmitEvidence,10,10,4,0
roots10_run04,4,after:StudentAgent.t_SubmitEvidence,10,10,4,0
roots10_run04,5,after:StudentAgent.t_SubmitEvidence,10,10,4,0
roots10_run04,6,after:StudentAgent.t_SubmitEvidence,10,10,4,0
roots10_run04,7,after:StudentAgent.t_SubmitEvidence,10,10,4,0
roots10_run04,8,after:StudentAgent.t_SubmitEvidence,10,10,4,0
roots10_run04,9,after:StudentAgent.t_SubmitEvidence,10,10,4,0
roots10_run04,0,after:EvidenceNet.t_LMS_Submit,10,10,4,0
roots10_run04,1,after:EvidenceNet.t_LMS_Submit,10,10,4,0
roots10_run04,2,after:EvidenceNet.t_LMS_Submit,10,10,4,0
roots10_run04,3,after:EvidenceNet.t_LMS_Submit,10,10,4,0
roots10_run04,4,after:EvidenceNet.t_LMS_Submit,10,10,4,0
roots10_run04,5,after:EvidenceNet.t_LMS_Submit,10,10,4,0
roots10_run04,6,after:EvidenceNet.t_LMS_Submit,10,10,4,0
roots10_run04,7,after:EvidenceNet.t_LMS_Submit,10,10,4,0
roots10_run04,8,after:EvidenceNet.t_LMS_Submit,10,10,4,0
roots10_run04,9,after:EvidenceNet.t_LMS_Submit,10,10,4,0
roots10_run04,0,after:EvidenceNet.t_Review_Request,10,10,4,0
roots10_run04,1,after:EvidenceNet.t_Review_Request,10,10,4,0
roots10_run04,2,after:EvidenceNet.t_Review_Request,10,10,4,0
roots10_run04,3,after:EvidenceNet.t_Review_Request,10,10,4,0
roots10_run04,4,after:EvidenceNet.t_Review_Request,10,10,4,0
roots10_run04,5,after:EvidenceNet.t_Review_Request,10,10,4,0
roots10_run04,6,after:EvidenceNet.t_Review_Request,10,10,4,0
roots10_run04,7,after:EvidenceNet.t_Review_Request,10,10,4,0
roots10_run04,8,after:EvidenceNet.t_Review_Request,10,10,4,0
roots10_run04,9,after:EvidenceNet.t_Review_Request,10,10,4,0
roots10_run04,0,after:ProfessorAgent.t_StartReview,10,10,4,0
roots10_run04,1,after:ProfessorAgent.t_StartReview,10,10,4,0
roots10_run04,2,after:ProfessorAgent.t_StartReview,10,10,4,0
roots10_run04,3,after:ProfessorAgent.t_StartReview,10,10,4,0
roots10_run04,4,after:ProfessorAgent.t_StartReview,10,10,4,0
roots10_run04,5,after:ProfessorAgent.t_StartReview,10,10,4,0
roots10_run04,6,after:ProfessorAgent.t_StartReview,10,10,4,0
roots10_run04,7,after:ProfessorAgent.t_StartReview,10,10,4,0
roots10_run04,8,after:ProfessorAgent.t_StartReview,10,10,4,0
roots10_run04,9,after:ProfessorAgent.t_StartReview,10,10,4,0
roots10_run04,0,after:ProfessorAgent.t_AssessEvidence,10,10,4,0
roots10_run04,1,after:ProfessorAgent.t_AssessEvidence,10,10,4,0
roots10_run04,2,after:ProfessorAgent.t_AssessEvidence,10,10,4,0
roots10_run04,3,after:ProfessorAgent.t_AssessEvidence,10,10,4,0
roots10_run04,4,after:ProfessorAgent.t_AssessEvidence,10,10,4,0
roots10_run04,5,after:ProfessorAgent.t_AssessEvidence,10,10,4,0
roots10_run04,6,after:ProfessorAgent.t_AssessEvidence,10,10,4,0
roots10_run04,7,after:ProfessorAgent.t_AssessEvidence,10,10,4,0
roots10_run04,8,after:ProfessorAgent.t_AssessEvidence,10,10,4,0
roots10_run04,9,after:ProfessorAgent.t_AssessEvidence,10,10,4,0
roots10_run04,0,after:ProfessorAgent.t_ApproveEvidence,10,10,5,0
roots10_run04,1,after:ProfessorAgent.t_ApproveEvidence,10,10,5,0
roots10_run04,2,after:ProfessorAgent.t_ApproveEvidence,10,10,5,0
roots10_run04,3,after:ProfessorAgent.t_ApproveEvidence,10,10,5,0
roots10_run04,4,after:ProfessorAgent.t_ApproveEvidence,10,10,5,0
roots10_run04,5,after:ProfessorAgent.t_ApproveEvidence,10,10,5,0
roots10_run04,6,after:ProfessorAgent.t_ApproveEvidence,10,10,5,0
roots10_run04,7,after:ProfessorAgent.t_ApproveEvidence,10,10,5,0
roots10_run04,8,after:ProfessorAgent.t_ApproveEvidence,10,10,5,0
roots10_run04,9,after:ProfessorAgent.t_ApproveEvidence,10,10,5,0
roots10_run04,0,after:UniversityAgent.t_VerifyEvidence,10,10,5,0
roots10_run04,1,after:UniversityAgent.t_VerifyEvidence,10,10,5,0
roots10_run04,2,after:UniversityAgent.t_VerifyEvidence,10,10,5,0
roots10_run04,3,after:UniversityAgent.t_VerifyEvidence,10,10,5,0
roots10_run04,4,after:UniversityAgent.t_VerifyEvidence,10,10,5,0
roots10_run04,5,after:UniversityAgent.t_VerifyEvidence,10,10,5,0
roots10_run04,6,after:UniversityAgent.t_VerifyEvidence,10,10,5,0
roots10_run04,7,after:UniversityAgent.t_VerifyEvidence,10,10,5,0
roots10_run04,8,after:UniversityAgent.t_VerifyEvidence,10,10,5,0
roots10_run04,9,after:UniversityAgent.t_VerifyEvidence,10,10,5,0
roots10_run04,0,after:UniversityAgent.t_RequestCredential,11,11,7,0
roots10_run04,1,after:UniversityAgent.t_RequestCredential,11,11,7,0
roots10_run04,2,after:UniversityAgent.t_RequestCredential,11,11,7,0
roots10_run04,3,after:UniversityAgent.t_RequestCredential,11,11,7,0
roots10_run04,4,after:UniversityAgent.t_RequestCredential,11,11,7,0
roots10_run04,5,after:UniversityAgent.t_RequestCredential,11,11,7,0
roots10_run04,6,after:UniversityAgent.t_RequestCredential,11,11,7,0
roots10_run04,7,after:UniversityAgent.t_RequestCredential,11,11,7,0
roots10_run04,8,after:UniversityAgent.t_RequestCredential,11,11,7,0
roots10_run04,9,after:UniversityAgent.t_RequestCredential,11,11,7,0
roots10_run04,0,after:CompetencyNet.t_Verification_Pass,11,11,7,0
roots10_run04,1,after:CompetencyNet.t_Verification_Pass,11,11,7,0
roots10_run04,2,after:CompetencyNet.t_Verification_Pass,11,11,7,0
roots10_run04,3,after:CompetencyNet.t_Verification_Pass,11,11,7,0
roots10_run04,4,after:CompetencyNet.t_Verification_Pass,11,11,7,0
roots10_run04,5,after:CompetencyNet.t_Verification_Pass,11,11,7,0
roots10_run04,6,after:CompetencyNet.t_Verification_Pass,11,11,7,0
roots10_run04,7,after:CompetencyNet.t_Verification_Pass,11,11,7,0
roots10_run04,8,after:CompetencyNet.t_Verification_Pass,11,11,7,0
roots10_run04,9,after:CompetencyNet.t_Verification_Pass,11,11,7,0
roots10_run04,0,after:UniversityAgent.t_IssueCredential,11,11,8,0
roots10_run04,1,after:UniversityAgent.t_IssueCredential,11,11,8,0
roots10_run04,2,after:UniversityAgent.t_IssueCredential,11,11,8,0
roots10_run04,3,after:UniversityAgent.t_IssueCredential,11,11,8,0
roots10_run04,4,after:UniversityAgent.t_IssueCredential,11,11,8,0
roots10_run04,5,after:UniversityAgent.t_IssueCredential,11,11,8,0
roots10_run04,6,after:UniversityAgent.t_IssueCredential,11,11,8,0
roots10_run04,7,after:UniversityAgent.t_IssueCredential,11,11,8,0
roots10_run04,8,after:UniversityAgent.t_IssueCredential,11,11,8,0
roots10_run04,9,after:UniversityAgent.t_IssueCredential,11,11,8,0
roots10_run04,0,after:StudentAgent.t_WaitCredential,11,11,8,0
roots10_run04,1,after:StudentAgent.t_WaitCredential,11,11,8,0
roots10_run04,2,after:StudentAgent.t_WaitCredential,11,11,8,0
roots10_run04,3,after:StudentAgent.t_WaitCredential,11,11,8,0
roots10_run04,4,after:StudentAgent.t_WaitCredential,11,11,8,0
roots10_run04,5,after:StudentAgent.t_WaitCredential,11,11,8,0
roots10_run04,6,after:StudentAgent.t_WaitCredential,11,11,8,0
roots10_run04,7,after:StudentAgent.t_WaitCredential,11,11,8,0
roots10_run04,8,after:StudentAgent.t_WaitCredential,11,11,8,0
roots10_run04,9,after:StudentAgent.t_WaitCredential,11,11,8,0
roots10_run04,0,after:StudentAgent.t_ReceiveCredential,11,11,8,0
roots10_run04,1,after:StudentAgent.t_ReceiveCredential,11,11,8,0
roots10_run04,2,after:StudentAgent.t_ReceiveCredential,11,11,8,0
roots10_run04,3,after:StudentAgent.t_ReceiveCredential,11,11,8,0
roots10_run04,4,after:StudentAgent.t_ReceiveCredential,11,11,8,0
roots10_run04,5,after:StudentAgent.t_ReceiveCredential,11,11,8,0
roots10_run04,6,after:StudentAgent.t_ReceiveCredential,11,11,8,0
roots10_run04,7,after:StudentAgent.t_ReceiveCredential,11,11,8,0
roots10_run04,8,after:StudentAgent.t_ReceiveCredential,11,11,8,0
roots10_run04,9,after:StudentAgent.t_ReceiveCredential,11,11,8,0
roots10_run04,0,after:StudentAgent.t_AcceptCredential,11,11,9,0
roots10_run04,1,after:StudentAgent.t_AcceptCredential,11,11,9,0
roots10_run04,2,after:StudentAgent.t_AcceptCredential,11,11,9,0
roots10_run04,3,after:StudentAgent.t_AcceptCredential,11,11,9,0
roots10_run04,4,after:StudentAgent.t_AcceptCredential,11,11,9,0
roots10_run04,5,after:StudentAgent.t_AcceptCredential,11,11,9,0
roots10_run04,6,after:StudentAgent.t_AcceptCredential,11,11,9,0
roots10_run04,7,after:StudentAgent.t_AcceptCredential,11,11,9,0
roots10_run04,8,after:StudentAgent.t_AcceptCredential,11,11,9,0
roots10_run04,9,after:StudentAgent.t_AcceptCredential,11,11,9,0
roots10_run04,0,after:HEDULedgerNet.t_Order,11,11,9,0
roots10_run04,1,after:HEDULedgerNet.t_Order,11,11,9,0
roots10_run04,2,after:HEDULedgerNet.t_Order,11,11,9,0
roots10_run04,3,after:HEDULedgerNet.t_Order,11,11,9,0
roots10_run04,4,after:HEDULedgerNet.t_Order,11,11,9,0
roots10_run04,5,after:HEDULedgerNet.t_Order,11,11,9,0
roots10_run04,6,after:HEDULedgerNet.t_Order,11,11,9,0
roots10_run04,7,after:HEDULedgerNet.t_Order,11,11,9,0
roots10_run04,8,after:HEDULedgerNet.t_Order,11,11,9,0
roots10_run04,9,after:HEDULedgerNet.t_Order,11,11,9,0
roots10_run04,0,after:HEDULedgerNet.t_Validate,11,11,9,0
roots10_run04,1,after:HEDULedgerNet.t_Validate,11,11,9,0
roots10_run04,2,after:HEDULedgerNet.t_Validate,11,11,9,0
roots10_run04,3,after:HEDULedgerNet.t_Validate,11,11,9,0
roots10_run04,4,after:HEDULedgerNet.t_Validate,11,11,9,0
roots10_run04,5,after:HEDULedgerNet.t_Validate,11,11,9,0
roots10_run04,6,after:HEDULedgerNet.t_Validate,11,11,9,0
roots10_run04,7,after:HEDULedgerNet.t_Validate,11,11,9,0
roots10_run04,8,after:HEDULedgerNet.t_Validate,11,11,9,0
roots10_run04,9,after:HEDULedgerNet.t_Validate,11,11,9,0
roots10_run04,0,after:HEDULedgerNet.t_Commit,11,11,9,0
roots10_run04,1,after:HEDULedgerNet.t_Commit,11,11,9,0
roots10_run04,2,after:HEDULedgerNet.t_Commit,11,11,9,0
roots10_run04,3,after:HEDULedgerNet.t_Commit,11,11,9,0
roots10_run04,4,after:HEDULedgerNet.t_Commit,11,11,9,0
roots10_run04,5,after:HEDULedgerNet.t_Commit,11,11,9,0
roots10_run04,6,after:HEDULedgerNet.t_Commit,11,11,9,0
roots10_run04,7,after:HEDULedgerNet.t_Commit,11,11,9,0
roots10_run04,8,after:HEDULedgerNet.t_Commit,11,11,9,0
roots10_run04,9,after:HEDULedgerNet.t_Commit,11,11,9,0
roots10_run04,0,after:HEDULedgerNet.t_Anchor,11,11,9,0
roots10_run04,1,after:HEDULedgerNet.t_Anchor,11,11,9,0
roots10_run04,2,after:HEDULedgerNet.t_Anchor,11,11,9,0
roots10_run04,3,after:HEDULedgerNet.t_Anchor,11,11,9,0
roots10_run04,4,after:HEDULedgerNet.t_Anchor,11,11,9,0
roots10_run04,5,after:HEDULedgerNet.t_Anchor,11,11,9,0
roots10_run04,6,after:HEDULedgerNet.t_Anchor,11,11,9,0
roots10_run04,7,after:HEDULedgerNet.t_Anchor,11,11,9,0
roots10_run04,8,after:HEDULedgerNet.t_Anchor,11,11,9,0
roots10_run04,9,after:HEDULedgerNet.t_Anchor,11,11,9,0
roots10_run04,0,after:StudentAgent.t_GenerateVP,11,11,9,0
roots10_run04,1,after:StudentAgent.t_GenerateVP,11,11,9,0
roots10_run04,2,after:StudentAgent.t_GenerateVP,11,11,9,0
roots10_run04,3,after:StudentAgent.t_GenerateVP,11,11,9,0
roots10_run04,4,after:StudentAgent.t_GenerateVP,11,11,9,0
roots10_run04,5,after:StudentAgent.t_GenerateVP,11,11,9,0
roots10_run04,6,after:StudentAgent.t_GenerateVP,11,11,9,0
roots10_run04,7,after:StudentAgent.t_GenerateVP,11,11,9,0
roots10_run04,8,after:StudentAgent.t_GenerateVP,11,11,9,0
roots10_run04,9,after:StudentAgent.t_GenerateVP,11,11,9,0
roots10_run04,0,after:StudentAgent.t_ShareVP,11,11,10,0
roots10_run04,1,after:StudentAgent.t_ShareVP,11,11,10,0
roots10_run04,2,after:StudentAgent.t_ShareVP,11,11,10,0
roots10_run04,3,after:StudentAgent.t_ShareVP,11,11,10,0
roots10_run04,4,after:StudentAgent.t_ShareVP,11,11,10,0
roots10_run04,5,after:StudentAgent.t_ShareVP,11,11,10,0
roots10_run04,6,after:StudentAgent.t_ShareVP,11,11,10,0
roots10_run04,7,after:StudentAgent.t_ShareVP,11,11,10,0
roots10_run04,8,after:StudentAgent.t_ShareVP,11,11,10,0
roots10_run04,9,after:StudentAgent.t_ShareVP,11,11,10,0
roots10_run04,0,after:HRAgent.t_ParseVP,11,11,10,0
roots10_run04,1,after:HRAgent.t_ParseVP,11,11,10,0
roots10_run04,2,after:HRAgent.t_ParseVP,11,11,10,0
roots10_run04,3,after:HRAgent.t_ParseVP,11,11,10,0
roots10_run04,4,after:HRAgent.t_ParseVP,11,11,10,0
roots10_run04,5,after:HRAgent.t_ParseVP,11,11,10,0
roots10_run04,6,after:HRAgent.t_ParseVP,11,11,10,0
roots10_run04,7,after:HRAgent.t_ParseVP,11,11,10,0
roots10_run04,8,after:HRAgent.t_ParseVP,11,11,10,0
roots10_run04,9,after:HRAgent.t_ParseVP,11,11,10,0
roots10_run04,0,after:CompetencyNet.t_Agg_Ingest,11,11,10,0
roots10_run04,1,after:CompetencyNet.t_Agg_Ingest,11,11,10,0
roots10_run04,2,after:CompetencyNet.t_Agg_Ingest,11,11,10,0
roots10_run04,3,after:CompetencyNet.t_Agg_Ingest,11,11,10,0
roots10_run04,4,after:CompetencyNet.t_Agg_Ingest,11,11,10,0
roots10_run04,5,after:CompetencyNet.t_Agg_Ingest,11,11,10,0
roots10_run04,6,after:CompetencyNet.t_Agg_Ingest,11,11,10,0
roots10_run04,7,after:CompetencyNet.t_Agg_Ingest,11,11,10,0
roots10_run04,8,after:CompetencyNet.t_Agg_Ingest,11,11,10,0
roots10_run04,9,after:CompetencyNet.t_Agg_Ingest,11,11,10,0
roots10_run04,0,after:HRAgent.t_SemanticMatch,11,11,10,0
roots10_run04,1,after:HRAgent.t_SemanticMatch,11,11,10,0
roots10_run04,2,after:HRAgent.t_SemanticMatch,11,11,10,0
roots10_run04,3,after:HRAgent.t_SemanticMatch,11,11,10,0
roots10_run04,4,after:HRAgent.t_SemanticMatch,11,11,10,0
roots10_run04,5,after:HRAgent.t_SemanticMatch,11,11,10,0
roots10_run04,6,after:HRAgent.t_SemanticMatch,11,11,10,0
roots10_run04,7,after:HRAgent.t_SemanticMatch,11,11,10,0
roots10_run04,8,after:HRAgent.t_SemanticMatch,11,11,10,0
roots10_run04,9,after:HRAgent.t_SemanticMatch,11,11,10,0
roots10_run04,0,after:HRAgent.t_GapAnalysis,11,11,10,0
roots10_run04,1,after:HRAgent.t_GapAnalysis,11,11,10,0
roots10_run04,2,after:HRAgent.t_GapAnalysis,11,11,10,0
roots10_run04,3,after:HRAgent.t_GapAnalysis,11,11,10,0
roots10_run04,4,after:HRAgent.t_GapAnalysis,11,11,10,0
roots10_run04,5,after:HRAgent.t_GapAnalysis,11,11,10,0
roots10_run04,6,after:HRAgent.t_GapAnalysis,11,11,10,0
roots10_run04,7,after:HRAgent.t_GapAnalysis,11,11,10,0
roots10_run04,8,after:HRAgent.t_GapAnalysis,11,11,10,0
roots10_run04,9,after:HRAgent.t_GapAnalysis,11,11,10,0
roots10_run04,0,after:HRAgent.t_GenerateResult,11,11,10,0
roots10_run04,1,after:HRAgent.t_GenerateResult,11,11,10,0
roots10_run04,2,after:HRAgent.t_GenerateResult,11,11,10,0
roots10_run04,3,after:HRAgent.t_GenerateResult,11,11,10,0
roots10_run04,4,after:HRAgent.t_GenerateResult,11,11,10,0
roots10_run04,5,after:HRAgent.t_GenerateResult,11,11,10,0
roots10_run04,6,after:HRAgent.t_GenerateResult,11,11,10,0
roots10_run04,7,after:HRAgent.t_GenerateResult,11,11,10,0
roots10_run04,8,after:HRAgent.t_GenerateResult,11,11,10,0
roots10_run04,9,after:HRAgent.t_GenerateResult,11,11,10,0
roots10_run04,0,after:WalletNet.t_GenerateVP,11,11,10,0
roots10_run04,1,after:WalletNet.t_GenerateVP,11,11,10,0
roots10_run04,2,after:WalletNet.t_GenerateVP,11,11,10,0
roots10_run04,3,after:WalletNet.t_GenerateVP,11,11,10,0
roots10_run04,4,after:WalletNet.t_GenerateVP,11,11,10,0
roots10_run04,5,after:WalletNet.t_GenerateVP,11,11,10,0
roots10_run04,6,after:WalletNet.t_GenerateVP,11,11,10,0
roots10_run04,7,after:WalletNet.t_GenerateVP,11,11,10,0
roots10_run04,8,after:WalletNet.t_GenerateVP,11,11,10,0
roots10_run04,9,after:WalletNet.t_GenerateVP,11,11,10,0
roots10_run04,0,after:WalletNet.t_ShareVP,11,11,10,0
roots10_run04,1,after:WalletNet.t_ShareVP,11,11,10,0
roots10_run04,2,after:WalletNet.t_ShareVP,11,11,10,0
roots10_run04,3,after:WalletNet.t_ShareVP,11,11,10,0
roots10_run04,4,after:WalletNet.t_ShareVP,11,11,10,0
roots10_run04,5,after:WalletNet.t_ShareVP,11,11,10,0
roots10_run04,6,after:WalletNet.t_ShareVP,11,11,10,0
roots10_run04,7,after:WalletNet.t_ShareVP,11,11,10,0
roots10_run04,8,after:WalletNet.t_ShareVP,11,11,10,0
roots10_run04,9,after:WalletNet.t_ShareVP,11,11,10,0
roots10_run04,0,terminal,11,11,10,0
roots10_run04,1,terminal,11,11,10,0
roots10_run04,2,terminal,11,11,10,0
roots10_run04,3,terminal,11,11,10,0
roots10_run04,4,terminal,11,11,10,0
roots10_run04,5,terminal,11,11,10,0
roots10_run04,6,terminal,11,11,10,0
roots10_run04,7,terminal,11,11,10,0
roots10_run04,8,terminal,11,11,10,0
roots10_run04,9,terminal,11,11,10,0
roots10_run05,0,creation,9,9,1,0
roots10_run05,1,creation,9,9,1,0
roots10_run05,2,creation,9,9,1,0
roots10_run05,3,creation,9,9,1,0
roots10_run05,4,creation,9,9,1,0
roots10_run05,5,creation,9,9,1,0
roots10_run05,6,creation,9,9,1,0
roots10_run05,7,creation,9,9,1,0
roots10_run05,8,creation,9,9,1,0
roots10_run05,9,creation,9,9,1,0
roots10_run05,0,after:StudentAgent.t_SubmitEvidence,10,10,4,0
roots10_run05,1,after:StudentAgent.t_SubmitEvidence,10,10,4,0
roots10_run05,2,after:StudentAgent.t_SubmitEvidence,10,10,4,0
roots10_run05,3,after:StudentAgent.t_SubmitEvidence,10,10,4,0
roots10_run05,4,after:StudentAgent.t_SubmitEvidence,10,10,4,0
roots10_run05,5,after:StudentAgent.t_SubmitEvidence,10,10,4,0
roots10_run05,6,after:StudentAgent.t_SubmitEvidence,10,10,4,0
roots10_run05,7,after:StudentAgent.t_SubmitEvidence,10,10,4,0
roots10_run05,8,after:StudentAgent.t_SubmitEvidence,10,10,4,0
roots10_run05,9,after:StudentAgent.t_SubmitEvidence,10,10,4,0
roots10_run05,0,after:EvidenceNet.t_LMS_Submit,10,10,4,0
roots10_run05,1,after:EvidenceNet.t_LMS_Submit,10,10,4,0
roots10_run05,2,after:EvidenceNet.t_LMS_Submit,10,10,4,0
roots10_run05,3,after:EvidenceNet.t_LMS_Submit,10,10,4,0
roots10_run05,4,after:EvidenceNet.t_LMS_Submit,10,10,4,0
roots10_run05,5,after:EvidenceNet.t_LMS_Submit,10,10,4,0
roots10_run05,6,after:EvidenceNet.t_LMS_Submit,10,10,4,0
roots10_run05,7,after:EvidenceNet.t_LMS_Submit,10,10,4,0
roots10_run05,8,after:EvidenceNet.t_LMS_Submit,10,10,4,0
roots10_run05,9,after:EvidenceNet.t_LMS_Submit,10,10,4,0
roots10_run05,0,after:EvidenceNet.t_Review_Request,10,10,4,0
roots10_run05,1,after:EvidenceNet.t_Review_Request,10,10,4,0
roots10_run05,2,after:EvidenceNet.t_Review_Request,10,10,4,0
roots10_run05,3,after:EvidenceNet.t_Review_Request,10,10,4,0
roots10_run05,4,after:EvidenceNet.t_Review_Request,10,10,4,0
roots10_run05,5,after:EvidenceNet.t_Review_Request,10,10,4,0
roots10_run05,6,after:EvidenceNet.t_Review_Request,10,10,4,0
roots10_run05,7,after:EvidenceNet.t_Review_Request,10,10,4,0
roots10_run05,8,after:EvidenceNet.t_Review_Request,10,10,4,0
roots10_run05,9,after:EvidenceNet.t_Review_Request,10,10,4,0
roots10_run05,0,after:ProfessorAgent.t_StartReview,10,10,4,0
roots10_run05,1,after:ProfessorAgent.t_StartReview,10,10,4,0
roots10_run05,2,after:ProfessorAgent.t_StartReview,10,10,4,0
roots10_run05,3,after:ProfessorAgent.t_StartReview,10,10,4,0
roots10_run05,4,after:ProfessorAgent.t_StartReview,10,10,4,0
roots10_run05,5,after:ProfessorAgent.t_StartReview,10,10,4,0
roots10_run05,6,after:ProfessorAgent.t_StartReview,10,10,4,0
roots10_run05,7,after:ProfessorAgent.t_StartReview,10,10,4,0
roots10_run05,8,after:ProfessorAgent.t_StartReview,10,10,4,0
roots10_run05,9,after:ProfessorAgent.t_StartReview,10,10,4,0
roots10_run05,0,after:ProfessorAgent.t_AssessEvidence,10,10,4,0
roots10_run05,1,after:ProfessorAgent.t_AssessEvidence,10,10,4,0
roots10_run05,2,after:ProfessorAgent.t_AssessEvidence,10,10,4,0
roots10_run05,3,after:ProfessorAgent.t_AssessEvidence,10,10,4,0
roots10_run05,4,after:ProfessorAgent.t_AssessEvidence,10,10,4,0
roots10_run05,5,after:ProfessorAgent.t_AssessEvidence,10,10,4,0
roots10_run05,6,after:ProfessorAgent.t_AssessEvidence,10,10,4,0
roots10_run05,7,after:ProfessorAgent.t_AssessEvidence,10,10,4,0
roots10_run05,8,after:ProfessorAgent.t_AssessEvidence,10,10,4,0
roots10_run05,9,after:ProfessorAgent.t_AssessEvidence,10,10,4,0
roots10_run05,0,after:ProfessorAgent.t_ApproveEvidence,10,10,5,0
roots10_run05,1,after:ProfessorAgent.t_ApproveEvidence,10,10,5,0
roots10_run05,2,after:ProfessorAgent.t_ApproveEvidence,10,10,5,0
roots10_run05,3,after:ProfessorAgent.t_ApproveEvidence,10,10,5,0
roots10_run05,4,after:ProfessorAgent.t_ApproveEvidence,10,10,5,0
roots10_run05,5,after:ProfessorAgent.t_ApproveEvidence,10,10,5,0
roots10_run05,6,after:ProfessorAgent.t_ApproveEvidence,10,10,5,0
roots10_run05,7,after:ProfessorAgent.t_ApproveEvidence,10,10,5,0
roots10_run05,8,after:ProfessorAgent.t_ApproveEvidence,10,10,5,0
roots10_run05,9,after:ProfessorAgent.t_ApproveEvidence,10,10,5,0
roots10_run05,0,after:UniversityAgent.t_VerifyEvidence,10,10,5,0
roots10_run05,1,after:UniversityAgent.t_VerifyEvidence,10,10,5,0
roots10_run05,2,after:UniversityAgent.t_VerifyEvidence,10,10,5,0
roots10_run05,3,after:UniversityAgent.t_VerifyEvidence,10,10,5,0
roots10_run05,4,after:UniversityAgent.t_VerifyEvidence,10,10,5,0
roots10_run05,5,after:UniversityAgent.t_VerifyEvidence,10,10,5,0
roots10_run05,6,after:UniversityAgent.t_VerifyEvidence,10,10,5,0
roots10_run05,7,after:UniversityAgent.t_VerifyEvidence,10,10,5,0
roots10_run05,8,after:UniversityAgent.t_VerifyEvidence,10,10,5,0
roots10_run05,9,after:UniversityAgent.t_VerifyEvidence,10,10,5,0
roots10_run05,0,after:UniversityAgent.t_RequestCredential,11,11,7,0
roots10_run05,1,after:UniversityAgent.t_RequestCredential,11,11,7,0
roots10_run05,2,after:UniversityAgent.t_RequestCredential,11,11,7,0
roots10_run05,3,after:UniversityAgent.t_RequestCredential,11,11,7,0
roots10_run05,4,after:UniversityAgent.t_RequestCredential,11,11,7,0
roots10_run05,5,after:UniversityAgent.t_RequestCredential,11,11,7,0
roots10_run05,6,after:UniversityAgent.t_RequestCredential,11,11,7,0
roots10_run05,7,after:UniversityAgent.t_RequestCredential,11,11,7,0
roots10_run05,8,after:UniversityAgent.t_RequestCredential,11,11,7,0
roots10_run05,9,after:UniversityAgent.t_RequestCredential,11,11,7,0
roots10_run05,0,after:CompetencyNet.t_Verification_Pass,11,11,7,0
roots10_run05,1,after:CompetencyNet.t_Verification_Pass,11,11,7,0
roots10_run05,2,after:CompetencyNet.t_Verification_Pass,11,11,7,0
roots10_run05,3,after:CompetencyNet.t_Verification_Pass,11,11,7,0
roots10_run05,4,after:CompetencyNet.t_Verification_Pass,11,11,7,0
roots10_run05,5,after:CompetencyNet.t_Verification_Pass,11,11,7,0
roots10_run05,6,after:CompetencyNet.t_Verification_Pass,11,11,7,0
roots10_run05,7,after:CompetencyNet.t_Verification_Pass,11,11,7,0
roots10_run05,8,after:CompetencyNet.t_Verification_Pass,11,11,7,0
roots10_run05,9,after:CompetencyNet.t_Verification_Pass,11,11,7,0
roots10_run05,0,after:UniversityAgent.t_IssueCredential,11,11,8,0
roots10_run05,1,after:UniversityAgent.t_IssueCredential,11,11,8,0
roots10_run05,2,after:UniversityAgent.t_IssueCredential,11,11,8,0
roots10_run05,3,after:UniversityAgent.t_IssueCredential,11,11,8,0
roots10_run05,4,after:UniversityAgent.t_IssueCredential,11,11,8,0
roots10_run05,5,after:UniversityAgent.t_IssueCredential,11,11,8,0
roots10_run05,6,after:UniversityAgent.t_IssueCredential,11,11,8,0
roots10_run05,7,after:UniversityAgent.t_IssueCredential,11,11,8,0
roots10_run05,8,after:UniversityAgent.t_IssueCredential,11,11,8,0
roots10_run05,9,after:UniversityAgent.t_IssueCredential,11,11,8,0
roots10_run05,0,after:StudentAgent.t_WaitCredential,11,11,8,0
roots10_run05,1,after:StudentAgent.t_WaitCredential,11,11,8,0
roots10_run05,2,after:StudentAgent.t_WaitCredential,11,11,8,0
roots10_run05,3,after:StudentAgent.t_WaitCredential,11,11,8,0
roots10_run05,4,after:StudentAgent.t_WaitCredential,11,11,8,0
roots10_run05,5,after:StudentAgent.t_WaitCredential,11,11,8,0
roots10_run05,6,after:StudentAgent.t_WaitCredential,11,11,8,0
roots10_run05,7,after:StudentAgent.t_WaitCredential,11,11,8,0
roots10_run05,8,after:StudentAgent.t_WaitCredential,11,11,8,0
roots10_run05,9,after:StudentAgent.t_WaitCredential,11,11,8,0
roots10_run05,0,after:StudentAgent.t_ReceiveCredential,11,11,8,0
roots10_run05,1,after:StudentAgent.t_ReceiveCredential,11,11,8,0
roots10_run05,2,after:StudentAgent.t_ReceiveCredential,11,11,8,0
roots10_run05,3,after:StudentAgent.t_ReceiveCredential,11,11,8,0
roots10_run05,4,after:StudentAgent.t_ReceiveCredential,11,11,8,0
roots10_run05,5,after:StudentAgent.t_ReceiveCredential,11,11,8,0
roots10_run05,6,after:StudentAgent.t_ReceiveCredential,11,11,8,0
roots10_run05,7,after:StudentAgent.t_ReceiveCredential,11,11,8,0
roots10_run05,8,after:StudentAgent.t_ReceiveCredential,11,11,8,0
roots10_run05,9,after:StudentAgent.t_ReceiveCredential,11,11,8,0
roots10_run05,0,after:StudentAgent.t_AcceptCredential,11,11,9,0
roots10_run05,1,after:StudentAgent.t_AcceptCredential,11,11,9,0
roots10_run05,2,after:StudentAgent.t_AcceptCredential,11,11,9,0
roots10_run05,3,after:StudentAgent.t_AcceptCredential,11,11,9,0
roots10_run05,4,after:StudentAgent.t_AcceptCredential,11,11,9,0
roots10_run05,5,after:StudentAgent.t_AcceptCredential,11,11,9,0
roots10_run05,6,after:StudentAgent.t_AcceptCredential,11,11,9,0
roots10_run05,7,after:StudentAgent.t_AcceptCredential,11,11,9,0
roots10_run05,8,after:StudentAgent.t_AcceptCredential,11,11,9,0
roots10_run05,9,after:StudentAgent.t_AcceptCredential,11,11,9,0
roots10_run05,0,after:HEDULedgerNet.t_Order,11,11,9,0
roots10_run05,1,after:HEDULedgerNet.t_Order,11,11,9,0
roots10_run05,2,after:HEDULedgerNet.t_Order,11,11,9,0
roots10_run05,3,after:HEDULedgerNet.t_Order,11,11,9,0
roots10_run05,4,after:HEDULedgerNet.t_Order,11,11,9,0
roots10_run05,5,after:HEDULedgerNet.t_Order,11,11,9,0
roots10_run05,6,after:HEDULedgerNet.t_Order,11,11,9,0
roots10_run05,7,after:HEDULedgerNet.t_Order,11,11,9,0
roots10_run05,8,after:HEDULedgerNet.t_Order,11,11,9,0
roots10_run05,9,after:HEDULedgerNet.t_Order,11,11,9,0
roots10_run05,0,after:HEDULedgerNet.t_Validate,11,11,9,0
roots10_run05,1,after:HEDULedgerNet.t_Validate,11,11,9,0
roots10_run05,2,after:HEDULedgerNet.t_Validate,11,11,9,0
roots10_run05,3,after:HEDULedgerNet.t_Validate,11,11,9,0
roots10_run05,4,after:HEDULedgerNet.t_Validate,11,11,9,0
roots10_run05,5,after:HEDULedgerNet.t_Validate,11,11,9,0
roots10_run05,6,after:HEDULedgerNet.t_Validate,11,11,9,0
roots10_run05,7,after:HEDULedgerNet.t_Validate,11,11,9,0
roots10_run05,8,after:HEDULedgerNet.t_Validate,11,11,9,0
roots10_run05,9,after:HEDULedgerNet.t_Validate,11,11,9,0
roots10_run05,0,after:HEDULedgerNet.t_Commit,11,11,9,0
roots10_run05,1,after:HEDULedgerNet.t_Commit,11,11,9,0
roots10_run05,2,after:HEDULedgerNet.t_Commit,11,11,9,0
roots10_run05,3,after:HEDULedgerNet.t_Commit,11,11,9,0
roots10_run05,4,after:HEDULedgerNet.t_Commit,11,11,9,0
roots10_run05,5,after:HEDULedgerNet.t_Commit,11,11,9,0
roots10_run05,6,after:HEDULedgerNet.t_Commit,11,11,9,0
roots10_run05,7,after:HEDULedgerNet.t_Commit,11,11,9,0
roots10_run05,8,after:HEDULedgerNet.t_Commit,11,11,9,0
roots10_run05,9,after:HEDULedgerNet.t_Commit,11,11,9,0
roots10_run05,0,after:HEDULedgerNet.t_Anchor,11,11,9,0
roots10_run05,1,after:HEDULedgerNet.t_Anchor,11,11,9,0
roots10_run05,2,after:HEDULedgerNet.t_Anchor,11,11,9,0
roots10_run05,3,after:HEDULedgerNet.t_Anchor,11,11,9,0
roots10_run05,4,after:HEDULedgerNet.t_Anchor,11,11,9,0
roots10_run05,5,after:HEDULedgerNet.t_Anchor,11,11,9,0
roots10_run05,6,after:HEDULedgerNet.t_Anchor,11,11,9,0
roots10_run05,7,after:HEDULedgerNet.t_Anchor,11,11,9,0
roots10_run05,8,after:HEDULedgerNet.t_Anchor,11,11,9,0
roots10_run05,9,after:HEDULedgerNet.t_Anchor,11,11,9,0
roots10_run05,0,after:StudentAgent.t_GenerateVP,11,11,9,0
roots10_run05,1,after:StudentAgent.t_GenerateVP,11,11,9,0
roots10_run05,2,after:StudentAgent.t_GenerateVP,11,11,9,0
roots10_run05,3,after:StudentAgent.t_GenerateVP,11,11,9,0
roots10_run05,4,after:StudentAgent.t_GenerateVP,11,11,9,0
roots10_run05,5,after:StudentAgent.t_GenerateVP,11,11,9,0
roots10_run05,6,after:StudentAgent.t_GenerateVP,11,11,9,0
roots10_run05,7,after:StudentAgent.t_GenerateVP,11,11,9,0
roots10_run05,8,after:StudentAgent.t_GenerateVP,11,11,9,0
roots10_run05,9,after:StudentAgent.t_GenerateVP,11,11,9,0
roots10_run05,0,after:StudentAgent.t_ShareVP,11,11,10,0
roots10_run05,1,after:StudentAgent.t_ShareVP,11,11,10,0
roots10_run05,2,after:StudentAgent.t_ShareVP,11,11,10,0
roots10_run05,3,after:StudentAgent.t_ShareVP,11,11,10,0
roots10_run05,4,after:StudentAgent.t_ShareVP,11,11,10,0
roots10_run05,5,after:StudentAgent.t_ShareVP,11,11,10,0
roots10_run05,6,after:StudentAgent.t_ShareVP,11,11,10,0
roots10_run05,7,after:StudentAgent.t_ShareVP,11,11,10,0
roots10_run05,8,after:StudentAgent.t_ShareVP,11,11,10,0
roots10_run05,9,after:StudentAgent.t_ShareVP,11,11,10,0
roots10_run05,0,after:HRAgent.t_ParseVP,11,11,10,0
roots10_run05,1,after:HRAgent.t_ParseVP,11,11,10,0
roots10_run05,2,after:HRAgent.t_ParseVP,11,11,10,0
roots10_run05,3,after:HRAgent.t_ParseVP,11,11,10,0
roots10_run05,4,after:HRAgent.t_ParseVP,11,11,10,0
roots10_run05,5,after:HRAgent.t_ParseVP,11,11,10,0
roots10_run05,6,after:HRAgent.t_ParseVP,11,11,10,0
roots10_run05,7,after:HRAgent.t_ParseVP,11,11,10,0
roots10_run05,8,after:HRAgent.t_ParseVP,11,11,10,0
roots10_run05,9,after:HRAgent.t_ParseVP,11,11,10,0
roots10_run05,0,after:CompetencyNet.t_Agg_Ingest,11,11,10,0
roots10_run05,1,after:CompetencyNet.t_Agg_Ingest,11,11,10,0
roots10_run05,2,after:CompetencyNet.t_Agg_Ingest,11,11,10,0
roots10_run05,3,after:CompetencyNet.t_Agg_Ingest,11,11,10,0
roots10_run05,4,after:CompetencyNet.t_Agg_Ingest,11,11,10,0
roots10_run05,5,after:CompetencyNet.t_Agg_Ingest,11,11,10,0
roots10_run05,6,after:CompetencyNet.t_Agg_Ingest,11,11,10,0
roots10_run05,7,after:CompetencyNet.t_Agg_Ingest,11,11,10,0
roots10_run05,8,after:CompetencyNet.t_Agg_Ingest,11,11,10,0
roots10_run05,9,after:CompetencyNet.t_Agg_Ingest,11,11,10,0
roots10_run05,0,after:HRAgent.t_SemanticMatch,11,11,10,0
roots10_run05,1,after:HRAgent.t_SemanticMatch,11,11,10,0
roots10_run05,2,after:HRAgent.t_SemanticMatch,11,11,10,0
roots10_run05,3,after:HRAgent.t_SemanticMatch,11,11,10,0
roots10_run05,4,after:HRAgent.t_SemanticMatch,11,11,10,0
roots10_run05,5,after:HRAgent.t_SemanticMatch,11,11,10,0
roots10_run05,6,after:HRAgent.t_SemanticMatch,11,11,10,0
roots10_run05,7,after:HRAgent.t_SemanticMatch,11,11,10,0
roots10_run05,8,after:HRAgent.t_SemanticMatch,11,11,10,0
roots10_run05,9,after:HRAgent.t_SemanticMatch,11,11,10,0
roots10_run05,0,after:HRAgent.t_GapAnalysis,11,11,10,0
roots10_run05,1,after:HRAgent.t_GapAnalysis,11,11,10,0
roots10_run05,2,after:HRAgent.t_GapAnalysis,11,11,10,0
roots10_run05,3,after:HRAgent.t_GapAnalysis,11,11,10,0
roots10_run05,4,after:HRAgent.t_GapAnalysis,11,11,10,0
roots10_run05,5,after:HRAgent.t_GapAnalysis,11,11,10,0
roots10_run05,6,after:HRAgent.t_GapAnalysis,11,11,10,0
roots10_run05,7,after:HRAgent.t_GapAnalysis,11,11,10,0
roots10_run05,8,after:HRAgent.t_GapAnalysis,11,11,10,0
roots10_run05,9,after:HRAgent.t_GapAnalysis,11,11,10,0
roots10_run05,0,after:HRAgent.t_GenerateResult,11,11,10,0
roots10_run05,1,after:HRAgent.t_GenerateResult,11,11,10,0
roots10_run05,2,after:HRAgent.t_GenerateResult,11,11,10,0
roots10_run05,3,after:HRAgent.t_GenerateResult,11,11,10,0
roots10_run05,4,after:HRAgent.t_GenerateResult,11,11,10,0
roots10_run05,5,after:HRAgent.t_GenerateResult,11,11,10,0
roots10_run05,6,after:HRAgent.t_GenerateResult,11,11,10,0
roots10_run05,7,after:HRAgent.t_GenerateResult,11,11,10,0
roots10_run05,8,after:HRAgent.t_GenerateResult,11,11,10,0
roots10_run05,9,after:HRAgent.t_GenerateResult,11,11,10,0
roots10_run05,0,after:WalletNet.t_GenerateVP,11,11,10,0
roots10_run05,1,after:WalletNet.t_GenerateVP,11,11,10,0
roots10_run05,2,after:WalletNet.t_GenerateVP,11,11,10,0
roots10_run05,3,after:WalletNet.t_GenerateVP,11,11,10,0
roots10_run05,4,after:WalletNet.t_GenerateVP,11,11,10,0
roots10_run05,5,after:WalletNet.t_GenerateVP,11,11,10,0
roots10_run05,6,after:WalletNet.t_GenerateVP,11,11,10,0
roots10_run05,7,after:WalletNet.t_GenerateVP,11,11,10,0
roots10_run05,8,after:WalletNet.t_GenerateVP,11,11,10,0
roots10_run05,9,after:WalletNet.t_GenerateVP,11,11,10,0
roots10_run05,0,after:WalletNet.t_ShareVP,11,11,10,0
roots10_run05,1,after:WalletNet.t_ShareVP,11,11,10,0
roots10_run05,2,after:WalletNet.t_ShareVP,11,11,10,0
roots10_run05,3,after:WalletNet.t_ShareVP,11,11,10,0
roots10_run05,4,after:WalletNet.t_ShareVP,11,11,10,0
roots10_run05,5,after:WalletNet.t_ShareVP,11,11,10,0
roots10_run05,6,after:WalletNet.t_ShareVP,11,11,10,0
roots10_run05,7,after:WalletNet.t_ShareVP,11,11,10,0
roots10_run05,8,after:WalletNet.t_ShareVP,11,11,10,0
roots10_run05,9,after:WalletNet.t_ShareVP,11,11,10,0
roots10_run05,0,terminal,11,11,10,0
roots10_run05,1,terminal,11,11,10,0
roots10_run05,2,terminal,11,11,10,0
roots10_run05,3,terminal,11,11,10,0
roots10_run05,4,terminal,11,11,10,0
roots10_run05,5,terminal,11,11,10,0
roots10_run05,6,terminal,11,11,10,0
roots10_run05,7,terminal,11,11,10,0
roots10_run05,8,terminal,11,11,10,0
roots10_run05,9,terminal,11,11,10,0
roots10_run06,0,creation,9,9,1,0
roots10_run06,1,creation,9,9,1,0
roots10_run06,2,creation,9,9,1,0
roots10_run06,3,creation,9,9,1,0
roots10_run06,4,creation,9,9,1,0
roots10_run06,5,creation,9,9,1,0
roots10_run06,6,creation,9,9,1,0
roots10_run06,7,creation,9,9,1,0
roots10_run06,8,creation,9,9,1,0
roots10_run06,9,creation,9,9,1,0
roots10_run06,0,after:StudentAgent.t_SubmitEvidence,10,10,4,0
roots10_run06,1,after:StudentAgent.t_SubmitEvidence,10,10,4,0
roots10_run06,2,after:StudentAgent.t_SubmitEvidence,10,10,4,0
roots10_run06,3,after:StudentAgent.t_SubmitEvidence,10,10,4,0
roots10_run06,4,after:StudentAgent.t_SubmitEvidence,10,10,4,0
roots10_run06,5,after:StudentAgent.t_SubmitEvidence,10,10,4,0
roots10_run06,6,after:StudentAgent.t_SubmitEvidence,10,10,4,0
roots10_run06,7,after:StudentAgent.t_SubmitEvidence,10,10,4,0
roots10_run06,8,after:StudentAgent.t_SubmitEvidence,10,10,4,0
roots10_run06,9,after:StudentAgent.t_SubmitEvidence,10,10,4,0
roots10_run06,0,after:EvidenceNet.t_LMS_Submit,10,10,4,0
roots10_run06,1,after:EvidenceNet.t_LMS_Submit,10,10,4,0
roots10_run06,2,after:EvidenceNet.t_LMS_Submit,10,10,4,0
roots10_run06,3,after:EvidenceNet.t_LMS_Submit,10,10,4,0
roots10_run06,4,after:EvidenceNet.t_LMS_Submit,10,10,4,0
roots10_run06,5,after:EvidenceNet.t_LMS_Submit,10,10,4,0
roots10_run06,6,after:EvidenceNet.t_LMS_Submit,10,10,4,0
roots10_run06,7,after:EvidenceNet.t_LMS_Submit,10,10,4,0
roots10_run06,8,after:EvidenceNet.t_LMS_Submit,10,10,4,0
roots10_run06,9,after:EvidenceNet.t_LMS_Submit,10,10,4,0
roots10_run06,0,after:EvidenceNet.t_Review_Request,10,10,4,0
roots10_run06,1,after:EvidenceNet.t_Review_Request,10,10,4,0
roots10_run06,2,after:EvidenceNet.t_Review_Request,10,10,4,0
roots10_run06,3,after:EvidenceNet.t_Review_Request,10,10,4,0
roots10_run06,4,after:EvidenceNet.t_Review_Request,10,10,4,0
roots10_run06,5,after:EvidenceNet.t_Review_Request,10,10,4,0
roots10_run06,6,after:EvidenceNet.t_Review_Request,10,10,4,0
roots10_run06,7,after:EvidenceNet.t_Review_Request,10,10,4,0
roots10_run06,8,after:EvidenceNet.t_Review_Request,10,10,4,0
roots10_run06,9,after:EvidenceNet.t_Review_Request,10,10,4,0
roots10_run06,0,after:ProfessorAgent.t_StartReview,10,10,4,0
roots10_run06,1,after:ProfessorAgent.t_StartReview,10,10,4,0
roots10_run06,2,after:ProfessorAgent.t_StartReview,10,10,4,0
roots10_run06,3,after:ProfessorAgent.t_StartReview,10,10,4,0
roots10_run06,4,after:ProfessorAgent.t_StartReview,10,10,4,0
roots10_run06,5,after:ProfessorAgent.t_StartReview,10,10,4,0
roots10_run06,6,after:ProfessorAgent.t_StartReview,10,10,4,0
roots10_run06,7,after:ProfessorAgent.t_StartReview,10,10,4,0
roots10_run06,8,after:ProfessorAgent.t_StartReview,10,10,4,0
roots10_run06,9,after:ProfessorAgent.t_StartReview,10,10,4,0
roots10_run06,0,after:ProfessorAgent.t_AssessEvidence,10,10,4,0
roots10_run06,1,after:ProfessorAgent.t_AssessEvidence,10,10,4,0
roots10_run06,2,after:ProfessorAgent.t_AssessEvidence,10,10,4,0
roots10_run06,3,after:ProfessorAgent.t_AssessEvidence,10,10,4,0
roots10_run06,4,after:ProfessorAgent.t_AssessEvidence,10,10,4,0
roots10_run06,5,after:ProfessorAgent.t_AssessEvidence,10,10,4,0
roots10_run06,6,after:ProfessorAgent.t_AssessEvidence,10,10,4,0
roots10_run06,7,after:ProfessorAgent.t_AssessEvidence,10,10,4,0
roots10_run06,8,after:ProfessorAgent.t_AssessEvidence,10,10,4,0
roots10_run06,9,after:ProfessorAgent.t_AssessEvidence,10,10,4,0
roots10_run06,0,after:ProfessorAgent.t_ApproveEvidence,10,10,5,0
roots10_run06,1,after:ProfessorAgent.t_ApproveEvidence,10,10,5,0
roots10_run06,2,after:ProfessorAgent.t_ApproveEvidence,10,10,5,0
roots10_run06,3,after:ProfessorAgent.t_ApproveEvidence,10,10,5,0
roots10_run06,4,after:ProfessorAgent.t_ApproveEvidence,10,10,5,0
roots10_run06,5,after:ProfessorAgent.t_ApproveEvidence,10,10,5,0
roots10_run06,6,after:ProfessorAgent.t_ApproveEvidence,10,10,5,0
roots10_run06,7,after:ProfessorAgent.t_ApproveEvidence,10,10,5,0
roots10_run06,8,after:ProfessorAgent.t_ApproveEvidence,10,10,5,0
roots10_run06,9,after:ProfessorAgent.t_ApproveEvidence,10,10,5,0
roots10_run06,0,after:UniversityAgent.t_VerifyEvidence,10,10,5,0
roots10_run06,1,after:UniversityAgent.t_VerifyEvidence,10,10,5,0
roots10_run06,2,after:UniversityAgent.t_VerifyEvidence,10,10,5,0
roots10_run06,3,after:UniversityAgent.t_VerifyEvidence,10,10,5,0
roots10_run06,4,after:UniversityAgent.t_VerifyEvidence,10,10,5,0
roots10_run06,5,after:UniversityAgent.t_VerifyEvidence,10,10,5,0
roots10_run06,6,after:UniversityAgent.t_VerifyEvidence,10,10,5,0
roots10_run06,7,after:UniversityAgent.t_VerifyEvidence,10,10,5,0
roots10_run06,8,after:UniversityAgent.t_VerifyEvidence,10,10,5,0
roots10_run06,9,after:UniversityAgent.t_VerifyEvidence,10,10,5,0
roots10_run06,0,after:UniversityAgent.t_RequestCredential,11,11,7,0
roots10_run06,1,after:UniversityAgent.t_RequestCredential,11,11,7,0
roots10_run06,2,after:UniversityAgent.t_RequestCredential,11,11,7,0
roots10_run06,3,after:UniversityAgent.t_RequestCredential,11,11,7,0
roots10_run06,4,after:UniversityAgent.t_RequestCredential,11,11,7,0
roots10_run06,5,after:UniversityAgent.t_RequestCredential,11,11,7,0
roots10_run06,6,after:UniversityAgent.t_RequestCredential,11,11,7,0
roots10_run06,7,after:UniversityAgent.t_RequestCredential,11,11,7,0
roots10_run06,8,after:UniversityAgent.t_RequestCredential,11,11,7,0
roots10_run06,9,after:UniversityAgent.t_RequestCredential,11,11,7,0
roots10_run06,0,after:CompetencyNet.t_Verification_Pass,11,11,7,0
roots10_run06,1,after:CompetencyNet.t_Verification_Pass,11,11,7,0
roots10_run06,2,after:CompetencyNet.t_Verification_Pass,11,11,7,0
roots10_run06,3,after:CompetencyNet.t_Verification_Pass,11,11,7,0
roots10_run06,4,after:CompetencyNet.t_Verification_Pass,11,11,7,0
roots10_run06,5,after:CompetencyNet.t_Verification_Pass,11,11,7,0
roots10_run06,6,after:CompetencyNet.t_Verification_Pass,11,11,7,0
roots10_run06,7,after:CompetencyNet.t_Verification_Pass,11,11,7,0
roots10_run06,8,after:CompetencyNet.t_Verification_Pass,11,11,7,0
roots10_run06,9,after:CompetencyNet.t_Verification_Pass,11,11,7,0
roots10_run06,0,after:UniversityAgent.t_IssueCredential,11,11,8,0
roots10_run06,1,after:UniversityAgent.t_IssueCredential,11,11,8,0
roots10_run06,2,after:UniversityAgent.t_IssueCredential,11,11,8,0
roots10_run06,3,after:UniversityAgent.t_IssueCredential,11,11,8,0
roots10_run06,4,after:UniversityAgent.t_IssueCredential,11,11,8,0
roots10_run06,5,after:UniversityAgent.t_IssueCredential,11,11,8,0
roots10_run06,6,after:UniversityAgent.t_IssueCredential,11,11,8,0
roots10_run06,7,after:UniversityAgent.t_IssueCredential,11,11,8,0
roots10_run06,8,after:UniversityAgent.t_IssueCredential,11,11,8,0
roots10_run06,9,after:UniversityAgent.t_IssueCredential,11,11,8,0
roots10_run06,0,after:StudentAgent.t_WaitCredential,11,11,8,0
roots10_run06,1,after:StudentAgent.t_WaitCredential,11,11,8,0
roots10_run06,2,after:StudentAgent.t_WaitCredential,11,11,8,0
roots10_run06,3,after:StudentAgent.t_WaitCredential,11,11,8,0
roots10_run06,4,after:StudentAgent.t_WaitCredential,11,11,8,0
roots10_run06,5,after:StudentAgent.t_WaitCredential,11,11,8,0
roots10_run06,6,after:StudentAgent.t_WaitCredential,11,11,8,0
roots10_run06,7,after:StudentAgent.t_WaitCredential,11,11,8,0
roots10_run06,8,after:StudentAgent.t_WaitCredential,11,11,8,0
roots10_run06,9,after:StudentAgent.t_WaitCredential,11,11,8,0
roots10_run06,0,after:StudentAgent.t_ReceiveCredential,11,11,8,0
roots10_run06,1,after:StudentAgent.t_ReceiveCredential,11,11,8,0
roots10_run06,2,after:StudentAgent.t_ReceiveCredential,11,11,8,0
roots10_run06,3,after:StudentAgent.t_ReceiveCredential,11,11,8,0
roots10_run06,4,after:StudentAgent.t_ReceiveCredential,11,11,8,0
roots10_run06,5,after:StudentAgent.t_ReceiveCredential,11,11,8,0
roots10_run06,6,after:StudentAgent.t_ReceiveCredential,11,11,8,0
roots10_run06,7,after:StudentAgent.t_ReceiveCredential,11,11,8,0
roots10_run06,8,after:StudentAgent.t_ReceiveCredential,11,11,8,0
roots10_run06,9,after:StudentAgent.t_ReceiveCredential,11,11,8,0
roots10_run06,0,after:StudentAgent.t_AcceptCredential,11,11,9,0
roots10_run06,1,after:StudentAgent.t_AcceptCredential,11,11,9,0
roots10_run06,2,after:StudentAgent.t_AcceptCredential,11,11,9,0
roots10_run06,3,after:StudentAgent.t_AcceptCredential,11,11,9,0
roots10_run06,4,after:StudentAgent.t_AcceptCredential,11,11,9,0
roots10_run06,5,after:StudentAgent.t_AcceptCredential,11,11,9,0
roots10_run06,6,after:StudentAgent.t_AcceptCredential,11,11,9,0
roots10_run06,7,after:StudentAgent.t_AcceptCredential,11,11,9,0
roots10_run06,8,after:StudentAgent.t_AcceptCredential,11,11,9,0
roots10_run06,9,after:StudentAgent.t_AcceptCredential,11,11,9,0
roots10_run06,0,after:HEDULedgerNet.t_Order,11,11,9,0
roots10_run06,1,after:HEDULedgerNet.t_Order,11,11,9,0
roots10_run06,2,after:HEDULedgerNet.t_Order,11,11,9,0
roots10_run06,3,after:HEDULedgerNet.t_Order,11,11,9,0
roots10_run06,4,after:HEDULedgerNet.t_Order,11,11,9,0
roots10_run06,5,after:HEDULedgerNet.t_Order,11,11,9,0
roots10_run06,6,after:HEDULedgerNet.t_Order,11,11,9,0
roots10_run06,7,after:HEDULedgerNet.t_Order,11,11,9,0
roots10_run06,8,after:HEDULedgerNet.t_Order,11,11,9,0
roots10_run06,9,after:HEDULedgerNet.t_Order,11,11,9,0
roots10_run06,0,after:HEDULedgerNet.t_Validate,11,11,9,0
roots10_run06,1,after:HEDULedgerNet.t_Validate,11,11,9,0
roots10_run06,2,after:HEDULedgerNet.t_Validate,11,11,9,0
roots10_run06,3,after:HEDULedgerNet.t_Validate,11,11,9,0
roots10_run06,4,after:HEDULedgerNet.t_Validate,11,11,9,0
roots10_run06,5,after:HEDULedgerNet.t_Validate,11,11,9,0
roots10_run06,6,after:HEDULedgerNet.t_Validate,11,11,9,0
roots10_run06,7,after:HEDULedgerNet.t_Validate,11,11,9,0
roots10_run06,8,after:HEDULedgerNet.t_Validate,11,11,9,0
roots10_run06,9,after:HEDULedgerNet.t_Validate,11,11,9,0
roots10_run06,0,after:HEDULedgerNet.t_Commit,11,11,9,0
roots10_run06,1,after:HEDULedgerNet.t_Commit,11,11,9,0
roots10_run06,2,after:HEDULedgerNet.t_Commit,11,11,9,0
roots10_run06,3,after:HEDULedgerNet.t_Commit,11,11,9,0
roots10_run06,4,after:HEDULedgerNet.t_Commit,11,11,9,0
roots10_run06,5,after:HEDULedgerNet.t_Commit,11,11,9,0
roots10_run06,6,after:HEDULedgerNet.t_Commit,11,11,9,0
roots10_run06,7,after:HEDULedgerNet.t_Commit,11,11,9,0
roots10_run06,8,after:HEDULedgerNet.t_Commit,11,11,9,0
roots10_run06,9,after:HEDULedgerNet.t_Commit,11,11,9,0
roots10_run06,0,after:HEDULedgerNet.t_Anchor,11,11,9,0
roots10_run06,1,after:HEDULedgerNet.t_Anchor,11,11,9,0
roots10_run06,2,after:HEDULedgerNet.t_Anchor,11,11,9,0
roots10_run06,3,after:HEDULedgerNet.t_Anchor,11,11,9,0
roots10_run06,4,after:HEDULedgerNet.t_Anchor,11,11,9,0
roots10_run06,5,after:HEDULedgerNet.t_Anchor,11,11,9,0
roots10_run06,6,after:HEDULedgerNet.t_Anchor,11,11,9,0
roots10_run06,7,after:HEDULedgerNet.t_Anchor,11,11,9,0
roots10_run06,8,after:HEDULedgerNet.t_Anchor,11,11,9,0
roots10_run06,9,after:HEDULedgerNet.t_Anchor,11,11,9,0
roots10_run06,0,after:StudentAgent.t_GenerateVP,11,11,9,0
roots10_run06,1,after:StudentAgent.t_GenerateVP,11,11,9,0
roots10_run06,2,after:StudentAgent.t_GenerateVP,11,11,9,0
roots10_run06,3,after:StudentAgent.t_GenerateVP,11,11,9,0
roots10_run06,4,after:StudentAgent.t_GenerateVP,11,11,9,0
roots10_run06,5,after:StudentAgent.t_GenerateVP,11,11,9,0
roots10_run06,6,after:StudentAgent.t_GenerateVP,11,11,9,0
roots10_run06,7,after:StudentAgent.t_GenerateVP,11,11,9,0
roots10_run06,8,after:StudentAgent.t_GenerateVP,11,11,9,0
roots10_run06,9,after:StudentAgent.t_GenerateVP,11,11,9,0
roots10_run06,0,after:StudentAgent.t_ShareVP,11,11,10,0
roots10_run06,1,after:StudentAgent.t_ShareVP,11,11,10,0
roots10_run06,2,after:StudentAgent.t_ShareVP,11,11,10,0
roots10_run06,3,after:StudentAgent.t_ShareVP,11,11,10,0
roots10_run06,4,after:StudentAgent.t_ShareVP,11,11,10,0
roots10_run06,5,after:StudentAgent.t_ShareVP,11,11,10,0
roots10_run06,6,after:StudentAgent.t_ShareVP,11,11,10,0
roots10_run06,7,after:StudentAgent.t_ShareVP,11,11,10,0
roots10_run06,8,after:StudentAgent.t_ShareVP,11,11,10,0
roots10_run06,9,after:StudentAgent.t_ShareVP,11,11,10,0
roots10_run06,0,after:HRAgent.t_ParseVP,11,11,10,0
roots10_run06,1,after:HRAgent.t_ParseVP,11,11,10,0
roots10_run06,2,after:HRAgent.t_ParseVP,11,11,10,0
roots10_run06,3,after:HRAgent.t_ParseVP,11,11,10,0
roots10_run06,4,after:HRAgent.t_ParseVP,11,11,10,0
roots10_run06,5,after:HRAgent.t_ParseVP,11,11,10,0
roots10_run06,6,after:HRAgent.t_ParseVP,11,11,10,0
roots10_run06,7,after:HRAgent.t_ParseVP,11,11,10,0
roots10_run06,8,after:HRAgent.t_ParseVP,11,11,10,0
roots10_run06,9,after:HRAgent.t_ParseVP,11,11,10,0
roots10_run06,0,after:CompetencyNet.t_Agg_Ingest,11,11,10,0
roots10_run06,1,after:CompetencyNet.t_Agg_Ingest,11,11,10,0
roots10_run06,2,after:CompetencyNet.t_Agg_Ingest,11,11,10,0
roots10_run06,3,after:CompetencyNet.t_Agg_Ingest,11,11,10,0
roots10_run06,4,after:CompetencyNet.t_Agg_Ingest,11,11,10,0
roots10_run06,5,after:CompetencyNet.t_Agg_Ingest,11,11,10,0
roots10_run06,6,after:CompetencyNet.t_Agg_Ingest,11,11,10,0
roots10_run06,7,after:CompetencyNet.t_Agg_Ingest,11,11,10,0
roots10_run06,8,after:CompetencyNet.t_Agg_Ingest,11,11,10,0
roots10_run06,9,after:CompetencyNet.t_Agg_Ingest,11,11,10,0
roots10_run06,0,after:HRAgent.t_SemanticMatch,11,11,10,0
roots10_run06,1,after:HRAgent.t_SemanticMatch,11,11,10,0
roots10_run06,2,after:HRAgent.t_SemanticMatch,11,11,10,0
roots10_run06,3,after:HRAgent.t_SemanticMatch,11,11,10,0
roots10_run06,4,after:HRAgent.t_SemanticMatch,11,11,10,0
roots10_run06,5,after:HRAgent.t_SemanticMatch,11,11,10,0
roots10_run06,6,after:HRAgent.t_SemanticMatch,11,11,10,0
roots10_run06,7,after:HRAgent.t_SemanticMatch,11,11,10,0
roots10_run06,8,after:HRAgent.t_SemanticMatch,11,11,10,0
roots10_run06,9,after:HRAgent.t_SemanticMatch,11,11,10,0
roots10_run06,0,after:HRAgent.t_GapAnalysis,11,11,10,0
roots10_run06,1,after:HRAgent.t_GapAnalysis,11,11,10,0
roots10_run06,2,after:HRAgent.t_GapAnalysis,11,11,10,0
roots10_run06,3,after:HRAgent.t_GapAnalysis,11,11,10,0
roots10_run06,4,after:HRAgent.t_GapAnalysis,11,11,10,0
roots10_run06,5,after:HRAgent.t_GapAnalysis,11,11,10,0
roots10_run06,6,after:HRAgent.t_GapAnalysis,11,11,10,0
roots10_run06,7,after:HRAgent.t_GapAnalysis,11,11,10,0
roots10_run06,8,after:HRAgent.t_GapAnalysis,11,11,10,0
roots10_run06,9,after:HRAgent.t_GapAnalysis,11,11,10,0
roots10_run06,0,after:HRAgent.t_GenerateResult,11,11,10,0
roots10_run06,1,after:HRAgent.t_GenerateResult,11,11,10,0
roots10_run06,2,after:HRAgent.t_GenerateResult,11,11,10,0
roots10_run06,3,after:HRAgent.t_GenerateResult,11,11,10,0
roots10_run06,4,after:HRAgent.t_GenerateResult,11,11,10,0
roots10_run06,5,after:HRAgent.t_GenerateResult,11,11,10,0
roots10_run06,6,after:HRAgent.t_GenerateResult,11,11,10,0
roots10_run06,7,after:HRAgent.t_GenerateResult,11,11,10,0
roots10_run06,8,after:HRAgent.t_GenerateResult,11,11,10,0
roots10_run06,9,after:HRAgent.t_GenerateResult,11,11,10,0
roots10_run06,0,after:WalletNet.t_GenerateVP,11,11,10,0
roots10_run06,1,after:WalletNet.t_GenerateVP,11,11,10,0
roots10_run06,2,after:WalletNet.t_GenerateVP,11,11,10,0
roots10_run06,3,after:WalletNet.t_GenerateVP,11,11,10,0
roots10_run06,4,after:WalletNet.t_GenerateVP,11,11,10,0
roots10_run06,5,after:WalletNet.t_GenerateVP,11,11,10,0
roots10_run06,6,after:WalletNet.t_GenerateVP,11,11,10,0
roots10_run06,7,after:WalletNet.t_GenerateVP,11,11,10,0
roots10_run06,8,after:WalletNet.t_GenerateVP,11,11,10,0
roots10_run06,9,after:WalletNet.t_GenerateVP,11,11,10,0
roots10_run06,0,after:WalletNet.t_ShareVP,11,11,10,0
roots10_run06,1,after:WalletNet.t_ShareVP,11,11,10,0
roots10_run06,2,after:WalletNet.t_ShareVP,11,11,10,0
roots10_run06,3,after:WalletNet.t_ShareVP,11,11,10,0
roots10_run06,4,after:WalletNet.t_ShareVP,11,11,10,0
roots10_run06,5,after:WalletNet.t_ShareVP,11,11,10,0
roots10_run06,6,after:WalletNet.t_ShareVP,11,11,10,0
roots10_run06,7,after:WalletNet.t_ShareVP,11,11,10,0
roots10_run06,8,after:WalletNet.t_ShareVP,11,11,10,0
roots10_run06,9,after:WalletNet.t_ShareVP,11,11,10,0
roots10_run06,0,terminal,11,11,10,0
roots10_run06,1,terminal,11,11,10,0
roots10_run06,2,terminal,11,11,10,0
roots10_run06,3,terminal,11,11,10,0
roots10_run06,4,terminal,11,11,10,0
roots10_run06,5,terminal,11,11,10,0
roots10_run06,6,terminal,11,11,10,0
roots10_run06,7,terminal,11,11,10,0
roots10_run06,8,terminal,11,11,10,0
roots10_run06,9,terminal,11,11,10,0
roots10_run07,0,creation,9,9,1,0
roots10_run07,1,creation,9,9,1,0
roots10_run07,2,creation,9,9,1,0
roots10_run07,3,creation,9,9,1,0
roots10_run07,4,creation,9,9,1,0
roots10_run07,5,creation,9,9,1,0
roots10_run07,6,creation,9,9,1,0
roots10_run07,7,creation,9,9,1,0
roots10_run07,8,creation,9,9,1,0
roots10_run07,9,creation,9,9,1,0
roots10_run07,0,after:StudentAgent.t_SubmitEvidence,10,10,4,0
roots10_run07,1,after:StudentAgent.t_SubmitEvidence,10,10,4,0
roots10_run07,2,after:StudentAgent.t_SubmitEvidence,10,10,4,0
roots10_run07,3,after:StudentAgent.t_SubmitEvidence,10,10,4,0
roots10_run07,4,after:StudentAgent.t_SubmitEvidence,10,10,4,0
roots10_run07,5,after:StudentAgent.t_SubmitEvidence,10,10,4,0
roots10_run07,6,after:StudentAgent.t_SubmitEvidence,10,10,4,0
roots10_run07,7,after:StudentAgent.t_SubmitEvidence,10,10,4,0
roots10_run07,8,after:StudentAgent.t_SubmitEvidence,10,10,4,0
roots10_run07,9,after:StudentAgent.t_SubmitEvidence,10,10,4,0
roots10_run07,0,after:EvidenceNet.t_LMS_Submit,10,10,4,0
roots10_run07,1,after:EvidenceNet.t_LMS_Submit,10,10,4,0
roots10_run07,2,after:EvidenceNet.t_LMS_Submit,10,10,4,0
roots10_run07,3,after:EvidenceNet.t_LMS_Submit,10,10,4,0
roots10_run07,4,after:EvidenceNet.t_LMS_Submit,10,10,4,0
roots10_run07,5,after:EvidenceNet.t_LMS_Submit,10,10,4,0
roots10_run07,6,after:EvidenceNet.t_LMS_Submit,10,10,4,0
roots10_run07,7,after:EvidenceNet.t_LMS_Submit,10,10,4,0
roots10_run07,8,after:EvidenceNet.t_LMS_Submit,10,10,4,0
roots10_run07,9,after:EvidenceNet.t_LMS_Submit,10,10,4,0
roots10_run07,0,after:EvidenceNet.t_Review_Request,10,10,4,0
roots10_run07,1,after:EvidenceNet.t_Review_Request,10,10,4,0
roots10_run07,2,after:EvidenceNet.t_Review_Request,10,10,4,0
roots10_run07,3,after:EvidenceNet.t_Review_Request,10,10,4,0
roots10_run07,4,after:EvidenceNet.t_Review_Request,10,10,4,0
roots10_run07,5,after:EvidenceNet.t_Review_Request,10,10,4,0
roots10_run07,6,after:EvidenceNet.t_Review_Request,10,10,4,0
roots10_run07,7,after:EvidenceNet.t_Review_Request,10,10,4,0
roots10_run07,8,after:EvidenceNet.t_Review_Request,10,10,4,0
roots10_run07,9,after:EvidenceNet.t_Review_Request,10,10,4,0
roots10_run07,0,after:ProfessorAgent.t_StartReview,10,10,4,0
roots10_run07,1,after:ProfessorAgent.t_StartReview,10,10,4,0
roots10_run07,2,after:ProfessorAgent.t_StartReview,10,10,4,0
roots10_run07,3,after:ProfessorAgent.t_StartReview,10,10,4,0
roots10_run07,4,after:ProfessorAgent.t_StartReview,10,10,4,0
roots10_run07,5,after:ProfessorAgent.t_StartReview,10,10,4,0
roots10_run07,6,after:ProfessorAgent.t_StartReview,10,10,4,0
roots10_run07,7,after:ProfessorAgent.t_StartReview,10,10,4,0
roots10_run07,8,after:ProfessorAgent.t_StartReview,10,10,4,0
roots10_run07,9,after:ProfessorAgent.t_StartReview,10,10,4,0
roots10_run07,0,after:ProfessorAgent.t_AssessEvidence,10,10,4,0
roots10_run07,1,after:ProfessorAgent.t_AssessEvidence,10,10,4,0
roots10_run07,2,after:ProfessorAgent.t_AssessEvidence,10,10,4,0
roots10_run07,3,after:ProfessorAgent.t_AssessEvidence,10,10,4,0
roots10_run07,4,after:ProfessorAgent.t_AssessEvidence,10,10,4,0
roots10_run07,5,after:ProfessorAgent.t_AssessEvidence,10,10,4,0
roots10_run07,6,after:ProfessorAgent.t_AssessEvidence,10,10,4,0
roots10_run07,7,after:ProfessorAgent.t_AssessEvidence,10,10,4,0
roots10_run07,8,after:ProfessorAgent.t_AssessEvidence,10,10,4,0
roots10_run07,9,after:ProfessorAgent.t_AssessEvidence,10,10,4,0
roots10_run07,0,after:ProfessorAgent.t_ApproveEvidence,10,10,5,0
roots10_run07,1,after:ProfessorAgent.t_ApproveEvidence,10,10,5,0
roots10_run07,2,after:ProfessorAgent.t_ApproveEvidence,10,10,5,0
roots10_run07,3,after:ProfessorAgent.t_ApproveEvidence,10,10,5,0
roots10_run07,4,after:ProfessorAgent.t_ApproveEvidence,10,10,5,0
roots10_run07,5,after:ProfessorAgent.t_ApproveEvidence,10,10,5,0
roots10_run07,6,after:ProfessorAgent.t_ApproveEvidence,10,10,5,0
roots10_run07,7,after:ProfessorAgent.t_ApproveEvidence,10,10,5,0
roots10_run07,8,after:ProfessorAgent.t_ApproveEvidence,10,10,5,0
roots10_run07,9,after:ProfessorAgent.t_ApproveEvidence,10,10,5,0
roots10_run07,0,after:UniversityAgent.t_VerifyEvidence,10,10,5,0
roots10_run07,1,after:UniversityAgent.t_VerifyEvidence,10,10,5,0
roots10_run07,2,after:UniversityAgent.t_VerifyEvidence,10,10,5,0
roots10_run07,3,after:UniversityAgent.t_VerifyEvidence,10,10,5,0
roots10_run07,4,after:UniversityAgent.t_VerifyEvidence,10,10,5,0
roots10_run07,5,after:UniversityAgent.t_VerifyEvidence,10,10,5,0
roots10_run07,6,after:UniversityAgent.t_VerifyEvidence,10,10,5,0
roots10_run07,7,after:UniversityAgent.t_VerifyEvidence,10,10,5,0
roots10_run07,8,after:UniversityAgent.t_VerifyEvidence,10,10,5,0
roots10_run07,9,after:UniversityAgent.t_VerifyEvidence,10,10,5,0
roots10_run07,0,after:UniversityAgent.t_RequestCredential,11,11,7,0
roots10_run07,1,after:UniversityAgent.t_RequestCredential,11,11,7,0
roots10_run07,2,after:UniversityAgent.t_RequestCredential,11,11,7,0
roots10_run07,3,after:UniversityAgent.t_RequestCredential,11,11,7,0
roots10_run07,4,after:UniversityAgent.t_RequestCredential,11,11,7,0
roots10_run07,5,after:UniversityAgent.t_RequestCredential,11,11,7,0
roots10_run07,6,after:UniversityAgent.t_RequestCredential,11,11,7,0
roots10_run07,7,after:UniversityAgent.t_RequestCredential,11,11,7,0
roots10_run07,8,after:UniversityAgent.t_RequestCredential,11,11,7,0
roots10_run07,9,after:UniversityAgent.t_RequestCredential,11,11,7,0
roots10_run07,0,after:CompetencyNet.t_Verification_Pass,11,11,7,0
roots10_run07,1,after:CompetencyNet.t_Verification_Pass,11,11,7,0
roots10_run07,2,after:CompetencyNet.t_Verification_Pass,11,11,7,0
roots10_run07,3,after:CompetencyNet.t_Verification_Pass,11,11,7,0
roots10_run07,4,after:CompetencyNet.t_Verification_Pass,11,11,7,0
roots10_run07,5,after:CompetencyNet.t_Verification_Pass,11,11,7,0
roots10_run07,6,after:CompetencyNet.t_Verification_Pass,11,11,7,0
roots10_run07,7,after:CompetencyNet.t_Verification_Pass,11,11,7,0
roots10_run07,8,after:CompetencyNet.t_Verification_Pass,11,11,7,0
roots10_run07,9,after:CompetencyNet.t_Verification_Pass,11,11,7,0
roots10_run07,0,after:UniversityAgent.t_IssueCredential,11,11,8,0
roots10_run07,1,after:UniversityAgent.t_IssueCredential,11,11,8,0
roots10_run07,2,after:UniversityAgent.t_IssueCredential,11,11,8,0
roots10_run07,3,after:UniversityAgent.t_IssueCredential,11,11,8,0
roots10_run07,4,after:UniversityAgent.t_IssueCredential,11,11,8,0
roots10_run07,5,after:UniversityAgent.t_IssueCredential,11,11,8,0
roots10_run07,6,after:UniversityAgent.t_IssueCredential,11,11,8,0
roots10_run07,7,after:UniversityAgent.t_IssueCredential,11,11,8,0
roots10_run07,8,after:UniversityAgent.t_IssueCredential,11,11,8,0
roots10_run07,9,after:UniversityAgent.t_IssueCredential,11,11,8,0
roots10_run07,0,after:StudentAgent.t_WaitCredential,11,11,8,0
roots10_run07,1,after:StudentAgent.t_WaitCredential,11,11,8,0
roots10_run07,2,after:StudentAgent.t_WaitCredential,11,11,8,0
roots10_run07,3,after:StudentAgent.t_WaitCredential,11,11,8,0
roots10_run07,4,after:StudentAgent.t_WaitCredential,11,11,8,0
roots10_run07,5,after:StudentAgent.t_WaitCredential,11,11,8,0
roots10_run07,6,after:StudentAgent.t_WaitCredential,11,11,8,0
roots10_run07,7,after:StudentAgent.t_WaitCredential,11,11,8,0
roots10_run07,8,after:StudentAgent.t_WaitCredential,11,11,8,0
roots10_run07,9,after:StudentAgent.t_WaitCredential,11,11,8,0
roots10_run07,0,after:StudentAgent.t_ReceiveCredential,11,11,8,0
roots10_run07,1,after:StudentAgent.t_ReceiveCredential,11,11,8,0
roots10_run07,2,after:StudentAgent.t_ReceiveCredential,11,11,8,0
roots10_run07,3,after:StudentAgent.t_ReceiveCredential,11,11,8,0
roots10_run07,4,after:StudentAgent.t_ReceiveCredential,11,11,8,0
roots10_run07,5,after:StudentAgent.t_ReceiveCredential,11,11,8,0
roots10_run07,6,after:StudentAgent.t_ReceiveCredential,11,11,8,0
roots10_run07,7,after:StudentAgent.t_ReceiveCredential,11,11,8,0
roots10_run07,8,after:StudentAgent.t_ReceiveCredential,11,11,8,0
roots10_run07,9,after:StudentAgent.t_ReceiveCredential,11,11,8,0
roots10_run07,0,after:StudentAgent.t_AcceptCredential,11,11,9,0
roots10_run07,1,after:StudentAgent.t_AcceptCredential,11,11,9,0
roots10_run07,2,after:StudentAgent.t_AcceptCredential,11,11,9,0
roots10_run07,3,after:StudentAgent.t_AcceptCredential,11,11,9,0
roots10_run07,4,after:StudentAgent.t_AcceptCredential,11,11,9,0
roots10_run07,5,after:StudentAgent.t_AcceptCredential,11,11,9,0
roots10_run07,6,after:StudentAgent.t_AcceptCredential,11,11,9,0
roots10_run07,7,after:StudentAgent.t_AcceptCredential,11,11,9,0
roots10_run07,8,after:StudentAgent.t_AcceptCredential,11,11,9,0
roots10_run07,9,after:StudentAgent.t_AcceptCredential,11,11,9,0
roots10_run07,0,after:HEDULedgerNet.t_Order,11,11,9,0
roots10_run07,1,after:HEDULedgerNet.t_Order,11,11,9,0
roots10_run07,2,after:HEDULedgerNet.t_Order,11,11,9,0
roots10_run07,3,after:HEDULedgerNet.t_Order,11,11,9,0
roots10_run07,4,after:HEDULedgerNet.t_Order,11,11,9,0
roots10_run07,5,after:HEDULedgerNet.t_Order,11,11,9,0
roots10_run07,6,after:HEDULedgerNet.t_Order,11,11,9,0
roots10_run07,7,after:HEDULedgerNet.t_Order,11,11,9,0
roots10_run07,8,after:HEDULedgerNet.t_Order,11,11,9,0
roots10_run07,9,after:HEDULedgerNet.t_Order,11,11,9,0
roots10_run07,0,after:HEDULedgerNet.t_Validate,11,11,9,0
roots10_run07,1,after:HEDULedgerNet.t_Validate,11,11,9,0
roots10_run07,2,after:HEDULedgerNet.t_Validate,11,11,9,0
roots10_run07,3,after:HEDULedgerNet.t_Validate,11,11,9,0
roots10_run07,4,after:HEDULedgerNet.t_Validate,11,11,9,0
roots10_run07,5,after:HEDULedgerNet.t_Validate,11,11,9,0
roots10_run07,6,after:HEDULedgerNet.t_Validate,11,11,9,0
roots10_run07,7,after:HEDULedgerNet.t_Validate,11,11,9,0
roots10_run07,8,after:HEDULedgerNet.t_Validate,11,11,9,0
roots10_run07,9,after:HEDULedgerNet.t_Validate,11,11,9,0
roots10_run07,0,after:HEDULedgerNet.t_Commit,11,11,9,0
roots10_run07,1,after:HEDULedgerNet.t_Commit,11,11,9,0
roots10_run07,2,after:HEDULedgerNet.t_Commit,11,11,9,0
roots10_run07,3,after:HEDULedgerNet.t_Commit,11,11,9,0
roots10_run07,4,after:HEDULedgerNet.t_Commit,11,11,9,0
roots10_run07,5,after:HEDULedgerNet.t_Commit,11,11,9,0
roots10_run07,6,after:HEDULedgerNet.t_Commit,11,11,9,0
roots10_run07,7,after:HEDULedgerNet.t_Commit,11,11,9,0
roots10_run07,8,after:HEDULedgerNet.t_Commit,11,11,9,0
roots10_run07,9,after:HEDULedgerNet.t_Commit,11,11,9,0
roots10_run07,0,after:HEDULedgerNet.t_Anchor,11,11,9,0
roots10_run07,1,after:HEDULedgerNet.t_Anchor,11,11,9,0
roots10_run07,2,after:HEDULedgerNet.t_Anchor,11,11,9,0
roots10_run07,3,after:HEDULedgerNet.t_Anchor,11,11,9,0
roots10_run07,4,after:HEDULedgerNet.t_Anchor,11,11,9,0
roots10_run07,5,after:HEDULedgerNet.t_Anchor,11,11,9,0
roots10_run07,6,after:HEDULedgerNet.t_Anchor,11,11,9,0
roots10_run07,7,after:HEDULedgerNet.t_Anchor,11,11,9,0
roots10_run07,8,after:HEDULedgerNet.t_Anchor,11,11,9,0
roots10_run07,9,after:HEDULedgerNet.t_Anchor,11,11,9,0
roots10_run07,0,after:StudentAgent.t_GenerateVP,11,11,9,0
roots10_run07,1,after:StudentAgent.t_GenerateVP,11,11,9,0
roots10_run07,2,after:StudentAgent.t_GenerateVP,11,11,9,0
roots10_run07,3,after:StudentAgent.t_GenerateVP,11,11,9,0
roots10_run07,4,after:StudentAgent.t_GenerateVP,11,11,9,0
roots10_run07,5,after:StudentAgent.t_GenerateVP,11,11,9,0
roots10_run07,6,after:StudentAgent.t_GenerateVP,11,11,9,0
roots10_run07,7,after:StudentAgent.t_GenerateVP,11,11,9,0
roots10_run07,8,after:StudentAgent.t_GenerateVP,11,11,9,0
roots10_run07,9,after:StudentAgent.t_GenerateVP,11,11,9,0
roots10_run07,0,after:StudentAgent.t_ShareVP,11,11,10,0
roots10_run07,1,after:StudentAgent.t_ShareVP,11,11,10,0
roots10_run07,2,after:StudentAgent.t_ShareVP,11,11,10,0
roots10_run07,3,after:StudentAgent.t_ShareVP,11,11,10,0
roots10_run07,4,after:StudentAgent.t_ShareVP,11,11,10,0
roots10_run07,5,after:StudentAgent.t_ShareVP,11,11,10,0
roots10_run07,6,after:StudentAgent.t_ShareVP,11,11,10,0
roots10_run07,7,after:StudentAgent.t_ShareVP,11,11,10,0
roots10_run07,8,after:StudentAgent.t_ShareVP,11,11,10,0
roots10_run07,9,after:StudentAgent.t_ShareVP,11,11,10,0
roots10_run07,0,after:HRAgent.t_ParseVP,11,11,10,0
roots10_run07,1,after:HRAgent.t_ParseVP,11,11,10,0
roots10_run07,2,after:HRAgent.t_ParseVP,11,11,10,0
roots10_run07,3,after:HRAgent.t_ParseVP,11,11,10,0
roots10_run07,4,after:HRAgent.t_ParseVP,11,11,10,0
roots10_run07,5,after:HRAgent.t_ParseVP,11,11,10,0
roots10_run07,6,after:HRAgent.t_ParseVP,11,11,10,0
roots10_run07,7,after:HRAgent.t_ParseVP,11,11,10,0
roots10_run07,8,after:HRAgent.t_ParseVP,11,11,10,0
roots10_run07,9,after:HRAgent.t_ParseVP,11,11,10,0
roots10_run07,0,after:CompetencyNet.t_Agg_Ingest,11,11,10,0
roots10_run07,1,after:CompetencyNet.t_Agg_Ingest,11,11,10,0
roots10_run07,2,after:CompetencyNet.t_Agg_Ingest,11,11,10,0
roots10_run07,3,after:CompetencyNet.t_Agg_Ingest,11,11,10,0
roots10_run07,4,after:CompetencyNet.t_Agg_Ingest,11,11,10,0
roots10_run07,5,after:CompetencyNet.t_Agg_Ingest,11,11,10,0
roots10_run07,6,after:CompetencyNet.t_Agg_Ingest,11,11,10,0
roots10_run07,7,after:CompetencyNet.t_Agg_Ingest,11,11,10,0
roots10_run07,8,after:CompetencyNet.t_Agg_Ingest,11,11,10,0
roots10_run07,9,after:CompetencyNet.t_Agg_Ingest,11,11,10,0
roots10_run07,0,after:HRAgent.t_SemanticMatch,11,11,10,0
roots10_run07,1,after:HRAgent.t_SemanticMatch,11,11,10,0
roots10_run07,2,after:HRAgent.t_SemanticMatch,11,11,10,0
roots10_run07,3,after:HRAgent.t_SemanticMatch,11,11,10,0
roots10_run07,4,after:HRAgent.t_SemanticMatch,11,11,10,0
roots10_run07,5,after:HRAgent.t_SemanticMatch,11,11,10,0
roots10_run07,6,after:HRAgent.t_SemanticMatch,11,11,10,0
roots10_run07,7,after:HRAgent.t_SemanticMatch,11,11,10,0
roots10_run07,8,after:HRAgent.t_SemanticMatch,11,11,10,0
roots10_run07,9,after:HRAgent.t_SemanticMatch,11,11,10,0
roots10_run07,0,after:HRAgent.t_GapAnalysis,11,11,10,0
roots10_run07,1,after:HRAgent.t_GapAnalysis,11,11,10,0
roots10_run07,2,after:HRAgent.t_GapAnalysis,11,11,10,0
roots10_run07,3,after:HRAgent.t_GapAnalysis,11,11,10,0
roots10_run07,4,after:HRAgent.t_GapAnalysis,11,11,10,0
roots10_run07,5,after:HRAgent.t_GapAnalysis,11,11,10,0
roots10_run07,6,after:HRAgent.t_GapAnalysis,11,11,10,0
roots10_run07,7,after:HRAgent.t_GapAnalysis,11,11,10,0
roots10_run07,8,after:HRAgent.t_GapAnalysis,11,11,10,0
roots10_run07,9,after:HRAgent.t_GapAnalysis,11,11,10,0
roots10_run07,0,after:HRAgent.t_GenerateResult,11,11,10,0
roots10_run07,1,after:HRAgent.t_GenerateResult,11,11,10,0
roots10_run07,2,after:HRAgent.t_GenerateResult,11,11,10,0
roots10_run07,3,after:HRAgent.t_GenerateResult,11,11,10,0
roots10_run07,4,after:HRAgent.t_GenerateResult,11,11,10,0
roots10_run07,5,after:HRAgent.t_GenerateResult,11,11,10,0
roots10_run07,6,after:HRAgent.t_GenerateResult,11,11,10,0
roots10_run07,7,after:HRAgent.t_GenerateResult,11,11,10,0
roots10_run07,8,after:HRAgent.t_GenerateResult,11,11,10,0
roots10_run07,9,after:HRAgent.t_GenerateResult,11,11,10,0
roots10_run07,0,after:WalletNet.t_GenerateVP,11,11,10,0
roots10_run07,1,after:WalletNet.t_GenerateVP,11,11,10,0
roots10_run07,2,after:WalletNet.t_GenerateVP,11,11,10,0
roots10_run07,3,after:WalletNet.t_GenerateVP,11,11,10,0
roots10_run07,4,after:WalletNet.t_GenerateVP,11,11,10,0
roots10_run07,5,after:WalletNet.t_GenerateVP,11,11,10,0
roots10_run07,6,after:WalletNet.t_GenerateVP,11,11,10,0
roots10_run07,7,after:WalletNet.t_GenerateVP,11,11,10,0
roots10_run07,8,after:WalletNet.t_GenerateVP,11,11,10,0
roots10_run07,9,after:WalletNet.t_GenerateVP,11,11,10,0
roots10_run07,0,after:WalletNet.t_ShareVP,11,11,10,0
roots10_run07,1,after:WalletNet.t_ShareVP,11,11,10,0
roots10_run07,2,after:WalletNet.t_ShareVP,11,11,10,0
roots10_run07,3,after:WalletNet.t_ShareVP,11,11,10,0
roots10_run07,4,after:WalletNet.t_ShareVP,11,11,10,0
roots10_run07,5,after:WalletNet.t_ShareVP,11,11,10,0
roots10_run07,6,after:WalletNet.t_ShareVP,11,11,10,0
roots10_run07,7,after:WalletNet.t_ShareVP,11,11,10,0
roots10_run07,8,after:WalletNet.t_ShareVP,11,11,10,0
roots10_run07,9,after:WalletNet.t_ShareVP,11,11,10,0
roots10_run07,0,terminal,11,11,10,0
roots10_run07,1,terminal,11,11,10,0
roots10_run07,2,terminal,11,11,10,0
roots10_run07,3,terminal,11,11,10,0
roots10_run07,4,terminal,11,11,10,0
roots10_run07,5,terminal,11,11,10,0
roots10_run07,6,terminal,11,11,10,0
roots10_run07,7,terminal,11,11,10,0
roots10_run07,8,terminal,11,11,10,0
roots10_run07,9,terminal,11,11,10,0
roots10_run08,0,creation,9,9,1,0
roots10_run08,1,creation,9,9,1,0
roots10_run08,2,creation,9,9,1,0
roots10_run08,3,creation,9,9,1,0
roots10_run08,4,creation,9,9,1,0
roots10_run08,5,creation,9,9,1,0
roots10_run08,6,creation,9,9,1,0
roots10_run08,7,creation,9,9,1,0
roots10_run08,8,creation,9,9,1,0
roots10_run08,9,creation,9,9,1,0
roots10_run08,0,after:StudentAgent.t_SubmitEvidence,10,10,4,0
roots10_run08,1,after:StudentAgent.t_SubmitEvidence,10,10,4,0
roots10_run08,2,after:StudentAgent.t_SubmitEvidence,10,10,4,0
roots10_run08,3,after:StudentAgent.t_SubmitEvidence,10,10,4,0
roots10_run08,4,after:StudentAgent.t_SubmitEvidence,10,10,4,0
roots10_run08,5,after:StudentAgent.t_SubmitEvidence,10,10,4,0
roots10_run08,6,after:StudentAgent.t_SubmitEvidence,10,10,4,0
roots10_run08,7,after:StudentAgent.t_SubmitEvidence,10,10,4,0
roots10_run08,8,after:StudentAgent.t_SubmitEvidence,10,10,4,0
roots10_run08,9,after:StudentAgent.t_SubmitEvidence,10,10,4,0
roots10_run08,0,after:EvidenceNet.t_LMS_Submit,10,10,4,0
roots10_run08,1,after:EvidenceNet.t_LMS_Submit,10,10,4,0
roots10_run08,2,after:EvidenceNet.t_LMS_Submit,10,10,4,0
roots10_run08,3,after:EvidenceNet.t_LMS_Submit,10,10,4,0
roots10_run08,4,after:EvidenceNet.t_LMS_Submit,10,10,4,0
roots10_run08,5,after:EvidenceNet.t_LMS_Submit,10,10,4,0
roots10_run08,6,after:EvidenceNet.t_LMS_Submit,10,10,4,0
roots10_run08,7,after:EvidenceNet.t_LMS_Submit,10,10,4,0
roots10_run08,8,after:EvidenceNet.t_LMS_Submit,10,10,4,0
roots10_run08,9,after:EvidenceNet.t_LMS_Submit,10,10,4,0
roots10_run08,0,after:EvidenceNet.t_Review_Request,10,10,4,0
roots10_run08,1,after:EvidenceNet.t_Review_Request,10,10,4,0
roots10_run08,2,after:EvidenceNet.t_Review_Request,10,10,4,0
roots10_run08,3,after:EvidenceNet.t_Review_Request,10,10,4,0
roots10_run08,4,after:EvidenceNet.t_Review_Request,10,10,4,0
roots10_run08,5,after:EvidenceNet.t_Review_Request,10,10,4,0
roots10_run08,6,after:EvidenceNet.t_Review_Request,10,10,4,0
roots10_run08,7,after:EvidenceNet.t_Review_Request,10,10,4,0
roots10_run08,8,after:EvidenceNet.t_Review_Request,10,10,4,0
roots10_run08,9,after:EvidenceNet.t_Review_Request,10,10,4,0
roots10_run08,0,after:ProfessorAgent.t_StartReview,10,10,4,0
roots10_run08,1,after:ProfessorAgent.t_StartReview,10,10,4,0
roots10_run08,2,after:ProfessorAgent.t_StartReview,10,10,4,0
roots10_run08,3,after:ProfessorAgent.t_StartReview,10,10,4,0
roots10_run08,4,after:ProfessorAgent.t_StartReview,10,10,4,0
roots10_run08,5,after:ProfessorAgent.t_StartReview,10,10,4,0
roots10_run08,6,after:ProfessorAgent.t_StartReview,10,10,4,0
roots10_run08,7,after:ProfessorAgent.t_StartReview,10,10,4,0
roots10_run08,8,after:ProfessorAgent.t_StartReview,10,10,4,0
roots10_run08,9,after:ProfessorAgent.t_StartReview,10,10,4,0
roots10_run08,0,after:ProfessorAgent.t_AssessEvidence,10,10,4,0
roots10_run08,1,after:ProfessorAgent.t_AssessEvidence,10,10,4,0
roots10_run08,2,after:ProfessorAgent.t_AssessEvidence,10,10,4,0
roots10_run08,3,after:ProfessorAgent.t_AssessEvidence,10,10,4,0
roots10_run08,4,after:ProfessorAgent.t_AssessEvidence,10,10,4,0
roots10_run08,5,after:ProfessorAgent.t_AssessEvidence,10,10,4,0
roots10_run08,6,after:ProfessorAgent.t_AssessEvidence,10,10,4,0
roots10_run08,7,after:ProfessorAgent.t_AssessEvidence,10,10,4,0
roots10_run08,8,after:ProfessorAgent.t_AssessEvidence,10,10,4,0
roots10_run08,9,after:ProfessorAgent.t_AssessEvidence,10,10,4,0
roots10_run08,0,after:ProfessorAgent.t_ApproveEvidence,10,10,5,0
roots10_run08,1,after:ProfessorAgent.t_ApproveEvidence,10,10,5,0
roots10_run08,2,after:ProfessorAgent.t_ApproveEvidence,10,10,5,0
roots10_run08,3,after:ProfessorAgent.t_ApproveEvidence,10,10,5,0
roots10_run08,4,after:ProfessorAgent.t_ApproveEvidence,10,10,5,0
roots10_run08,5,after:ProfessorAgent.t_ApproveEvidence,10,10,5,0
roots10_run08,6,after:ProfessorAgent.t_ApproveEvidence,10,10,5,0
roots10_run08,7,after:ProfessorAgent.t_ApproveEvidence,10,10,5,0
roots10_run08,8,after:ProfessorAgent.t_ApproveEvidence,10,10,5,0
roots10_run08,9,after:ProfessorAgent.t_ApproveEvidence,10,10,5,0
roots10_run08,0,after:UniversityAgent.t_VerifyEvidence,10,10,5,0
roots10_run08,1,after:UniversityAgent.t_VerifyEvidence,10,10,5,0
roots10_run08,2,after:UniversityAgent.t_VerifyEvidence,10,10,5,0
roots10_run08,3,after:UniversityAgent.t_VerifyEvidence,10,10,5,0
roots10_run08,4,after:UniversityAgent.t_VerifyEvidence,10,10,5,0
roots10_run08,5,after:UniversityAgent.t_VerifyEvidence,10,10,5,0
roots10_run08,6,after:UniversityAgent.t_VerifyEvidence,10,10,5,0
roots10_run08,7,after:UniversityAgent.t_VerifyEvidence,10,10,5,0
roots10_run08,8,after:UniversityAgent.t_VerifyEvidence,10,10,5,0
roots10_run08,9,after:UniversityAgent.t_VerifyEvidence,10,10,5,0
roots10_run08,0,after:UniversityAgent.t_RequestCredential,11,11,7,0
roots10_run08,1,after:UniversityAgent.t_RequestCredential,11,11,7,0
roots10_run08,2,after:UniversityAgent.t_RequestCredential,11,11,7,0
roots10_run08,3,after:UniversityAgent.t_RequestCredential,11,11,7,0
roots10_run08,4,after:UniversityAgent.t_RequestCredential,11,11,7,0
roots10_run08,5,after:UniversityAgent.t_RequestCredential,11,11,7,0
roots10_run08,6,after:UniversityAgent.t_RequestCredential,11,11,7,0
roots10_run08,7,after:UniversityAgent.t_RequestCredential,11,11,7,0
roots10_run08,8,after:UniversityAgent.t_RequestCredential,11,11,7,0
roots10_run08,9,after:UniversityAgent.t_RequestCredential,11,11,7,0
roots10_run08,0,after:CompetencyNet.t_Verification_Pass,11,11,7,0
roots10_run08,1,after:CompetencyNet.t_Verification_Pass,11,11,7,0
roots10_run08,2,after:CompetencyNet.t_Verification_Pass,11,11,7,0
roots10_run08,3,after:CompetencyNet.t_Verification_Pass,11,11,7,0
roots10_run08,4,after:CompetencyNet.t_Verification_Pass,11,11,7,0
roots10_run08,5,after:CompetencyNet.t_Verification_Pass,11,11,7,0
roots10_run08,6,after:CompetencyNet.t_Verification_Pass,11,11,7,0
roots10_run08,7,after:CompetencyNet.t_Verification_Pass,11,11,7,0
roots10_run08,8,after:CompetencyNet.t_Verification_Pass,11,11,7,0
roots10_run08,9,after:CompetencyNet.t_Verification_Pass,11,11,7,0
roots10_run08,0,after:UniversityAgent.t_IssueCredential,11,11,8,0
roots10_run08,1,after:UniversityAgent.t_IssueCredential,11,11,8,0
roots10_run08,2,after:UniversityAgent.t_IssueCredential,11,11,8,0
roots10_run08,3,after:UniversityAgent.t_IssueCredential,11,11,8,0
roots10_run08,4,after:UniversityAgent.t_IssueCredential,11,11,8,0
roots10_run08,5,after:UniversityAgent.t_IssueCredential,11,11,8,0
roots10_run08,6,after:UniversityAgent.t_IssueCredential,11,11,8,0
roots10_run08,7,after:UniversityAgent.t_IssueCredential,11,11,8,0
roots10_run08,8,after:UniversityAgent.t_IssueCredential,11,11,8,0
roots10_run08,9,after:UniversityAgent.t_IssueCredential,11,11,8,0
roots10_run08,0,after:StudentAgent.t_WaitCredential,11,11,8,0
roots10_run08,1,after:StudentAgent.t_WaitCredential,11,11,8,0
roots10_run08,2,after:StudentAgent.t_WaitCredential,11,11,8,0
roots10_run08,3,after:StudentAgent.t_WaitCredential,11,11,8,0
roots10_run08,4,after:StudentAgent.t_WaitCredential,11,11,8,0
roots10_run08,5,after:StudentAgent.t_WaitCredential,11,11,8,0
roots10_run08,6,after:StudentAgent.t_WaitCredential,11,11,8,0
roots10_run08,7,after:StudentAgent.t_WaitCredential,11,11,8,0
roots10_run08,8,after:StudentAgent.t_WaitCredential,11,11,8,0
roots10_run08,9,after:StudentAgent.t_WaitCredential,11,11,8,0
roots10_run08,0,after:StudentAgent.t_ReceiveCredential,11,11,8,0
roots10_run08,1,after:StudentAgent.t_ReceiveCredential,11,11,8,0
roots10_run08,2,after:StudentAgent.t_ReceiveCredential,11,11,8,0
roots10_run08,3,after:StudentAgent.t_ReceiveCredential,11,11,8,0
roots10_run08,4,after:StudentAgent.t_ReceiveCredential,11,11,8,0
roots10_run08,5,after:StudentAgent.t_ReceiveCredential,11,11,8,0
roots10_run08,6,after:StudentAgent.t_ReceiveCredential,11,11,8,0
roots10_run08,7,after:StudentAgent.t_ReceiveCredential,11,11,8,0
roots10_run08,8,after:StudentAgent.t_ReceiveCredential,11,11,8,0
roots10_run08,9,after:StudentAgent.t_ReceiveCredential,11,11,8,0
roots10_run08,0,after:StudentAgent.t_AcceptCredential,11,11,9,0
roots10_run08,1,after:StudentAgent.t_AcceptCredential,11,11,9,0
roots10_run08,2,after:StudentAgent.t_AcceptCredential,11,11,9,0
roots10_run08,3,after:StudentAgent.t_AcceptCredential,11,11,9,0
roots10_run08,4,after:StudentAgent.t_AcceptCredential,11,11,9,0
roots10_run08,5,after:StudentAgent.t_AcceptCredential,11,11,9,0
roots10_run08,6,after:StudentAgent.t_AcceptCredential,11,11,9,0
roots10_run08,7,after:StudentAgent.t_AcceptCredential,11,11,9,0
roots10_run08,8,after:StudentAgent.t_AcceptCredential,11,11,9,0
roots10_run08,9,after:StudentAgent.t_AcceptCredential,11,11,9,0
roots10_run08,0,after:HEDULedgerNet.t_Order,11,11,9,0
roots10_run08,1,after:HEDULedgerNet.t_Order,11,11,9,0
roots10_run08,2,after:HEDULedgerNet.t_Order,11,11,9,0
roots10_run08,3,after:HEDULedgerNet.t_Order,11,11,9,0
roots10_run08,4,after:HEDULedgerNet.t_Order,11,11,9,0
roots10_run08,5,after:HEDULedgerNet.t_Order,11,11,9,0
roots10_run08,6,after:HEDULedgerNet.t_Order,11,11,9,0
roots10_run08,7,after:HEDULedgerNet.t_Order,11,11,9,0
roots10_run08,8,after:HEDULedgerNet.t_Order,11,11,9,0
roots10_run08,9,after:HEDULedgerNet.t_Order,11,11,9,0
roots10_run08,0,after:HEDULedgerNet.t_Validate,11,11,9,0
roots10_run08,1,after:HEDULedgerNet.t_Validate,11,11,9,0
roots10_run08,2,after:HEDULedgerNet.t_Validate,11,11,9,0
roots10_run08,3,after:HEDULedgerNet.t_Validate,11,11,9,0
roots10_run08,4,after:HEDULedgerNet.t_Validate,11,11,9,0
roots10_run08,5,after:HEDULedgerNet.t_Validate,11,11,9,0
roots10_run08,6,after:HEDULedgerNet.t_Validate,11,11,9,0
roots10_run08,7,after:HEDULedgerNet.t_Validate,11,11,9,0
roots10_run08,8,after:HEDULedgerNet.t_Validate,11,11,9,0
roots10_run08,9,after:HEDULedgerNet.t_Validate,11,11,9,0
roots10_run08,0,after:HEDULedgerNet.t_Commit,11,11,9,0
roots10_run08,1,after:HEDULedgerNet.t_Commit,11,11,9,0
roots10_run08,2,after:HEDULedgerNet.t_Commit,11,11,9,0
roots10_run08,3,after:HEDULedgerNet.t_Commit,11,11,9,0
roots10_run08,4,after:HEDULedgerNet.t_Commit,11,11,9,0
roots10_run08,5,after:HEDULedgerNet.t_Commit,11,11,9,0
roots10_run08,6,after:HEDULedgerNet.t_Commit,11,11,9,0
roots10_run08,7,after:HEDULedgerNet.t_Commit,11,11,9,0
roots10_run08,8,after:HEDULedgerNet.t_Commit,11,11,9,0
roots10_run08,9,after:HEDULedgerNet.t_Commit,11,11,9,0
roots10_run08,0,after:HEDULedgerNet.t_Anchor,11,11,9,0
roots10_run08,1,after:HEDULedgerNet.t_Anchor,11,11,9,0
roots10_run08,2,after:HEDULedgerNet.t_Anchor,11,11,9,0
roots10_run08,3,after:HEDULedgerNet.t_Anchor,11,11,9,0
roots10_run08,4,after:HEDULedgerNet.t_Anchor,11,11,9,0
roots10_run08,5,after:HEDULedgerNet.t_Anchor,11,11,9,0
roots10_run08,6,after:HEDULedgerNet.t_Anchor,11,11,9,0
roots10_run08,7,after:HEDULedgerNet.t_Anchor,11,11,9,0
roots10_run08,8,after:HEDULedgerNet.t_Anchor,11,11,9,0
roots10_run08,9,after:HEDULedgerNet.t_Anchor,11,11,9,0
roots10_run08,0,after:StudentAgent.t_GenerateVP,11,11,9,0
roots10_run08,1,after:StudentAgent.t_GenerateVP,11,11,9,0
roots10_run08,2,after:StudentAgent.t_GenerateVP,11,11,9,0
roots10_run08,3,after:StudentAgent.t_GenerateVP,11,11,9,0
roots10_run08,4,after:StudentAgent.t_GenerateVP,11,11,9,0
roots10_run08,5,after:StudentAgent.t_GenerateVP,11,11,9,0
roots10_run08,6,after:StudentAgent.t_GenerateVP,11,11,9,0
roots10_run08,7,after:StudentAgent.t_GenerateVP,11,11,9,0
roots10_run08,8,after:StudentAgent.t_GenerateVP,11,11,9,0
roots10_run08,9,after:StudentAgent.t_GenerateVP,11,11,9,0
roots10_run08,0,after:StudentAgent.t_ShareVP,11,11,10,0
roots10_run08,1,after:StudentAgent.t_ShareVP,11,11,10,0
roots10_run08,2,after:StudentAgent.t_ShareVP,11,11,10,0
roots10_run08,3,after:StudentAgent.t_ShareVP,11,11,10,0
roots10_run08,4,after:StudentAgent.t_ShareVP,11,11,10,0
roots10_run08,5,after:StudentAgent.t_ShareVP,11,11,10,0
roots10_run08,6,after:StudentAgent.t_ShareVP,11,11,10,0
roots10_run08,7,after:StudentAgent.t_ShareVP,11,11,10,0
roots10_run08,8,after:StudentAgent.t_ShareVP,11,11,10,0
roots10_run08,9,after:StudentAgent.t_ShareVP,11,11,10,0
roots10_run08,0,after:HRAgent.t_ParseVP,11,11,10,0
roots10_run08,1,after:HRAgent.t_ParseVP,11,11,10,0
roots10_run08,2,after:HRAgent.t_ParseVP,11,11,10,0
roots10_run08,3,after:HRAgent.t_ParseVP,11,11,10,0
roots10_run08,4,after:HRAgent.t_ParseVP,11,11,10,0
roots10_run08,5,after:HRAgent.t_ParseVP,11,11,10,0
roots10_run08,6,after:HRAgent.t_ParseVP,11,11,10,0
roots10_run08,7,after:HRAgent.t_ParseVP,11,11,10,0
roots10_run08,8,after:HRAgent.t_ParseVP,11,11,10,0
roots10_run08,9,after:HRAgent.t_ParseVP,11,11,10,0
roots10_run08,0,after:CompetencyNet.t_Agg_Ingest,11,11,10,0
roots10_run08,1,after:CompetencyNet.t_Agg_Ingest,11,11,10,0
roots10_run08,2,after:CompetencyNet.t_Agg_Ingest,11,11,10,0
roots10_run08,3,after:CompetencyNet.t_Agg_Ingest,11,11,10,0
roots10_run08,4,after:CompetencyNet.t_Agg_Ingest,11,11,10,0
roots10_run08,5,after:CompetencyNet.t_Agg_Ingest,11,11,10,0
roots10_run08,6,after:CompetencyNet.t_Agg_Ingest,11,11,10,0
roots10_run08,7,after:CompetencyNet.t_Agg_Ingest,11,11,10,0
roots10_run08,8,after:CompetencyNet.t_Agg_Ingest,11,11,10,0
roots10_run08,9,after:CompetencyNet.t_Agg_Ingest,11,11,10,0
roots10_run08,0,after:HRAgent.t_SemanticMatch,11,11,10,0
roots10_run08,1,after:HRAgent.t_SemanticMatch,11,11,10,0
roots10_run08,2,after:HRAgent.t_SemanticMatch,11,11,10,0
roots10_run08,3,after:HRAgent.t_SemanticMatch,11,11,10,0
roots10_run08,4,after:HRAgent.t_SemanticMatch,11,11,10,0
roots10_run08,5,after:HRAgent.t_SemanticMatch,11,11,10,0
roots10_run08,6,after:HRAgent.t_SemanticMatch,11,11,10,0
roots10_run08,7,after:HRAgent.t_SemanticMatch,11,11,10,0
roots10_run08,8,after:HRAgent.t_SemanticMatch,11,11,10,0
roots10_run08,9,after:HRAgent.t_SemanticMatch,11,11,10,0
roots10_run08,0,after:HRAgent.t_GapAnalysis,11,11,10,0
roots10_run08,1,after:HRAgent.t_GapAnalysis,11,11,10,0
roots10_run08,2,after:HRAgent.t_GapAnalysis,11,11,10,0
roots10_run08,3,after:HRAgent.t_GapAnalysis,11,11,10,0
roots10_run08,4,after:HRAgent.t_GapAnalysis,11,11,10,0
roots10_run08,5,after:HRAgent.t_GapAnalysis,11,11,10,0
roots10_run08,6,after:HRAgent.t_GapAnalysis,11,11,10,0
roots10_run08,7,after:HRAgent.t_GapAnalysis,11,11,10,0
roots10_run08,8,after:HRAgent.t_GapAnalysis,11,11,10,0
roots10_run08,9,after:HRAgent.t_GapAnalysis,11,11,10,0
roots10_run08,0,after:HRAgent.t_GenerateResult,11,11,10,0
roots10_run08,1,after:HRAgent.t_GenerateResult,11,11,10,0
roots10_run08,2,after:HRAgent.t_GenerateResult,11,11,10,0
roots10_run08,3,after:HRAgent.t_GenerateResult,11,11,10,0
roots10_run08,4,after:HRAgent.t_GenerateResult,11,11,10,0
roots10_run08,5,after:HRAgent.t_GenerateResult,11,11,10,0
roots10_run08,6,after:HRAgent.t_GenerateResult,11,11,10,0
roots10_run08,7,after:HRAgent.t_GenerateResult,11,11,10,0
roots10_run08,8,after:HRAgent.t_GenerateResult,11,11,10,0
roots10_run08,9,after:HRAgent.t_GenerateResult,11,11,10,0
roots10_run08,0,after:WalletNet.t_GenerateVP,11,11,10,0
roots10_run08,1,after:WalletNet.t_GenerateVP,11,11,10,0
roots10_run08,2,after:WalletNet.t_GenerateVP,11,11,10,0
roots10_run08,3,after:WalletNet.t_GenerateVP,11,11,10,0
roots10_run08,4,after:WalletNet.t_GenerateVP,11,11,10,0
roots10_run08,5,after:WalletNet.t_GenerateVP,11,11,10,0
roots10_run08,6,after:WalletNet.t_GenerateVP,11,11,10,0
roots10_run08,7,after:WalletNet.t_GenerateVP,11,11,10,0
roots10_run08,8,after:WalletNet.t_GenerateVP,11,11,10,0
roots10_run08,9,after:WalletNet.t_GenerateVP,11,11,10,0
roots10_run08,0,after:WalletNet.t_ShareVP,11,11,10,0
roots10_run08,1,after:WalletNet.t_ShareVP,11,11,10,0
roots10_run08,2,after:WalletNet.t_ShareVP,11,11,10,0
roots10_run08,3,after:WalletNet.t_ShareVP,11,11,10,0
roots10_run08,4,after:WalletNet.t_ShareVP,11,11,10,0
roots10_run08,5,after:WalletNet.t_ShareVP,11,11,10,0
roots10_run08,6,after:WalletNet.t_ShareVP,11,11,10,0
roots10_run08,7,after:WalletNet.t_ShareVP,11,11,10,0
roots10_run08,8,after:WalletNet.t_ShareVP,11,11,10,0
roots10_run08,9,after:WalletNet.t_ShareVP,11,11,10,0
roots10_run08,0,terminal,11,11,10,0
roots10_run08,1,terminal,11,11,10,0
roots10_run08,2,terminal,11,11,10,0
roots10_run08,3,terminal,11,11,10,0
roots10_run08,4,terminal,11,11,10,0
roots10_run08,5,terminal,11,11,10,0
roots10_run08,6,terminal,11,11,10,0
roots10_run08,7,terminal,11,11,10,0
roots10_run08,8,terminal,11,11,10,0
roots10_run08,9,terminal,11,11,10,0
roots10_run09,0,creation,9,9,1,0
roots10_run09,1,creation,9,9,1,0
roots10_run09,2,creation,9,9,1,0
roots10_run09,3,creation,9,9,1,0
roots10_run09,4,creation,9,9,1,0
roots10_run09,5,creation,9,9,1,0
roots10_run09,6,creation,9,9,1,0
roots10_run09,7,creation,9,9,1,0
roots10_run09,8,creation,9,9,1,0
roots10_run09,9,creation,9,9,1,0
roots10_run09,0,after:StudentAgent.t_SubmitEvidence,10,10,4,0
roots10_run09,1,after:StudentAgent.t_SubmitEvidence,10,10,4,0
roots10_run09,2,after:StudentAgent.t_SubmitEvidence,10,10,4,0
roots10_run09,3,after:StudentAgent.t_SubmitEvidence,10,10,4,0
roots10_run09,4,after:StudentAgent.t_SubmitEvidence,10,10,4,0
roots10_run09,5,after:StudentAgent.t_SubmitEvidence,10,10,4,0
roots10_run09,6,after:StudentAgent.t_SubmitEvidence,10,10,4,0
roots10_run09,7,after:StudentAgent.t_SubmitEvidence,10,10,4,0
roots10_run09,8,after:StudentAgent.t_SubmitEvidence,10,10,4,0
roots10_run09,9,after:StudentAgent.t_SubmitEvidence,10,10,4,0
roots10_run09,0,after:EvidenceNet.t_LMS_Submit,10,10,4,0
roots10_run09,1,after:EvidenceNet.t_LMS_Submit,10,10,4,0
roots10_run09,2,after:EvidenceNet.t_LMS_Submit,10,10,4,0
roots10_run09,3,after:EvidenceNet.t_LMS_Submit,10,10,4,0
roots10_run09,4,after:EvidenceNet.t_LMS_Submit,10,10,4,0
roots10_run09,5,after:EvidenceNet.t_LMS_Submit,10,10,4,0
roots10_run09,6,after:EvidenceNet.t_LMS_Submit,10,10,4,0
roots10_run09,7,after:EvidenceNet.t_LMS_Submit,10,10,4,0
roots10_run09,8,after:EvidenceNet.t_LMS_Submit,10,10,4,0
roots10_run09,9,after:EvidenceNet.t_LMS_Submit,10,10,4,0
roots10_run09,0,after:EvidenceNet.t_Review_Request,10,10,4,0
roots10_run09,1,after:EvidenceNet.t_Review_Request,10,10,4,0
roots10_run09,2,after:EvidenceNet.t_Review_Request,10,10,4,0
roots10_run09,3,after:EvidenceNet.t_Review_Request,10,10,4,0
roots10_run09,4,after:EvidenceNet.t_Review_Request,10,10,4,0
roots10_run09,5,after:EvidenceNet.t_Review_Request,10,10,4,0
roots10_run09,6,after:EvidenceNet.t_Review_Request,10,10,4,0
roots10_run09,7,after:EvidenceNet.t_Review_Request,10,10,4,0
roots10_run09,8,after:EvidenceNet.t_Review_Request,10,10,4,0
roots10_run09,9,after:EvidenceNet.t_Review_Request,10,10,4,0
roots10_run09,0,after:ProfessorAgent.t_StartReview,10,10,4,0
roots10_run09,1,after:ProfessorAgent.t_StartReview,10,10,4,0
roots10_run09,2,after:ProfessorAgent.t_StartReview,10,10,4,0
roots10_run09,3,after:ProfessorAgent.t_StartReview,10,10,4,0
roots10_run09,4,after:ProfessorAgent.t_StartReview,10,10,4,0
roots10_run09,5,after:ProfessorAgent.t_StartReview,10,10,4,0
roots10_run09,6,after:ProfessorAgent.t_StartReview,10,10,4,0
roots10_run09,7,after:ProfessorAgent.t_StartReview,10,10,4,0
roots10_run09,8,after:ProfessorAgent.t_StartReview,10,10,4,0
roots10_run09,9,after:ProfessorAgent.t_StartReview,10,10,4,0
roots10_run09,0,after:ProfessorAgent.t_AssessEvidence,10,10,4,0
roots10_run09,1,after:ProfessorAgent.t_AssessEvidence,10,10,4,0
roots10_run09,2,after:ProfessorAgent.t_AssessEvidence,10,10,4,0
roots10_run09,3,after:ProfessorAgent.t_AssessEvidence,10,10,4,0
roots10_run09,4,after:ProfessorAgent.t_AssessEvidence,10,10,4,0
roots10_run09,5,after:ProfessorAgent.t_AssessEvidence,10,10,4,0
roots10_run09,6,after:ProfessorAgent.t_AssessEvidence,10,10,4,0
roots10_run09,7,after:ProfessorAgent.t_AssessEvidence,10,10,4,0
roots10_run09,8,after:ProfessorAgent.t_AssessEvidence,10,10,4,0
roots10_run09,9,after:ProfessorAgent.t_AssessEvidence,10,10,4,0
roots10_run09,0,after:ProfessorAgent.t_ApproveEvidence,10,10,5,0
roots10_run09,1,after:ProfessorAgent.t_ApproveEvidence,10,10,5,0
roots10_run09,2,after:ProfessorAgent.t_ApproveEvidence,10,10,5,0
roots10_run09,3,after:ProfessorAgent.t_ApproveEvidence,10,10,5,0
roots10_run09,4,after:ProfessorAgent.t_ApproveEvidence,10,10,5,0
roots10_run09,5,after:ProfessorAgent.t_ApproveEvidence,10,10,5,0
roots10_run09,6,after:ProfessorAgent.t_ApproveEvidence,10,10,5,0
roots10_run09,7,after:ProfessorAgent.t_ApproveEvidence,10,10,5,0
roots10_run09,8,after:ProfessorAgent.t_ApproveEvidence,10,10,5,0
roots10_run09,9,after:ProfessorAgent.t_ApproveEvidence,10,10,5,0
roots10_run09,0,after:UniversityAgent.t_VerifyEvidence,10,10,5,0
roots10_run09,1,after:UniversityAgent.t_VerifyEvidence,10,10,5,0
roots10_run09,2,after:UniversityAgent.t_VerifyEvidence,10,10,5,0
roots10_run09,3,after:UniversityAgent.t_VerifyEvidence,10,10,5,0
roots10_run09,4,after:UniversityAgent.t_VerifyEvidence,10,10,5,0
roots10_run09,5,after:UniversityAgent.t_VerifyEvidence,10,10,5,0
roots10_run09,6,after:UniversityAgent.t_VerifyEvidence,10,10,5,0
roots10_run09,7,after:UniversityAgent.t_VerifyEvidence,10,10,5,0
roots10_run09,8,after:UniversityAgent.t_VerifyEvidence,10,10,5,0
roots10_run09,9,after:UniversityAgent.t_VerifyEvidence,10,10,5,0
roots10_run09,0,after:UniversityAgent.t_RequestCredential,11,11,7,0
roots10_run09,1,after:UniversityAgent.t_RequestCredential,11,11,7,0
roots10_run09,2,after:UniversityAgent.t_RequestCredential,11,11,7,0
roots10_run09,3,after:UniversityAgent.t_RequestCredential,11,11,7,0
roots10_run09,4,after:UniversityAgent.t_RequestCredential,11,11,7,0
roots10_run09,5,after:UniversityAgent.t_RequestCredential,11,11,7,0
roots10_run09,6,after:UniversityAgent.t_RequestCredential,11,11,7,0
roots10_run09,7,after:UniversityAgent.t_RequestCredential,11,11,7,0
roots10_run09,8,after:UniversityAgent.t_RequestCredential,11,11,7,0
roots10_run09,9,after:UniversityAgent.t_RequestCredential,11,11,7,0
roots10_run09,0,after:CompetencyNet.t_Verification_Pass,11,11,7,0
roots10_run09,1,after:CompetencyNet.t_Verification_Pass,11,11,7,0
roots10_run09,2,after:CompetencyNet.t_Verification_Pass,11,11,7,0
roots10_run09,3,after:CompetencyNet.t_Verification_Pass,11,11,7,0
roots10_run09,4,after:CompetencyNet.t_Verification_Pass,11,11,7,0
roots10_run09,5,after:CompetencyNet.t_Verification_Pass,11,11,7,0
roots10_run09,6,after:CompetencyNet.t_Verification_Pass,11,11,7,0
roots10_run09,7,after:CompetencyNet.t_Verification_Pass,11,11,7,0
roots10_run09,8,after:CompetencyNet.t_Verification_Pass,11,11,7,0
roots10_run09,9,after:CompetencyNet.t_Verification_Pass,11,11,7,0
roots10_run09,0,after:UniversityAgent.t_IssueCredential,11,11,8,0
roots10_run09,1,after:UniversityAgent.t_IssueCredential,11,11,8,0
roots10_run09,2,after:UniversityAgent.t_IssueCredential,11,11,8,0
roots10_run09,3,after:UniversityAgent.t_IssueCredential,11,11,8,0
roots10_run09,4,after:UniversityAgent.t_IssueCredential,11,11,8,0
roots10_run09,5,after:UniversityAgent.t_IssueCredential,11,11,8,0
roots10_run09,6,after:UniversityAgent.t_IssueCredential,11,11,8,0
roots10_run09,7,after:UniversityAgent.t_IssueCredential,11,11,8,0
roots10_run09,8,after:UniversityAgent.t_IssueCredential,11,11,8,0
roots10_run09,9,after:UniversityAgent.t_IssueCredential,11,11,8,0
roots10_run09,0,after:StudentAgent.t_WaitCredential,11,11,8,0
roots10_run09,1,after:StudentAgent.t_WaitCredential,11,11,8,0
roots10_run09,2,after:StudentAgent.t_WaitCredential,11,11,8,0
roots10_run09,3,after:StudentAgent.t_WaitCredential,11,11,8,0
roots10_run09,4,after:StudentAgent.t_WaitCredential,11,11,8,0
roots10_run09,5,after:StudentAgent.t_WaitCredential,11,11,8,0
roots10_run09,6,after:StudentAgent.t_WaitCredential,11,11,8,0
roots10_run09,7,after:StudentAgent.t_WaitCredential,11,11,8,0
roots10_run09,8,after:StudentAgent.t_WaitCredential,11,11,8,0
roots10_run09,9,after:StudentAgent.t_WaitCredential,11,11,8,0
roots10_run09,0,after:StudentAgent.t_ReceiveCredential,11,11,8,0
roots10_run09,1,after:StudentAgent.t_ReceiveCredential,11,11,8,0
roots10_run09,2,after:StudentAgent.t_ReceiveCredential,11,11,8,0
roots10_run09,3,after:StudentAgent.t_ReceiveCredential,11,11,8,0
roots10_run09,4,after:StudentAgent.t_ReceiveCredential,11,11,8,0
roots10_run09,5,after:StudentAgent.t_ReceiveCredential,11,11,8,0
roots10_run09,6,after:StudentAgent.t_ReceiveCredential,11,11,8,0
roots10_run09,7,after:StudentAgent.t_ReceiveCredential,11,11,8,0
roots10_run09,8,after:StudentAgent.t_ReceiveCredential,11,11,8,0
roots10_run09,9,after:StudentAgent.t_ReceiveCredential,11,11,8,0
roots10_run09,0,after:StudentAgent.t_AcceptCredential,11,11,9,0
roots10_run09,1,after:StudentAgent.t_AcceptCredential,11,11,9,0
roots10_run09,2,after:StudentAgent.t_AcceptCredential,11,11,9,0
roots10_run09,3,after:StudentAgent.t_AcceptCredential,11,11,9,0
roots10_run09,4,after:StudentAgent.t_AcceptCredential,11,11,9,0
roots10_run09,5,after:StudentAgent.t_AcceptCredential,11,11,9,0
roots10_run09,6,after:StudentAgent.t_AcceptCredential,11,11,9,0
roots10_run09,7,after:StudentAgent.t_AcceptCredential,11,11,9,0
roots10_run09,8,after:StudentAgent.t_AcceptCredential,11,11,9,0
roots10_run09,9,after:StudentAgent.t_AcceptCredential,11,11,9,0
roots10_run09,0,after:HEDULedgerNet.t_Order,11,11,9,0
roots10_run09,1,after:HEDULedgerNet.t_Order,11,11,9,0
roots10_run09,2,after:HEDULedgerNet.t_Order,11,11,9,0
roots10_run09,3,after:HEDULedgerNet.t_Order,11,11,9,0
roots10_run09,4,after:HEDULedgerNet.t_Order,11,11,9,0
roots10_run09,5,after:HEDULedgerNet.t_Order,11,11,9,0
roots10_run09,6,after:HEDULedgerNet.t_Order,11,11,9,0
roots10_run09,7,after:HEDULedgerNet.t_Order,11,11,9,0
roots10_run09,8,after:HEDULedgerNet.t_Order,11,11,9,0
roots10_run09,9,after:HEDULedgerNet.t_Order,11,11,9,0
roots10_run09,0,after:HEDULedgerNet.t_Validate,11,11,9,0
roots10_run09,1,after:HEDULedgerNet.t_Validate,11,11,9,0
roots10_run09,2,after:HEDULedgerNet.t_Validate,11,11,9,0
roots10_run09,3,after:HEDULedgerNet.t_Validate,11,11,9,0
roots10_run09,4,after:HEDULedgerNet.t_Validate,11,11,9,0
roots10_run09,5,after:HEDULedgerNet.t_Validate,11,11,9,0
roots10_run09,6,after:HEDULedgerNet.t_Validate,11,11,9,0
roots10_run09,7,after:HEDULedgerNet.t_Validate,11,11,9,0
roots10_run09,8,after:HEDULedgerNet.t_Validate,11,11,9,0
roots10_run09,9,after:HEDULedgerNet.t_Validate,11,11,9,0
roots10_run09,0,after:HEDULedgerNet.t_Commit,11,11,9,0
roots10_run09,1,after:HEDULedgerNet.t_Commit,11,11,9,0
roots10_run09,2,after:HEDULedgerNet.t_Commit,11,11,9,0
roots10_run09,3,after:HEDULedgerNet.t_Commit,11,11,9,0
roots10_run09,4,after:HEDULedgerNet.t_Commit,11,11,9,0
roots10_run09,5,after:HEDULedgerNet.t_Commit,11,11,9,0
roots10_run09,6,after:HEDULedgerNet.t_Commit,11,11,9,0
roots10_run09,7,after:HEDULedgerNet.t_Commit,11,11,9,0
roots10_run09,8,after:HEDULedgerNet.t_Commit,11,11,9,0
roots10_run09,9,after:HEDULedgerNet.t_Commit,11,11,9,0
roots10_run09,0,after:HEDULedgerNet.t_Anchor,11,11,9,0
roots10_run09,1,after:HEDULedgerNet.t_Anchor,11,11,9,0
roots10_run09,2,after:HEDULedgerNet.t_Anchor,11,11,9,0
roots10_run09,3,after:HEDULedgerNet.t_Anchor,11,11,9,0
roots10_run09,4,after:HEDULedgerNet.t_Anchor,11,11,9,0
roots10_run09,5,after:HEDULedgerNet.t_Anchor,11,11,9,0
roots10_run09,6,after:HEDULedgerNet.t_Anchor,11,11,9,0
roots10_run09,7,after:HEDULedgerNet.t_Anchor,11,11,9,0
roots10_run09,8,after:HEDULedgerNet.t_Anchor,11,11,9,0
roots10_run09,9,after:HEDULedgerNet.t_Anchor,11,11,9,0
roots10_run09,0,after:StudentAgent.t_GenerateVP,11,11,9,0
roots10_run09,1,after:StudentAgent.t_GenerateVP,11,11,9,0
roots10_run09,2,after:StudentAgent.t_GenerateVP,11,11,9,0
roots10_run09,3,after:StudentAgent.t_GenerateVP,11,11,9,0
roots10_run09,4,after:StudentAgent.t_GenerateVP,11,11,9,0
roots10_run09,5,after:StudentAgent.t_GenerateVP,11,11,9,0
roots10_run09,6,after:StudentAgent.t_GenerateVP,11,11,9,0
roots10_run09,7,after:StudentAgent.t_GenerateVP,11,11,9,0
roots10_run09,8,after:StudentAgent.t_GenerateVP,11,11,9,0
roots10_run09,9,after:StudentAgent.t_GenerateVP,11,11,9,0
roots10_run09,0,after:StudentAgent.t_ShareVP,11,11,10,0
roots10_run09,1,after:StudentAgent.t_ShareVP,11,11,10,0
roots10_run09,2,after:StudentAgent.t_ShareVP,11,11,10,0
roots10_run09,3,after:StudentAgent.t_ShareVP,11,11,10,0
roots10_run09,4,after:StudentAgent.t_ShareVP,11,11,10,0
roots10_run09,5,after:StudentAgent.t_ShareVP,11,11,10,0
roots10_run09,6,after:StudentAgent.t_ShareVP,11,11,10,0
roots10_run09,7,after:StudentAgent.t_ShareVP,11,11,10,0
roots10_run09,8,after:StudentAgent.t_ShareVP,11,11,10,0
roots10_run09,9,after:StudentAgent.t_ShareVP,11,11,10,0
roots10_run09,0,after:HRAgent.t_ParseVP,11,11,10,0
roots10_run09,1,after:HRAgent.t_ParseVP,11,11,10,0
roots10_run09,2,after:HRAgent.t_ParseVP,11,11,10,0
roots10_run09,3,after:HRAgent.t_ParseVP,11,11,10,0
roots10_run09,4,after:HRAgent.t_ParseVP,11,11,10,0
roots10_run09,5,after:HRAgent.t_ParseVP,11,11,10,0
roots10_run09,6,after:HRAgent.t_ParseVP,11,11,10,0
roots10_run09,7,after:HRAgent.t_ParseVP,11,11,10,0
roots10_run09,8,after:HRAgent.t_ParseVP,11,11,10,0
roots10_run09,9,after:HRAgent.t_ParseVP,11,11,10,0
roots10_run09,0,after:CompetencyNet.t_Agg_Ingest,11,11,10,0
roots10_run09,1,after:CompetencyNet.t_Agg_Ingest,11,11,10,0
roots10_run09,2,after:CompetencyNet.t_Agg_Ingest,11,11,10,0
roots10_run09,3,after:CompetencyNet.t_Agg_Ingest,11,11,10,0
roots10_run09,4,after:CompetencyNet.t_Agg_Ingest,11,11,10,0
roots10_run09,5,after:CompetencyNet.t_Agg_Ingest,11,11,10,0
roots10_run09,6,after:CompetencyNet.t_Agg_Ingest,11,11,10,0
roots10_run09,7,after:CompetencyNet.t_Agg_Ingest,11,11,10,0
roots10_run09,8,after:CompetencyNet.t_Agg_Ingest,11,11,10,0
roots10_run09,9,after:CompetencyNet.t_Agg_Ingest,11,11,10,0
roots10_run09,0,after:HRAgent.t_SemanticMatch,11,11,10,0
roots10_run09,1,after:HRAgent.t_SemanticMatch,11,11,10,0
roots10_run09,2,after:HRAgent.t_SemanticMatch,11,11,10,0
roots10_run09,3,after:HRAgent.t_SemanticMatch,11,11,10,0
roots10_run09,4,after:HRAgent.t_SemanticMatch,11,11,10,0
roots10_run09,5,after:HRAgent.t_SemanticMatch,11,11,10,0
roots10_run09,6,after:HRAgent.t_SemanticMatch,11,11,10,0
roots10_run09,7,after:HRAgent.t_SemanticMatch,11,11,10,0
roots10_run09,8,after:HRAgent.t_SemanticMatch,11,11,10,0
roots10_run09,9,after:HRAgent.t_SemanticMatch,11,11,10,0
roots10_run09,0,after:HRAgent.t_GapAnalysis,11,11,10,0
roots10_run09,1,after:HRAgent.t_GapAnalysis,11,11,10,0
roots10_run09,2,after:HRAgent.t_GapAnalysis,11,11,10,0
roots10_run09,3,after:HRAgent.t_GapAnalysis,11,11,10,0
roots10_run09,4,after:HRAgent.t_GapAnalysis,11,11,10,0
roots10_run09,5,after:HRAgent.t_GapAnalysis,11,11,10,0
roots10_run09,6,after:HRAgent.t_GapAnalysis,11,11,10,0
roots10_run09,7,after:HRAgent.t_GapAnalysis,11,11,10,0
roots10_run09,8,after:HRAgent.t_GapAnalysis,11,11,10,0
roots10_run09,9,after:HRAgent.t_GapAnalysis,11,11,10,0
roots10_run09,0,after:HRAgent.t_GenerateResult,11,11,10,0
roots10_run09,1,after:HRAgent.t_GenerateResult,11,11,10,0
roots10_run09,2,after:HRAgent.t_GenerateResult,11,11,10,0
roots10_run09,3,after:HRAgent.t_GenerateResult,11,11,10,0
roots10_run09,4,after:HRAgent.t_GenerateResult,11,11,10,0
roots10_run09,5,after:HRAgent.t_GenerateResult,11,11,10,0
roots10_run09,6,after:HRAgent.t_GenerateResult,11,11,10,0
roots10_run09,7,after:HRAgent.t_GenerateResult,11,11,10,0
roots10_run09,8,after:HRAgent.t_GenerateResult,11,11,10,0
roots10_run09,9,after:HRAgent.t_GenerateResult,11,11,10,0
roots10_run09,0,after:WalletNet.t_GenerateVP,11,11,10,0
roots10_run09,1,after:WalletNet.t_GenerateVP,11,11,10,0
roots10_run09,2,after:WalletNet.t_GenerateVP,11,11,10,0
roots10_run09,3,after:WalletNet.t_GenerateVP,11,11,10,0
roots10_run09,4,after:WalletNet.t_GenerateVP,11,11,10,0
roots10_run09,5,after:WalletNet.t_GenerateVP,11,11,10,0
roots10_run09,6,after:WalletNet.t_GenerateVP,11,11,10,0
roots10_run09,7,after:WalletNet.t_GenerateVP,11,11,10,0
roots10_run09,8,after:WalletNet.t_GenerateVP,11,11,10,0
roots10_run09,9,after:WalletNet.t_GenerateVP,11,11,10,0
roots10_run09,0,after:WalletNet.t_ShareVP,11,11,10,0
roots10_run09,1,after:WalletNet.t_ShareVP,11,11,10,0
roots10_run09,2,after:WalletNet.t_ShareVP,11,11,10,0
roots10_run09,3,after:WalletNet.t_ShareVP,11,11,10,0
roots10_run09,4,after:WalletNet.t_ShareVP,11,11,10,0
roots10_run09,5,after:WalletNet.t_ShareVP,11,11,10,0
roots10_run09,6,after:WalletNet.t_ShareVP,11,11,10,0
roots10_run09,7,after:WalletNet.t_ShareVP,11,11,10,0
roots10_run09,8,after:WalletNet.t_ShareVP,11,11,10,0
roots10_run09,9,after:WalletNet.t_ShareVP,11,11,10,0
roots10_run09,0,terminal,11,11,10,0
roots10_run09,1,terminal,11,11,10,0
roots10_run09,2,terminal,11,11,10,0
roots10_run09,3,terminal,11,11,10,0
roots10_run09,4,terminal,11,11,10,0
roots10_run09,5,terminal,11,11,10,0
roots10_run09,6,terminal,11,11,10,0
roots10_run09,7,terminal,11,11,10,0
roots10_run09,8,terminal,11,11,10,0
roots10_run09,9,terminal,11,11,10,0
roots10_run10,0,creation,9,9,1,0
roots10_run10,1,creation,9,9,1,0
roots10_run10,2,creation,9,9,1,0
roots10_run10,3,creation,9,9,1,0
roots10_run10,4,creation,9,9,1,0
roots10_run10,5,creation,9,9,1,0
roots10_run10,6,creation,9,9,1,0
roots10_run10,7,creation,9,9,1,0
roots10_run10,8,creation,9,9,1,0
roots10_run10,9,creation,9,9,1,0
roots10_run10,0,after:StudentAgent.t_SubmitEvidence,10,10,4,0
roots10_run10,1,after:StudentAgent.t_SubmitEvidence,10,10,4,0
roots10_run10,2,after:StudentAgent.t_SubmitEvidence,10,10,4,0
roots10_run10,3,after:StudentAgent.t_SubmitEvidence,10,10,4,0
roots10_run10,4,after:StudentAgent.t_SubmitEvidence,10,10,4,0
roots10_run10,5,after:StudentAgent.t_SubmitEvidence,10,10,4,0
roots10_run10,6,after:StudentAgent.t_SubmitEvidence,10,10,4,0
roots10_run10,7,after:StudentAgent.t_SubmitEvidence,10,10,4,0
roots10_run10,8,after:StudentAgent.t_SubmitEvidence,10,10,4,0
roots10_run10,9,after:StudentAgent.t_SubmitEvidence,10,10,4,0
roots10_run10,0,after:EvidenceNet.t_LMS_Submit,10,10,4,0
roots10_run10,1,after:EvidenceNet.t_LMS_Submit,10,10,4,0
roots10_run10,2,after:EvidenceNet.t_LMS_Submit,10,10,4,0
roots10_run10,3,after:EvidenceNet.t_LMS_Submit,10,10,4,0
roots10_run10,4,after:EvidenceNet.t_LMS_Submit,10,10,4,0
roots10_run10,5,after:EvidenceNet.t_LMS_Submit,10,10,4,0
roots10_run10,6,after:EvidenceNet.t_LMS_Submit,10,10,4,0
roots10_run10,7,after:EvidenceNet.t_LMS_Submit,10,10,4,0
roots10_run10,8,after:EvidenceNet.t_LMS_Submit,10,10,4,0
roots10_run10,9,after:EvidenceNet.t_LMS_Submit,10,10,4,0
roots10_run10,0,after:EvidenceNet.t_Review_Request,10,10,4,0
roots10_run10,1,after:EvidenceNet.t_Review_Request,10,10,4,0
roots10_run10,2,after:EvidenceNet.t_Review_Request,10,10,4,0
roots10_run10,3,after:EvidenceNet.t_Review_Request,10,10,4,0
roots10_run10,4,after:EvidenceNet.t_Review_Request,10,10,4,0
roots10_run10,5,after:EvidenceNet.t_Review_Request,10,10,4,0
roots10_run10,6,after:EvidenceNet.t_Review_Request,10,10,4,0
roots10_run10,7,after:EvidenceNet.t_Review_Request,10,10,4,0
roots10_run10,8,after:EvidenceNet.t_Review_Request,10,10,4,0
roots10_run10,9,after:EvidenceNet.t_Review_Request,10,10,4,0
roots10_run10,0,after:ProfessorAgent.t_StartReview,10,10,4,0
roots10_run10,1,after:ProfessorAgent.t_StartReview,10,10,4,0
roots10_run10,2,after:ProfessorAgent.t_StartReview,10,10,4,0
roots10_run10,3,after:ProfessorAgent.t_StartReview,10,10,4,0
roots10_run10,4,after:ProfessorAgent.t_StartReview,10,10,4,0
roots10_run10,5,after:ProfessorAgent.t_StartReview,10,10,4,0
roots10_run10,6,after:ProfessorAgent.t_StartReview,10,10,4,0
roots10_run10,7,after:ProfessorAgent.t_StartReview,10,10,4,0
roots10_run10,8,after:ProfessorAgent.t_StartReview,10,10,4,0
roots10_run10,9,after:ProfessorAgent.t_StartReview,10,10,4,0
roots10_run10,0,after:ProfessorAgent.t_AssessEvidence,10,10,4,0
roots10_run10,1,after:ProfessorAgent.t_AssessEvidence,10,10,4,0
roots10_run10,2,after:ProfessorAgent.t_AssessEvidence,10,10,4,0
roots10_run10,3,after:ProfessorAgent.t_AssessEvidence,10,10,4,0
roots10_run10,4,after:ProfessorAgent.t_AssessEvidence,10,10,4,0
roots10_run10,5,after:ProfessorAgent.t_AssessEvidence,10,10,4,0
roots10_run10,6,after:ProfessorAgent.t_AssessEvidence,10,10,4,0
roots10_run10,7,after:ProfessorAgent.t_AssessEvidence,10,10,4,0
roots10_run10,8,after:ProfessorAgent.t_AssessEvidence,10,10,4,0
roots10_run10,9,after:ProfessorAgent.t_AssessEvidence,10,10,4,0
roots10_run10,0,after:ProfessorAgent.t_ApproveEvidence,10,10,5,0
roots10_run10,1,after:ProfessorAgent.t_ApproveEvidence,10,10,5,0
roots10_run10,2,after:ProfessorAgent.t_ApproveEvidence,10,10,5,0
roots10_run10,3,after:ProfessorAgent.t_ApproveEvidence,10,10,5,0
roots10_run10,4,after:ProfessorAgent.t_ApproveEvidence,10,10,5,0
roots10_run10,5,after:ProfessorAgent.t_ApproveEvidence,10,10,5,0
roots10_run10,6,after:ProfessorAgent.t_ApproveEvidence,10,10,5,0
roots10_run10,7,after:ProfessorAgent.t_ApproveEvidence,10,10,5,0
roots10_run10,8,after:ProfessorAgent.t_ApproveEvidence,10,10,5,0
roots10_run10,9,after:ProfessorAgent.t_ApproveEvidence,10,10,5,0
roots10_run10,0,after:UniversityAgent.t_VerifyEvidence,10,10,5,0
roots10_run10,1,after:UniversityAgent.t_VerifyEvidence,10,10,5,0
roots10_run10,2,after:UniversityAgent.t_VerifyEvidence,10,10,5,0
roots10_run10,3,after:UniversityAgent.t_VerifyEvidence,10,10,5,0
roots10_run10,4,after:UniversityAgent.t_VerifyEvidence,10,10,5,0
roots10_run10,5,after:UniversityAgent.t_VerifyEvidence,10,10,5,0
roots10_run10,6,after:UniversityAgent.t_VerifyEvidence,10,10,5,0
roots10_run10,7,after:UniversityAgent.t_VerifyEvidence,10,10,5,0
roots10_run10,8,after:UniversityAgent.t_VerifyEvidence,10,10,5,0
roots10_run10,9,after:UniversityAgent.t_VerifyEvidence,10,10,5,0
roots10_run10,0,after:UniversityAgent.t_RequestCredential,11,11,7,0
roots10_run10,1,after:UniversityAgent.t_RequestCredential,11,11,7,0
roots10_run10,2,after:UniversityAgent.t_RequestCredential,11,11,7,0
roots10_run10,3,after:UniversityAgent.t_RequestCredential,11,11,7,0
roots10_run10,4,after:UniversityAgent.t_RequestCredential,11,11,7,0
roots10_run10,5,after:UniversityAgent.t_RequestCredential,11,11,7,0
roots10_run10,6,after:UniversityAgent.t_RequestCredential,11,11,7,0
roots10_run10,7,after:UniversityAgent.t_RequestCredential,11,11,7,0
roots10_run10,8,after:UniversityAgent.t_RequestCredential,11,11,7,0
roots10_run10,9,after:UniversityAgent.t_RequestCredential,11,11,7,0
roots10_run10,0,after:CompetencyNet.t_Verification_Pass,11,11,7,0
roots10_run10,1,after:CompetencyNet.t_Verification_Pass,11,11,7,0
roots10_run10,2,after:CompetencyNet.t_Verification_Pass,11,11,7,0
roots10_run10,3,after:CompetencyNet.t_Verification_Pass,11,11,7,0
roots10_run10,4,after:CompetencyNet.t_Verification_Pass,11,11,7,0
roots10_run10,5,after:CompetencyNet.t_Verification_Pass,11,11,7,0
roots10_run10,6,after:CompetencyNet.t_Verification_Pass,11,11,7,0
roots10_run10,7,after:CompetencyNet.t_Verification_Pass,11,11,7,0
roots10_run10,8,after:CompetencyNet.t_Verification_Pass,11,11,7,0
roots10_run10,9,after:CompetencyNet.t_Verification_Pass,11,11,7,0
roots10_run10,0,after:UniversityAgent.t_IssueCredential,11,11,8,0
roots10_run10,1,after:UniversityAgent.t_IssueCredential,11,11,8,0
roots10_run10,2,after:UniversityAgent.t_IssueCredential,11,11,8,0
roots10_run10,3,after:UniversityAgent.t_IssueCredential,11,11,8,0
roots10_run10,4,after:UniversityAgent.t_IssueCredential,11,11,8,0
roots10_run10,5,after:UniversityAgent.t_IssueCredential,11,11,8,0
roots10_run10,6,after:UniversityAgent.t_IssueCredential,11,11,8,0
roots10_run10,7,after:UniversityAgent.t_IssueCredential,11,11,8,0
roots10_run10,8,after:UniversityAgent.t_IssueCredential,11,11,8,0
roots10_run10,9,after:UniversityAgent.t_IssueCredential,11,11,8,0
roots10_run10,0,after:StudentAgent.t_WaitCredential,11,11,8,0
roots10_run10,1,after:StudentAgent.t_WaitCredential,11,11,8,0
roots10_run10,2,after:StudentAgent.t_WaitCredential,11,11,8,0
roots10_run10,3,after:StudentAgent.t_WaitCredential,11,11,8,0
roots10_run10,4,after:StudentAgent.t_WaitCredential,11,11,8,0
roots10_run10,5,after:StudentAgent.t_WaitCredential,11,11,8,0
roots10_run10,6,after:StudentAgent.t_WaitCredential,11,11,8,0
roots10_run10,7,after:StudentAgent.t_WaitCredential,11,11,8,0
roots10_run10,8,after:StudentAgent.t_WaitCredential,11,11,8,0
roots10_run10,9,after:StudentAgent.t_WaitCredential,11,11,8,0
roots10_run10,0,after:StudentAgent.t_ReceiveCredential,11,11,8,0
roots10_run10,1,after:StudentAgent.t_ReceiveCredential,11,11,8,0
roots10_run10,2,after:StudentAgent.t_ReceiveCredential,11,11,8,0
roots10_run10,3,after:StudentAgent.t_ReceiveCredential,11,11,8,0
roots10_run10,4,after:StudentAgent.t_ReceiveCredential,11,11,8,0
roots10_run10,5,after:StudentAgent.t_ReceiveCredential,11,11,8,0
roots10_run10,6,after:StudentAgent.t_ReceiveCredential,11,11,8,0
roots10_run10,7,after:StudentAgent.t_ReceiveCredential,11,11,8,0
roots10_run10,8,after:StudentAgent.t_ReceiveCredential,11,11,8,0
roots10_run10,9,after:StudentAgent.t_ReceiveCredential,11,11,8,0
roots10_run10,0,after:StudentAgent.t_AcceptCredential,11,11,9,0
roots10_run10,1,after:StudentAgent.t_AcceptCredential,11,11,9,0
roots10_run10,2,after:StudentAgent.t_AcceptCredential,11,11,9,0
roots10_run10,3,after:StudentAgent.t_AcceptCredential,11,11,9,0
roots10_run10,4,after:StudentAgent.t_AcceptCredential,11,11,9,0
roots10_run10,5,after:StudentAgent.t_AcceptCredential,11,11,9,0
roots10_run10,6,after:StudentAgent.t_AcceptCredential,11,11,9,0
roots10_run10,7,after:StudentAgent.t_AcceptCredential,11,11,9,0
roots10_run10,8,after:StudentAgent.t_AcceptCredential,11,11,9,0
roots10_run10,9,after:StudentAgent.t_AcceptCredential,11,11,9,0
roots10_run10,0,after:HEDULedgerNet.t_Order,11,11,9,0
roots10_run10,1,after:HEDULedgerNet.t_Order,11,11,9,0
roots10_run10,2,after:HEDULedgerNet.t_Order,11,11,9,0
roots10_run10,3,after:HEDULedgerNet.t_Order,11,11,9,0
roots10_run10,4,after:HEDULedgerNet.t_Order,11,11,9,0
roots10_run10,5,after:HEDULedgerNet.t_Order,11,11,9,0
roots10_run10,6,after:HEDULedgerNet.t_Order,11,11,9,0
roots10_run10,7,after:HEDULedgerNet.t_Order,11,11,9,0
roots10_run10,8,after:HEDULedgerNet.t_Order,11,11,9,0
roots10_run10,9,after:HEDULedgerNet.t_Order,11,11,9,0
roots10_run10,0,after:HEDULedgerNet.t_Validate,11,11,9,0
roots10_run10,1,after:HEDULedgerNet.t_Validate,11,11,9,0
roots10_run10,2,after:HEDULedgerNet.t_Validate,11,11,9,0
roots10_run10,3,after:HEDULedgerNet.t_Validate,11,11,9,0
roots10_run10,4,after:HEDULedgerNet.t_Validate,11,11,9,0
roots10_run10,5,after:HEDULedgerNet.t_Validate,11,11,9,0
roots10_run10,6,after:HEDULedgerNet.t_Validate,11,11,9,0
roots10_run10,7,after:HEDULedgerNet.t_Validate,11,11,9,0
roots10_run10,8,after:HEDULedgerNet.t_Validate,11,11,9,0
roots10_run10,9,after:HEDULedgerNet.t_Validate,11,11,9,0
roots10_run10,0,after:HEDULedgerNet.t_Commit,11,11,9,0
roots10_run10,1,after:HEDULedgerNet.t_Commit,11,11,9,0
roots10_run10,2,after:HEDULedgerNet.t_Commit,11,11,9,0
roots10_run10,3,after:HEDULedgerNet.t_Commit,11,11,9,0
roots10_run10,4,after:HEDULedgerNet.t_Commit,11,11,9,0
roots10_run10,5,after:HEDULedgerNet.t_Commit,11,11,9,0
roots10_run10,6,after:HEDULedgerNet.t_Commit,11,11,9,0
roots10_run10,7,after:HEDULedgerNet.t_Commit,11,11,9,0
roots10_run10,8,after:HEDULedgerNet.t_Commit,11,11,9,0
roots10_run10,9,after:HEDULedgerNet.t_Commit,11,11,9,0
roots10_run10,0,after:HEDULedgerNet.t_Anchor,11,11,9,0
roots10_run10,1,after:HEDULedgerNet.t_Anchor,11,11,9,0
roots10_run10,2,after:HEDULedgerNet.t_Anchor,11,11,9,0
roots10_run10,3,after:HEDULedgerNet.t_Anchor,11,11,9,0
roots10_run10,4,after:HEDULedgerNet.t_Anchor,11,11,9,0
roots10_run10,5,after:HEDULedgerNet.t_Anchor,11,11,9,0
roots10_run10,6,after:HEDULedgerNet.t_Anchor,11,11,9,0
roots10_run10,7,after:HEDULedgerNet.t_Anchor,11,11,9,0
roots10_run10,8,after:HEDULedgerNet.t_Anchor,11,11,9,0
roots10_run10,9,after:HEDULedgerNet.t_Anchor,11,11,9,0
roots10_run10,0,after:StudentAgent.t_GenerateVP,11,11,9,0
roots10_run10,1,after:StudentAgent.t_GenerateVP,11,11,9,0
roots10_run10,2,after:StudentAgent.t_GenerateVP,11,11,9,0
roots10_run10,3,after:StudentAgent.t_GenerateVP,11,11,9,0
roots10_run10,4,after:StudentAgent.t_GenerateVP,11,11,9,0
roots10_run10,5,after:StudentAgent.t_GenerateVP,11,11,9,0
roots10_run10,6,after:StudentAgent.t_GenerateVP,11,11,9,0
roots10_run10,7,after:StudentAgent.t_GenerateVP,11,11,9,0
roots10_run10,8,after:StudentAgent.t_GenerateVP,11,11,9,0
roots10_run10,9,after:StudentAgent.t_GenerateVP,11,11,9,0
roots10_run10,0,after:StudentAgent.t_ShareVP,11,11,10,0
roots10_run10,1,after:StudentAgent.t_ShareVP,11,11,10,0
roots10_run10,2,after:StudentAgent.t_ShareVP,11,11,10,0
roots10_run10,3,after:StudentAgent.t_ShareVP,11,11,10,0
roots10_run10,4,after:StudentAgent.t_ShareVP,11,11,10,0
roots10_run10,5,after:StudentAgent.t_ShareVP,11,11,10,0
roots10_run10,6,after:StudentAgent.t_ShareVP,11,11,10,0
roots10_run10,7,after:StudentAgent.t_ShareVP,11,11,10,0
roots10_run10,8,after:StudentAgent.t_ShareVP,11,11,10,0
roots10_run10,9,after:StudentAgent.t_ShareVP,11,11,10,0
roots10_run10,0,after:HRAgent.t_ParseVP,11,11,10,0
roots10_run10,1,after:HRAgent.t_ParseVP,11,11,10,0
roots10_run10,2,after:HRAgent.t_ParseVP,11,11,10,0
roots10_run10,3,after:HRAgent.t_ParseVP,11,11,10,0
roots10_run10,4,after:HRAgent.t_ParseVP,11,11,10,0
roots10_run10,5,after:HRAgent.t_ParseVP,11,11,10,0
roots10_run10,6,after:HRAgent.t_ParseVP,11,11,10,0
roots10_run10,7,after:HRAgent.t_ParseVP,11,11,10,0
roots10_run10,8,after:HRAgent.t_ParseVP,11,11,10,0
roots10_run10,9,after:HRAgent.t_ParseVP,11,11,10,0
roots10_run10,0,after:CompetencyNet.t_Agg_Ingest,11,11,10,0
roots10_run10,1,after:CompetencyNet.t_Agg_Ingest,11,11,10,0
roots10_run10,2,after:CompetencyNet.t_Agg_Ingest,11,11,10,0
roots10_run10,3,after:CompetencyNet.t_Agg_Ingest,11,11,10,0
roots10_run10,4,after:CompetencyNet.t_Agg_Ingest,11,11,10,0
roots10_run10,5,after:CompetencyNet.t_Agg_Ingest,11,11,10,0
roots10_run10,6,after:CompetencyNet.t_Agg_Ingest,11,11,10,0
roots10_run10,7,after:CompetencyNet.t_Agg_Ingest,11,11,10,0
roots10_run10,8,after:CompetencyNet.t_Agg_Ingest,11,11,10,0
roots10_run10,9,after:CompetencyNet.t_Agg_Ingest,11,11,10,0
roots10_run10,0,after:HRAgent.t_SemanticMatch,11,11,10,0
roots10_run10,1,after:HRAgent.t_SemanticMatch,11,11,10,0
roots10_run10,2,after:HRAgent.t_SemanticMatch,11,11,10,0
roots10_run10,3,after:HRAgent.t_SemanticMatch,11,11,10,0
roots10_run10,4,after:HRAgent.t_SemanticMatch,11,11,10,0
roots10_run10,5,after:HRAgent.t_SemanticMatch,11,11,10,0
roots10_run10,6,after:HRAgent.t_SemanticMatch,11,11,10,0
roots10_run10,7,after:HRAgent.t_SemanticMatch,11,11,10,0
roots10_run10,8,after:HRAgent.t_SemanticMatch,11,11,10,0
roots10_run10,9,after:HRAgent.t_SemanticMatch,11,11,10,0
roots10_run10,0,after:HRAgent.t_GapAnalysis,11,11,10,0
roots10_run10,1,after:HRAgent.t_GapAnalysis,11,11,10,0
roots10_run10,2,after:HRAgent.t_GapAnalysis,11,11,10,0
roots10_run10,3,after:HRAgent.t_GapAnalysis,11,11,10,0
roots10_run10,4,after:HRAgent.t_GapAnalysis,11,11,10,0
roots10_run10,5,after:HRAgent.t_GapAnalysis,11,11,10,0
roots10_run10,6,after:HRAgent.t_GapAnalysis,11,11,10,0
roots10_run10,7,after:HRAgent.t_GapAnalysis,11,11,10,0
roots10_run10,8,after:HRAgent.t_GapAnalysis,11,11,10,0
roots10_run10,9,after:HRAgent.t_GapAnalysis,11,11,10,0
roots10_run10,0,after:HRAgent.t_GenerateResult,11,11,10,0
roots10_run10,1,after:HRAgent.t_GenerateResult,11,11,10,0
roots10_run10,2,after:HRAgent.t_GenerateResult,11,11,10,0
roots10_run10,3,after:HRAgent.t_GenerateResult,11,11,10,0
roots10_run10,4,after:HRAgent.t_GenerateResult,11,11,10,0
roots10_run10,5,after:HRAgent.t_GenerateResult,11,11,10,0
roots10_run10,6,after:HRAgent.t_GenerateResult,11,11,10,0
roots10_run10,7,after:HRAgent.t_GenerateResult,11,11,10,0
roots10_run10,8,after:HRAgent.t_GenerateResult,11,11,10,0
roots10_run10,9,after:HRAgent.t_GenerateResult,11,11,10,0
roots10_run10,0,after:WalletNet.t_GenerateVP,11,11,10,0
roots10_run10,1,after:WalletNet.t_GenerateVP,11,11,10,0
roots10_run10,2,after:WalletNet.t_GenerateVP,11,11,10,0
roots10_run10,3,after:WalletNet.t_GenerateVP,11,11,10,0
roots10_run10,4,after:WalletNet.t_GenerateVP,11,11,10,0
roots10_run10,5,after:WalletNet.t_GenerateVP,11,11,10,0
roots10_run10,6,after:WalletNet.t_GenerateVP,11,11,10,0
roots10_run10,7,after:WalletNet.t_GenerateVP,11,11,10,0
roots10_run10,8,after:WalletNet.t_GenerateVP,11,11,10,0
roots10_run10,9,after:WalletNet.t_GenerateVP,11,11,10,0
roots10_run10,0,after:WalletNet.t_ShareVP,11,11,10,0
roots10_run10,1,after:WalletNet.t_ShareVP,11,11,10,0
roots10_run10,2,after:WalletNet.t_ShareVP,11,11,10,0
roots10_run10,3,after:WalletNet.t_ShareVP,11,11,10,0
roots10_run10,4,after:WalletNet.t_ShareVP,11,11,10,0
roots10_run10,5,after:WalletNet.t_ShareVP,11,11,10,0
roots10_run10,6,after:WalletNet.t_ShareVP,11,11,10,0
roots10_run10,7,after:WalletNet.t_ShareVP,11,11,10,0
roots10_run10,8,after:WalletNet.t_ShareVP,11,11,10,0
roots10_run10,9,after:WalletNet.t_ShareVP,11,11,10,0
roots10_run10,0,terminal,11,11,10,0
roots10_run10,1,terminal,11,11,10,0
roots10_run10,2,terminal,11,11,10,0
roots10_run10,3,terminal,11,11,10,0
roots10_run10,4,terminal,11,11,10,0
roots10_run10,5,terminal,11,11,10,0
roots10_run10,6,terminal,11,11,10,0
roots10_run10,7,terminal,11,11,10,0
roots10_run10,8,terminal,11,11,10,0
roots10_run10,9,terminal,11,11,10,0
bench_happy_01,0,creation,9,9,1,0
bench_happy_01,0,after:StudentAgent.t_SubmitEvidence,10,10,4,0
bench_happy_01,0,after:EvidenceNet.t_LMS_Submit,10,10,4,0
bench_happy_01,0,after:EvidenceNet.t_Review_Request,10,10,4,0
bench_happy_01,0,after:ProfessorAgent.t_StartReview,10,10,4,0
bench_happy_01,0,after:ProfessorAgent.t_AssessEvidence,10,10,4,0
bench_happy_01,0,after:ProfessorAgent.t_ApproveEvidence,10,10,5,0
bench_happy_01,0,after:UniversityAgent.t_VerifyEvidence,10,10,5,0
bench_happy_01,0,after:UniversityAgent.t_RequestCredential,11,11,7,0
bench_happy_01,0,after:CompetencyNet.t_Verification_Pass,11,11,7,0
bench_happy_01,0,after:UniversityAgent.t_IssueCredential,11,11,8,0
bench_happy_01,0,after:StudentAgent.t_WaitCredential,11,11,8,0
bench_happy_01,0,after:StudentAgent.t_ReceiveCredential,11,11,8,0
bench_happy_01,0,after:StudentAgent.t_AcceptCredential,11,11,9,0
bench_happy_01,0,after:HEDULedgerNet.t_Order,11,11,9,0
bench_happy_01,0,after:HEDULedgerNet.t_Validate,11,11,9,0
bench_happy_01,0,after:HEDULedgerNet.t_Commit,11,11,9,0
bench_happy_01,0,after:HEDULedgerNet.t_Anchor,11,11,9,0
bench_happy_01,0,after:StudentAgent.t_GenerateVP,11,11,9,0
bench_happy_01,0,after:StudentAgent.t_ShareVP,11,11,10,0
bench_happy_01,0,after:HRAgent.t_ParseVP,11,11,10,0
bench_happy_01,0,after:CompetencyNet.t_Agg_Ingest,11,11,10,0
bench_happy_01,0,after:HRAgent.t_SemanticMatch,11,11,10,0
bench_happy_01,0,after:HRAgent.t_GapAnalysis,11,11,10,0
bench_happy_01,0,after:HRAgent.t_GenerateResult,11,11,10,0
bench_happy_01,0,after:WalletNet.t_GenerateVP,11,11,10,0
bench_happy_01,0,after:WalletNet.t_ShareVP,11,11,10,0
bench_happy_01,0,terminal,11,11,10,0
bench_happy_02,0,creation,9,9,1,0
bench_happy_02,0,after:StudentAgent.t_SubmitEvidence,10,10,4,0
bench_happy_02,0,after:EvidenceNet.t_LMS_Submit,10,10,4,0
bench_happy_02,0,after:EvidenceNet.t_Review_Request,10,10,4,0
bench_happy_02,0,after:ProfessorAgent.t_StartReview,10,10,4,0
bench_happy_02,0,after:ProfessorAgent.t_AssessEvidence,10,10,4,0
bench_happy_02,0,after:ProfessorAgent.t_ApproveEvidence,10,10,5,0
bench_happy_02,0,after:UniversityAgent.t_VerifyEvidence,10,10,5,0
bench_happy_02,0,after:UniversityAgent.t_RequestCredential,11,11,7,0
bench_happy_02,0,after:CompetencyNet.t_Verification_Pass,11,11,7,0
bench_happy_02,0,after:UniversityAgent.t_IssueCredential,11,11,8,0
bench_happy_02,0,after:StudentAgent.t_WaitCredential,11,11,8,0
bench_happy_02,0,after:StudentAgent.t_ReceiveCredential,11,11,8,0
bench_happy_02,0,after:StudentAgent.t_AcceptCredential,11,11,9,0
bench_happy_02,0,after:HEDULedgerNet.t_Order,11,11,9,0
bench_happy_02,0,after:HEDULedgerNet.t_Validate,11,11,9,0
bench_happy_02,0,after:HEDULedgerNet.t_Commit,11,11,9,0
bench_happy_02,0,after:HEDULedgerNet.t_Anchor,11,11,9,0
bench_happy_02,0,after:StudentAgent.t_GenerateVP,11,11,9,0
bench_happy_02,0,after:StudentAgent.t_ShareVP,11,11,10,0
bench_happy_02,0,after:HRAgent.t_ParseVP,11,11,10,0
bench_happy_02,0,after:CompetencyNet.t_Agg_Ingest,11,11,10,0
bench_happy_02,0,after:HRAgent.t_SemanticMatch,11,11,10,0
bench_happy_02,0,after:HRAgent.t_GapAnalysis,11,11,10,0
bench_happy_02,0,after:HRAgent.t_GenerateResult,11,11,10,0
bench_happy_02,0,after:WalletNet.t_GenerateVP,11,11,10,0
bench_happy_02,0,after:WalletNet.t_ShareVP,11,11,10,0
bench_happy_02,0,terminal,11,11,10,0
bench_happy_03,0,creation,9,9,1,0
bench_happy_03,0,after:StudentAgent.t_SubmitEvidence,10,10,4,0
bench_happy_03,0,after:EvidenceNet.t_LMS_Submit,10,10,4,0
bench_happy_03,0,after:EvidenceNet.t_Review_Request,10,10,4,0
bench_happy_03,0,after:ProfessorAgent.t_StartReview,10,10,4,0
bench_happy_03,0,after:ProfessorAgent.t_AssessEvidence,10,10,4,0
bench_happy_03,0,after:ProfessorAgent.t_ApproveEvidence,10,10,5,0
bench_happy_03,0,after:UniversityAgent.t_VerifyEvidence,10,10,5,0
bench_happy_03,0,after:UniversityAgent.t_RequestCredential,11,11,7,0
bench_happy_03,0,after:CompetencyNet.t_Verification_Pass,11,11,7,0
bench_happy_03,0,after:UniversityAgent.t_IssueCredential,11,11,8,0
bench_happy_03,0,after:StudentAgent.t_WaitCredential,11,11,8,0
bench_happy_03,0,after:StudentAgent.t_ReceiveCredential,11,11,8,0
bench_happy_03,0,after:StudentAgent.t_AcceptCredential,11,11,9,0
bench_happy_03,0,after:HEDULedgerNet.t_Order,11,11,9,0
bench_happy_03,0,after:HEDULedgerNet.t_Validate,11,11,9,0
bench_happy_03,0,after:HEDULedgerNet.t_Commit,11,11,9,0
bench_happy_03,0,after:HEDULedgerNet.t_Anchor,11,11,9,0
bench_happy_03,0,after:StudentAgent.t_GenerateVP,11,11,9,0
bench_happy_03,0,after:StudentAgent.t_ShareVP,11,11,10,0
bench_happy_03,0,after:HRAgent.t_ParseVP,11,11,10,0
bench_happy_03,0,after:CompetencyNet.t_Agg_Ingest,11,11,10,0
bench_happy_03,0,after:HRAgent.t_SemanticMatch,11,11,10,0
bench_happy_03,0,after:HRAgent.t_GapAnalysis,11,11,10,0
bench_happy_03,0,after:HRAgent.t_GenerateResult,11,11,10,0
bench_happy_03,0,after:WalletNet.t_GenerateVP,11,11,10,0
bench_happy_03,0,after:WalletNet.t_ShareVP,11,11,10,0
bench_happy_03,0,terminal,11,11,10,0
bench_happy_04,0,creation,9,9,1,0
bench_happy_04,0,after:StudentAgent.t_SubmitEvidence,10,10,4,0
bench_happy_04,0,after:EvidenceNet.t_LMS_Submit,10,10,4,0
bench_happy_04,0,after:EvidenceNet.t_Review_Request,10,10,4,0
bench_happy_04,0,after:ProfessorAgent.t_StartReview,10,10,4,0
bench_happy_04,0,after:ProfessorAgent.t_AssessEvidence,10,10,4,0
bench_happy_04,0,after:ProfessorAgent.t_ApproveEvidence,10,10,5,0
bench_happy_04,0,after:UniversityAgent.t_VerifyEvidence,10,10,5,0
bench_happy_04,0,after:UniversityAgent.t_RequestCredential,11,11,7,0
bench_happy_04,0,after:CompetencyNet.t_Verification_Pass,11,11,7,0
bench_happy_04,0,after:UniversityAgent.t_IssueCredential,11,11,8,0
bench_happy_04,0,after:StudentAgent.t_WaitCredential,11,11,8,0
bench_happy_04,0,after:StudentAgent.t_ReceiveCredential,11,11,8,0
bench_happy_04,0,after:StudentAgent.t_AcceptCredential,11,11,9,0
bench_happy_04,0,after:HEDULedgerNet.t_Order,11,11,9,0
bench_happy_04,0,after:HEDULedgerNet.t_Validate,11,11,9,0
bench_happy_04,0,after:HEDULedgerNet.t_Commit,11,11,9,0
bench_happy_04,0,after:HEDULedgerNet.t_Anchor,11,11,9,0
bench_happy_04,0,after:StudentAgent.t_GenerateVP,11,11,9,0
bench_happy_04,0,after:StudentAgent.t_ShareVP,11,11,10,0
bench_happy_04,0,after:HRAgent.t_ParseVP,11,11,10,0
bench_happy_04,0,after:CompetencyNet.t_Agg_Ingest,11,11,10,0
bench_happy_04,0,after:HRAgent.t_SemanticMatch,11,11,10,0
bench_happy_04,0,after:HRAgent.t_GapAnalysis,11,11,10,0
bench_happy_04,0,after:HRAgent.t_GenerateResult,11,11,10,0
bench_happy_04,0,after:WalletNet.t_GenerateVP,11,11,10,0
bench_happy_04,0,after:WalletNet.t_ShareVP,11,11,10,0
bench_happy_04,0,terminal,11,11,10,0
bench_happy_05,0,creation,9,9,1,0
bench_happy_05,0,after:StudentAgent.t_SubmitEvidence,10,10,4,0
bench_happy_05,0,after:EvidenceNet.t_LMS_Submit,10,10,4,0
bench_happy_05,0,after:EvidenceNet.t_Review_Request,10,10,4,0
bench_happy_05,0,after:ProfessorAgent.t_StartReview,10,10,4,0
bench_happy_05,0,after:ProfessorAgent.t_AssessEvidence,10,10,4,0
bench_happy_05,0,after:ProfessorAgent.t_ApproveEvidence,10,10,5,0
bench_happy_05,0,after:UniversityAgent.t_VerifyEvidence,10,10,5,0
bench_happy_05,0,after:UniversityAgent.t_RequestCredential,11,11,7,0
bench_happy_05,0,after:CompetencyNet.t_Verification_Pass,11,11,7,0
bench_happy_05,0,after:UniversityAgent.t_IssueCredential,11,11,8,0
bench_happy_05,0,after:StudentAgent.t_WaitCredential,11,11,8,0
bench_happy_05,0,after:StudentAgent.t_ReceiveCredential,11,11,8,0
bench_happy_05,0,after:StudentAgent.t_AcceptCredential,11,11,9,0
bench_happy_05,0,after:HEDULedgerNet.t_Order,11,11,9,0
bench_happy_05,0,after:HEDULedgerNet.t_Validate,11,11,9,0
bench_happy_05,0,after:HEDULedgerNet.t_Commit,11,11,9,0
bench_happy_05,0,after:HEDULedgerNet.t_Anchor,11,11,9,0
bench_happy_05,0,after:StudentAgent.t_GenerateVP,11,11,9,0
bench_happy_05,0,after:StudentAgent.t_ShareVP,11,11,10,0
bench_happy_05,0,after:HRAgent.t_ParseVP,11,11,10,0
bench_happy_05,0,after:CompetencyNet.t_Agg_Ingest,11,11,10,0
bench_happy_05,0,after:HRAgent.t_SemanticMatch,11,11,10,0
bench_happy_05,0,after:HRAgent.t_GapAnalysis,11,11,10,0
bench_happy_05,0,after:HRAgent.t_GenerateResult,11,11,10,0
bench_happy_05,0,after:WalletNet.t_GenerateVP,11,11,10,0
bench_happy_05,0,after:WalletNet.t_ShareVP,11,11,10,0
bench_happy_05,0,terminal,11,11,10,0
bench_happy_06,0,creation,9,9,1,0
bench_happy_06,0,after:StudentAgent.t_SubmitEvidence,10,10,4,0
bench_happy_06,0,after:EvidenceNet.t_LMS_Submit,10,10,4,0
bench_happy_06,0,after:EvidenceNet.t_Review_Request,10,10,4,0
bench_happy_06,0,after:ProfessorAgent.t_StartReview,10,10,4,0
bench_happy_06,0,after:ProfessorAgent.t_AssessEvidence,10,10,4,0
bench_happy_06,0,after:ProfessorAgent.t_ApproveEvidence,10,10,5,0
bench_happy_06,0,after:UniversityAgent.t_VerifyEvidence,10,10,5,0
bench_happy_06,0,after:UniversityAgent.t_RequestCredential,11,11,7,0
bench_happy_06,0,after:CompetencyNet.t_Verification_Pass,11,11,7,0
bench_happy_06,0,after:UniversityAgent.t_IssueCredential,11,11,8,0
bench_happy_06,0,after:StudentAgent.t_WaitCredential,11,11,8,0
bench_happy_06,0,after:StudentAgent.t_ReceiveCredential,11,11,8,0
bench_happy_06,0,after:StudentAgent.t_AcceptCredential,11,11,9,0
bench_happy_06,0,after:HEDULedgerNet.t_Order,11,11,9,0
bench_happy_06,0,after:HEDULedgerNet.t_Validate,11,11,9,0
bench_happy_06,0,after:HEDULedgerNet.t_Commit,11,11,9,0
bench_happy_06,0,after:HEDULedgerNet.t_Anchor,11,11,9,0
bench_happy_06,0,after:StudentAgent.t_GenerateVP,11,11,9,0
bench_happy_06,0,after:StudentAgent.t_ShareVP,11,11,10,0
bench_happy_06,0,after:HRAgent.t_ParseVP,11,11,10,0
bench_happy_06,0,after:CompetencyNet.t_Agg_Ingest,11,11,10,0
bench_happy_06,0,after:HRAgent.t_SemanticMatch,11,11,10,0
bench_happy_06,0,after:HRAgent.t_GapAnalysis,11,11,10,0
bench_happy_06,0,after:HRAgent.t_GenerateResult,11,11,10,0
bench_happy_06,0,after:WalletNet.t_GenerateVP,11,11,10,0
bench_happy_06,0,after:WalletNet.t_ShareVP,11,11,10,0
bench_happy_06,0,terminal,11,11,10,0
bench_happy_07,0,creation,9,9,1,0
bench_happy_07,0,after:StudentAgent.t_SubmitEvidence,10,10,4,0
bench_happy_07,0,after:EvidenceNet.t_LMS_Submit,10,10,4,0
bench_happy_07,0,after:EvidenceNet.t_Review_Request,10,10,4,0
bench_happy_07,0,after:ProfessorAgent.t_StartReview,10,10,4,0
bench_happy_07,0,after:ProfessorAgent.t_AssessEvidence,10,10,4,0
bench_happy_07,0,after:ProfessorAgent.t_ApproveEvidence,10,10,5,0
bench_happy_07,0,after:UniversityAgent.t_VerifyEvidence,10,10,5,0
bench_happy_07,0,after:UniversityAgent.t_RequestCredential,11,11,7,0
bench_happy_07,0,after:CompetencyNet.t_Verification_Pass,11,11,7,0
bench_happy_07,0,after:UniversityAgent.t_IssueCredential,11,11,8,0
bench_happy_07,0,after:StudentAgent.t_WaitCredential,11,11,8,0
bench_happy_07,0,after:StudentAgent.t_ReceiveCredential,11,11,8,0
bench_happy_07,0,after:StudentAgent.t_AcceptCredential,11,11,9,0
bench_happy_07,0,after:HEDULedgerNet.t_Order,11,11,9,0
bench_happy_07,0,after:HEDULedgerNet.t_Validate,11,11,9,0
bench_happy_07,0,after:HEDULedgerNet.t_Commit,11,11,9,0
bench_happy_07,0,after:HEDULedgerNet.t_Anchor,11,11,9,0
bench_happy_07,0,after:StudentAgent.t_GenerateVP,11,11,9,0
bench_happy_07,0,after:StudentAgent.t_ShareVP,11,11,10,0
bench_happy_07,0,after:HRAgent.t_ParseVP,11,11,10,0
bench_happy_07,0,after:CompetencyNet.t_Agg_Ingest,11,11,10,0
bench_happy_07,0,after:HRAgent.t_SemanticMatch,11,11,10,0
bench_happy_07,0,after:HRAgent.t_GapAnalysis,11,11,10,0
bench_happy_07,0,after:HRAgent.t_GenerateResult,11,11,10,0
bench_happy_07,0,after:WalletNet.t_GenerateVP,11,11,10,0
bench_happy_07,0,after:WalletNet.t_ShareVP,11,11,10,0
bench_happy_07,0,terminal,11,11,10,0
bench_happy_08,0,creation,9,9,1,0
bench_happy_08,0,after:StudentAgent.t_SubmitEvidence,10,10,4,0
bench_happy_08,0,after:EvidenceNet.t_LMS_Submit,10,10,4,0
bench_happy_08,0,after:EvidenceNet.t_Review_Request,10,10,4,0
bench_happy_08,0,after:ProfessorAgent.t_StartReview,10,10,4,0
bench_happy_08,0,after:ProfessorAgent.t_AssessEvidence,10,10,4,0
bench_happy_08,0,after:ProfessorAgent.t_ApproveEvidence,10,10,5,0
bench_happy_08,0,after:UniversityAgent.t_VerifyEvidence,10,10,5,0
bench_happy_08,0,after:UniversityAgent.t_RequestCredential,11,11,7,0
bench_happy_08,0,after:CompetencyNet.t_Verification_Pass,11,11,7,0
bench_happy_08,0,after:UniversityAgent.t_IssueCredential,11,11,8,0
bench_happy_08,0,after:StudentAgent.t_WaitCredential,11,11,8,0
bench_happy_08,0,after:StudentAgent.t_ReceiveCredential,11,11,8,0
bench_happy_08,0,after:StudentAgent.t_AcceptCredential,11,11,9,0
bench_happy_08,0,after:HEDULedgerNet.t_Order,11,11,9,0
bench_happy_08,0,after:HEDULedgerNet.t_Validate,11,11,9,0
bench_happy_08,0,after:HEDULedgerNet.t_Commit,11,11,9,0
bench_happy_08,0,after:HEDULedgerNet.t_Anchor,11,11,9,0
bench_happy_08,0,after:StudentAgent.t_GenerateVP,11,11,9,0
bench_happy_08,0,after:StudentAgent.t_ShareVP,11,11,10,0
bench_happy_08,0,after:HRAgent.t_ParseVP,11,11,10,0
bench_happy_08,0,after:CompetencyNet.t_Agg_Ingest,11,11,10,0
bench_happy_08,0,after:HRAgent.t_SemanticMatch,11,11,10,0
bench_happy_08,0,after:HRAgent.t_GapAnalysis,11,11,10,0
bench_happy_08,0,after:HRAgent.t_GenerateResult,11,11,10,0
bench_happy_08,0,after:WalletNet.t_GenerateVP,11,11,10,0
bench_happy_08,0,after:WalletNet.t_ShareVP,11,11,10,0
bench_happy_08,0,terminal,11,11,10,0
bench_happy_09,0,creation,9,9,1,0
bench_happy_09,0,after:StudentAgent.t_SubmitEvidence,10,10,4,0
bench_happy_09,0,after:EvidenceNet.t_LMS_Submit,10,10,4,0
bench_happy_09,0,after:EvidenceNet.t_Review_Request,10,10,4,0
bench_happy_09,0,after:ProfessorAgent.t_StartReview,10,10,4,0
bench_happy_09,0,after:ProfessorAgent.t_AssessEvidence,10,10,4,0
bench_happy_09,0,after:ProfessorAgent.t_ApproveEvidence,10,10,5,0
bench_happy_09,0,after:UniversityAgent.t_VerifyEvidence,10,10,5,0
bench_happy_09,0,after:UniversityAgent.t_RequestCredential,11,11,7,0
bench_happy_09,0,after:CompetencyNet.t_Verification_Pass,11,11,7,0
bench_happy_09,0,after:UniversityAgent.t_IssueCredential,11,11,8,0
bench_happy_09,0,after:StudentAgent.t_WaitCredential,11,11,8,0
bench_happy_09,0,after:StudentAgent.t_ReceiveCredential,11,11,8,0
bench_happy_09,0,after:StudentAgent.t_AcceptCredential,11,11,9,0
bench_happy_09,0,after:HEDULedgerNet.t_Order,11,11,9,0
bench_happy_09,0,after:HEDULedgerNet.t_Validate,11,11,9,0
bench_happy_09,0,after:HEDULedgerNet.t_Commit,11,11,9,0
bench_happy_09,0,after:HEDULedgerNet.t_Anchor,11,11,9,0
bench_happy_09,0,after:StudentAgent.t_GenerateVP,11,11,9,0
bench_happy_09,0,after:StudentAgent.t_ShareVP,11,11,10,0
bench_happy_09,0,after:HRAgent.t_ParseVP,11,11,10,0
bench_happy_09,0,after:CompetencyNet.t_Agg_Ingest,11,11,10,0
bench_happy_09,0,after:HRAgent.t_SemanticMatch,11,11,10,0
bench_happy_09,0,after:HRAgent.t_GapAnalysis,11,11,10,0
bench_happy_09,0,after:HRAgent.t_GenerateResult,11,11,10,0
bench_happy_09,0,after:WalletNet.t_GenerateVP,11,11,10,0
bench_happy_09,0,after:WalletNet.t_ShareVP,11,11,10,0
bench_happy_09,0,terminal,11,11,10,0
bench_happy_10,0,creation,9,9,1,0
bench_happy_10,0,after:StudentAgent.t_SubmitEvidence,10,10,4,0
bench_happy_10,0,after:EvidenceNet.t_LMS_Submit,10,10,4,0
bench_happy_10,0,after:EvidenceNet.t_Review_Request,10,10,4,0
bench_happy_10,0,after:ProfessorAgent.t_StartReview,10,10,4,0
bench_happy_10,0,after:ProfessorAgent.t_AssessEvidence,10,10,4,0
bench_happy_10,0,after:ProfessorAgent.t_ApproveEvidence,10,10,5,0
bench_happy_10,0,after:UniversityAgent.t_VerifyEvidence,10,10,5,0
bench_happy_10,0,after:UniversityAgent.t_RequestCredential,11,11,7,0
bench_happy_10,0,after:CompetencyNet.t_Verification_Pass,11,11,7,0
bench_happy_10,0,after:UniversityAgent.t_IssueCredential,11,11,8,0
bench_happy_10,0,after:StudentAgent.t_WaitCredential,11,11,8,0
bench_happy_10,0,after:StudentAgent.t_ReceiveCredential,11,11,8,0
bench_happy_10,0,after:StudentAgent.t_AcceptCredential,11,11,9,0
bench_happy_10,0,after:HEDULedgerNet.t_Order,11,11,9,0
bench_happy_10,0,after:HEDULedgerNet.t_Validate,11,11,9,0
bench_happy_10,0,after:HEDULedgerNet.t_Commit,11,11,9,0
bench_happy_10,0,after:HEDULedgerNet.t_Anchor,11,11,9,0
bench_happy_10,0,after:StudentAgent.t_GenerateVP,11,11,9,0
bench_happy_10,0,after:StudentAgent.t_ShareVP,11,11,10,0
bench_happy_10,0,after:HRAgent.t_ParseVP,11,11,10,0
bench_happy_10,0,after:CompetencyNet.t_Agg_Ingest,11,11,10,0
bench_happy_10,0,after:HRAgent.t_SemanticMatch,11,11,10,0
bench_happy_10,0,after:HRAgent.t_GapAnalysis,11,11,10,0
bench_happy_10,0,after:HRAgent.t_GenerateResult,11,11,10,0
bench_happy_10,0,after:WalletNet.t_GenerateVP,11,11,10,0
bench_happy_10,0,after:WalletNet.t_ShareVP,11,11,10,0
bench_happy_10,0,terminal,11,11,10,0
bench_happy_11,0,creation,9,9,1,0
bench_happy_11,0,after:StudentAgent.t_SubmitEvidence,10,10,4,0
bench_happy_11,0,after:EvidenceNet.t_LMS_Submit,10,10,4,0
bench_happy_11,0,after:EvidenceNet.t_Review_Request,10,10,4,0
bench_happy_11,0,after:ProfessorAgent.t_StartReview,10,10,4,0
bench_happy_11,0,after:ProfessorAgent.t_AssessEvidence,10,10,4,0
bench_happy_11,0,after:ProfessorAgent.t_ApproveEvidence,10,10,5,0
bench_happy_11,0,after:UniversityAgent.t_VerifyEvidence,10,10,5,0
bench_happy_11,0,after:UniversityAgent.t_RequestCredential,11,11,7,0
bench_happy_11,0,after:CompetencyNet.t_Verification_Pass,11,11,7,0
bench_happy_11,0,after:UniversityAgent.t_IssueCredential,11,11,8,0
bench_happy_11,0,after:StudentAgent.t_WaitCredential,11,11,8,0
bench_happy_11,0,after:StudentAgent.t_ReceiveCredential,11,11,8,0
bench_happy_11,0,after:StudentAgent.t_AcceptCredential,11,11,9,0
bench_happy_11,0,after:HEDULedgerNet.t_Order,11,11,9,0
bench_happy_11,0,after:HEDULedgerNet.t_Validate,11,11,9,0
bench_happy_11,0,after:HEDULedgerNet.t_Commit,11,11,9,0
bench_happy_11,0,after:HEDULedgerNet.t_Anchor,11,11,9,0
bench_happy_11,0,after:StudentAgent.t_GenerateVP,11,11,9,0
bench_happy_11,0,after:StudentAgent.t_ShareVP,11,11,10,0
bench_happy_11,0,after:HRAgent.t_ParseVP,11,11,10,0
bench_happy_11,0,after:CompetencyNet.t_Agg_Ingest,11,11,10,0
bench_happy_11,0,after:HRAgent.t_SemanticMatch,11,11,10,0
bench_happy_11,0,after:HRAgent.t_GapAnalysis,11,11,10,0
bench_happy_11,0,after:HRAgent.t_GenerateResult,11,11,10,0
bench_happy_11,0,after:WalletNet.t_GenerateVP,11,11,10,0
bench_happy_11,0,after:WalletNet.t_ShareVP,11,11,10,0
bench_happy_11,0,terminal,11,11,10,0
bench_happy_12,0,creation,9,9,1,0
bench_happy_12,0,after:StudentAgent.t_SubmitEvidence,10,10,4,0
bench_happy_12,0,after:EvidenceNet.t_LMS_Submit,10,10,4,0
bench_happy_12,0,after:EvidenceNet.t_Review_Request,10,10,4,0
bench_happy_12,0,after:ProfessorAgent.t_StartReview,10,10,4,0
bench_happy_12,0,after:ProfessorAgent.t_AssessEvidence,10,10,4,0
bench_happy_12,0,after:ProfessorAgent.t_ApproveEvidence,10,10,5,0
bench_happy_12,0,after:UniversityAgent.t_VerifyEvidence,10,10,5,0
bench_happy_12,0,after:UniversityAgent.t_RequestCredential,11,11,7,0
bench_happy_12,0,after:CompetencyNet.t_Verification_Pass,11,11,7,0
bench_happy_12,0,after:UniversityAgent.t_IssueCredential,11,11,8,0
bench_happy_12,0,after:StudentAgent.t_WaitCredential,11,11,8,0
bench_happy_12,0,after:StudentAgent.t_ReceiveCredential,11,11,8,0
bench_happy_12,0,after:StudentAgent.t_AcceptCredential,11,11,9,0
bench_happy_12,0,after:HEDULedgerNet.t_Order,11,11,9,0
bench_happy_12,0,after:HEDULedgerNet.t_Validate,11,11,9,0
bench_happy_12,0,after:HEDULedgerNet.t_Commit,11,11,9,0
bench_happy_12,0,after:HEDULedgerNet.t_Anchor,11,11,9,0
bench_happy_12,0,after:StudentAgent.t_GenerateVP,11,11,9,0
bench_happy_12,0,after:StudentAgent.t_ShareVP,11,11,10,0
bench_happy_12,0,after:HRAgent.t_ParseVP,11,11,10,0
bench_happy_12,0,after:CompetencyNet.t_Agg_Ingest,11,11,10,0
bench_happy_12,0,after:HRAgent.t_SemanticMatch,11,11,10,0
bench_happy_12,0,after:HRAgent.t_GapAnalysis,11,11,10,0
bench_happy_12,0,after:HRAgent.t_GenerateResult,11,11,10,0
bench_happy_12,0,after:WalletNet.t_GenerateVP,11,11,10,0
bench_happy_12,0,after:WalletNet.t_ShareVP,11,11,10,0
bench_happy_12,0,terminal,11,11,10,0
bench_happy_13,0,creation,9,9,1,0
bench_happy_13,0,after:StudentAgent.t_SubmitEvidence,10,10,4,0
bench_happy_13,0,after:EvidenceNet.t_LMS_Submit,10,10,4,0
bench_happy_13,0,after:EvidenceNet.t_Review_Request,10,10,4,0
bench_happy_13,0,after:ProfessorAgent.t_StartReview,10,10,4,0
bench_happy_13,0,after:ProfessorAgent.t_AssessEvidence,10,10,4,0
bench_happy_13,0,after:ProfessorAgent.t_ApproveEvidence,10,10,5,0
bench_happy_13,0,after:UniversityAgent.t_VerifyEvidence,10,10,5,0
bench_happy_13,0,after:UniversityAgent.t_RequestCredential,11,11,7,0
bench_happy_13,0,after:CompetencyNet.t_Verification_Pass,11,11,7,0
bench_happy_13,0,after:UniversityAgent.t_IssueCredential,11,11,8,0
bench_happy_13,0,after:StudentAgent.t_WaitCredential,11,11,8,0
bench_happy_13,0,after:StudentAgent.t_ReceiveCredential,11,11,8,0
bench_happy_13,0,after:StudentAgent.t_AcceptCredential,11,11,9,0
bench_happy_13,0,after:HEDULedgerNet.t_Order,11,11,9,0
bench_happy_13,0,after:HEDULedgerNet.t_Validate,11,11,9,0
bench_happy_13,0,after:HEDULedgerNet.t_Commit,11,11,9,0
bench_happy_13,0,after:HEDULedgerNet.t_Anchor,11,11,9,0
bench_happy_13,0,after:StudentAgent.t_GenerateVP,11,11,9,0
bench_happy_13,0,after:StudentAgent.t_ShareVP,11,11,10,0
bench_happy_13,0,after:HRAgent.t_ParseVP,11,11,10,0
bench_happy_13,0,after:CompetencyNet.t_Agg_Ingest,11,11,10,0
bench_happy_13,0,after:HRAgent.t_SemanticMatch,11,11,10,0
bench_happy_13,0,after:HRAgent.t_GapAnalysis,11,11,10,0
bench_happy_13,0,after:HRAgent.t_GenerateResult,11,11,10,0
bench_happy_13,0,after:WalletNet.t_GenerateVP,11,11,10,0
bench_happy_13,0,after:WalletNet.t_ShareVP,11,11,10,0
bench_happy_13,0,terminal,11,11,10,0
bench_happy_14,0,creation,9,9,1,0
bench_happy_14,0,after:StudentAgent.t_SubmitEvidence,10,10,4,0
bench_happy_14,0,after:EvidenceNet.t_LMS_Submit,10,10,4,0
bench_happy_14,0,after:EvidenceNet.t_Review_Request,10,10,4,0
bench_happy_14,0,after:ProfessorAgent.t_StartReview,10,10,4,0
bench_happy_14,0,after:ProfessorAgent.t_AssessEvidence,10,10,4,0
bench_happy_14,0,after:ProfessorAgent.t_ApproveEvidence,10,10,5,0
bench_happy_14,0,after:UniversityAgent.t_VerifyEvidence,10,10,5,0
bench_happy_14,0,after:UniversityAgent.t_RequestCredential,11,11,7,0
bench_happy_14,0,after:CompetencyNet.t_Verification_Pass,11,11,7,0
bench_happy_14,0,after:UniversityAgent.t_IssueCredential,11,11,8,0
bench_happy_14,0,after:StudentAgent.t_WaitCredential,11,11,8,0
bench_happy_14,0,after:StudentAgent.t_ReceiveCredential,11,11,8,0
bench_happy_14,0,after:StudentAgent.t_AcceptCredential,11,11,9,0
bench_happy_14,0,after:HEDULedgerNet.t_Order,11,11,9,0
bench_happy_14,0,after:HEDULedgerNet.t_Validate,11,11,9,0
bench_happy_14,0,after:HEDULedgerNet.t_Commit,11,11,9,0
bench_happy_14,0,after:HEDULedgerNet.t_Anchor,11,11,9,0
bench_happy_14,0,after:StudentAgent.t_GenerateVP,11,11,9,0
bench_happy_14,0,after:StudentAgent.t_ShareVP,11,11,10,0
bench_happy_14,0,after:HRAgent.t_ParseVP,11,11,10,0
bench_happy_14,0,after:CompetencyNet.t_Agg_Ingest,11,11,10,0
bench_happy_14,0,after:HRAgent.t_SemanticMatch,11,11,10,0
bench_happy_14,0,after:HRAgent.t_GapAnalysis,11,11,10,0
bench_happy_14,0,after:HRAgent.t_GenerateResult,11,11,10,0
bench_happy_14,0,after:WalletNet.t_GenerateVP,11,11,10,0
bench_happy_14,0,after:WalletNet.t_ShareVP,11,11,10,0
bench_happy_14,0,terminal,11,11,10,0
bench_happy_15,0,creation,9,9,1,0
bench_happy_15,0,after:StudentAgent.t_SubmitEvidence,10,10,4,0
bench_happy_15,0,after:EvidenceNet.t_LMS_Submit,10,10,4,0
bench_happy_15,0,after:EvidenceNet.t_Review_Request,10,10,4,0
bench_happy_15,0,after:ProfessorAgent.t_StartReview,10,10,4,0
bench_happy_15,0,after:ProfessorAgent.t_AssessEvidence,10,10,4,0
bench_happy_15,0,after:ProfessorAgent.t_ApproveEvidence,10,10,5,0
bench_happy_15,0,after:UniversityAgent.t_VerifyEvidence,10,10,5,0
bench_happy_15,0,after:UniversityAgent.t_RequestCredential,11,11,7,0
bench_happy_15,0,after:CompetencyNet.t_Verification_Pass,11,11,7,0
bench_happy_15,0,after:UniversityAgent.t_IssueCredential,11,11,8,0
bench_happy_15,0,after:StudentAgent.t_WaitCredential,11,11,8,0
bench_happy_15,0,after:StudentAgent.t_ReceiveCredential,11,11,8,0
bench_happy_15,0,after:StudentAgent.t_AcceptCredential,11,11,9,0
bench_happy_15,0,after:HEDULedgerNet.t_Order,11,11,9,0
bench_happy_15,0,after:HEDULedgerNet.t_Validate,11,11,9,0
bench_happy_15,0,after:HEDULedgerNet.t_Commit,11,11,9,0
bench_happy_15,0,after:HEDULedgerNet.t_Anchor,11,11,9,0
bench_happy_15,0,after:StudentAgent.t_GenerateVP,11,11,9,0
bench_happy_15,0,after:StudentAgent.t_ShareVP,11,11,10,0
bench_happy_15,0,after:HRAgent.t_ParseVP,11,11,10,0
bench_happy_15,0,after:CompetencyNet.t_Agg_Ingest,11,11,10,0
bench_happy_15,0,after:HRAgent.t_SemanticMatch,11,11,10,0
bench_happy_15,0,after:HRAgent.t_GapAnalysis,11,11,10,0
bench_happy_15,0,after:HRAgent.t_GenerateResult,11,11,10,0
bench_happy_15,0,after:WalletNet.t_GenerateVP,11,11,10,0
bench_happy_15,0,after:WalletNet.t_ShareVP,11,11,10,0
bench_happy_15,0,terminal,11,11,10,0
bench_happy_16,0,creation,9,9,1,0
bench_happy_16,0,after:StudentAgent.t_SubmitEvidence,10,10,4,0
bench_happy_16,0,after:EvidenceNet.t_LMS_Submit,10,10,4,0
bench_happy_16,0,after:EvidenceNet.t_Review_Request,10,10,4,0
bench_happy_16,0,after:ProfessorAgent.t_StartReview,10,10,4,0
bench_happy_16,0,after:ProfessorAgent.t_AssessEvidence,10,10,4,0
bench_happy_16,0,after:ProfessorAgent.t_ApproveEvidence,10,10,5,0
bench_happy_16,0,after:UniversityAgent.t_VerifyEvidence,10,10,5,0
bench_happy_16,0,after:UniversityAgent.t_RequestCredential,11,11,7,0
bench_happy_16,0,after:CompetencyNet.t_Verification_Pass,11,11,7,0
bench_happy_16,0,after:UniversityAgent.t_IssueCredential,11,11,8,0
bench_happy_16,0,after:StudentAgent.t_WaitCredential,11,11,8,0
bench_happy_16,0,after:StudentAgent.t_ReceiveCredential,11,11,8,0
bench_happy_16,0,after:StudentAgent.t_AcceptCredential,11,11,9,0
bench_happy_16,0,after:HEDULedgerNet.t_Order,11,11,9,0
bench_happy_16,0,after:HEDULedgerNet.t_Validate,11,11,9,0
bench_happy_16,0,after:HEDULedgerNet.t_Commit,11,11,9,0
bench_happy_16,0,after:HEDULedgerNet.t_Anchor,11,11,9,0
bench_happy_16,0,after:StudentAgent.t_GenerateVP,11,11,9,0
bench_happy_16,0,after:StudentAgent.t_ShareVP,11,11,10,0
bench_happy_16,0,after:HRAgent.t_ParseVP,11,11,10,0
bench_happy_16,0,after:CompetencyNet.t_Agg_Ingest,11,11,10,0
bench_happy_16,0,after:HRAgent.t_SemanticMatch,11,11,10,0
bench_happy_16,0,after:HRAgent.t_GapAnalysis,11,11,10,0
bench_happy_16,0,after:HRAgent.t_GenerateResult,11,11,10,0
bench_happy_16,0,after:WalletNet.t_GenerateVP,11,11,10,0
bench_happy_16,0,after:WalletNet.t_ShareVP,11,11,10,0
bench_happy_16,0,terminal,11,11,10,0
bench_happy_17,0,creation,9,9,1,0
bench_happy_17,0,after:StudentAgent.t_SubmitEvidence,10,10,4,0
bench_happy_17,0,after:EvidenceNet.t_LMS_Submit,10,10,4,0
bench_happy_17,0,after:EvidenceNet.t_Review_Request,10,10,4,0
bench_happy_17,0,after:ProfessorAgent.t_StartReview,10,10,4,0
bench_happy_17,0,after:ProfessorAgent.t_AssessEvidence,10,10,4,0
bench_happy_17,0,after:ProfessorAgent.t_ApproveEvidence,10,10,5,0
bench_happy_17,0,after:UniversityAgent.t_VerifyEvidence,10,10,5,0
bench_happy_17,0,after:UniversityAgent.t_RequestCredential,11,11,7,0
bench_happy_17,0,after:CompetencyNet.t_Verification_Pass,11,11,7,0
bench_happy_17,0,after:UniversityAgent.t_IssueCredential,11,11,8,0
bench_happy_17,0,after:StudentAgent.t_WaitCredential,11,11,8,0
bench_happy_17,0,after:StudentAgent.t_ReceiveCredential,11,11,8,0
bench_happy_17,0,after:StudentAgent.t_AcceptCredential,11,11,9,0
bench_happy_17,0,after:HEDULedgerNet.t_Order,11,11,9,0
bench_happy_17,0,after:HEDULedgerNet.t_Validate,11,11,9,0
bench_happy_17,0,after:HEDULedgerNet.t_Commit,11,11,9,0
bench_happy_17,0,after:HEDULedgerNet.t_Anchor,11,11,9,0
bench_happy_17,0,after:StudentAgent.t_GenerateVP,11,11,9,0
bench_happy_17,0,after:StudentAgent.t_ShareVP,11,11,10,0
bench_happy_17,0,after:HRAgent.t_ParseVP,11,11,10,0
bench_happy_17,0,after:CompetencyNet.t_Agg_Ingest,11,11,10,0
bench_happy_17,0,after:HRAgent.t_SemanticMatch,11,11,10,0
bench_happy_17,0,after:HRAgent.t_GapAnalysis,11,11,10,0
bench_happy_17,0,after:HRAgent.t_GenerateResult,11,11,10,0
bench_happy_17,0,after:WalletNet.t_GenerateVP,11,11,10,0
bench_happy_17,0,after:WalletNet.t_ShareVP,11,11,10,0
bench_happy_17,0,terminal,11,11,10,0
bench_happy_18,0,creation,9,9,1,0
bench_happy_18,0,after:StudentAgent.t_SubmitEvidence,10,10,4,0
bench_happy_18,0,after:EvidenceNet.t_LMS_Submit,10,10,4,0
bench_happy_18,0,after:EvidenceNet.t_Review_Request,10,10,4,0
bench_happy_18,0,after:ProfessorAgent.t_StartReview,10,10,4,0
bench_happy_18,0,after:ProfessorAgent.t_AssessEvidence,10,10,4,0
bench_happy_18,0,after:ProfessorAgent.t_ApproveEvidence,10,10,5,0
bench_happy_18,0,after:UniversityAgent.t_VerifyEvidence,10,10,5,0
bench_happy_18,0,after:UniversityAgent.t_RequestCredential,11,11,7,0
bench_happy_18,0,after:CompetencyNet.t_Verification_Pass,11,11,7,0
bench_happy_18,0,after:UniversityAgent.t_IssueCredential,11,11,8,0
bench_happy_18,0,after:StudentAgent.t_WaitCredential,11,11,8,0
bench_happy_18,0,after:StudentAgent.t_ReceiveCredential,11,11,8,0
bench_happy_18,0,after:StudentAgent.t_AcceptCredential,11,11,9,0
bench_happy_18,0,after:HEDULedgerNet.t_Order,11,11,9,0
bench_happy_18,0,after:HEDULedgerNet.t_Validate,11,11,9,0
bench_happy_18,0,after:HEDULedgerNet.t_Commit,11,11,9,0
bench_happy_18,0,after:HEDULedgerNet.t_Anchor,11,11,9,0
bench_happy_18,0,after:StudentAgent.t_GenerateVP,11,11,9,0
bench_happy_18,0,after:StudentAgent.t_ShareVP,11,11,10,0
bench_happy_18,0,after:HRAgent.t_ParseVP,11,11,10,0
bench_happy_18,0,after:CompetencyNet.t_Agg_Ingest,11,11,10,0
bench_happy_18,0,after:HRAgent.t_SemanticMatch,11,11,10,0
bench_happy_18,0,after:HRAgent.t_GapAnalysis,11,11,10,0
bench_happy_18,0,after:HRAgent.t_GenerateResult,11,11,10,0
bench_happy_18,0,after:WalletNet.t_GenerateVP,11,11,10,0
bench_happy_18,0,after:WalletNet.t_ShareVP,11,11,10,0
bench_happy_18,0,terminal,11,11,10,0
bench_happy_19,0,creation,9,9,1,0
bench_happy_19,0,after:StudentAgent.t_SubmitEvidence,10,10,4,0
bench_happy_19,0,after:EvidenceNet.t_LMS_Submit,10,10,4,0
bench_happy_19,0,after:EvidenceNet.t_Review_Request,10,10,4,0
bench_happy_19,0,after:ProfessorAgent.t_StartReview,10,10,4,0
bench_happy_19,0,after:ProfessorAgent.t_AssessEvidence,10,10,4,0
bench_happy_19,0,after:ProfessorAgent.t_ApproveEvidence,10,10,5,0
bench_happy_19,0,after:UniversityAgent.t_VerifyEvidence,10,10,5,0
bench_happy_19,0,after:UniversityAgent.t_RequestCredential,11,11,7,0
bench_happy_19,0,after:CompetencyNet.t_Verification_Pass,11,11,7,0
bench_happy_19,0,after:UniversityAgent.t_IssueCredential,11,11,8,0
bench_happy_19,0,after:StudentAgent.t_WaitCredential,11,11,8,0
bench_happy_19,0,after:StudentAgent.t_ReceiveCredential,11,11,8,0
bench_happy_19,0,after:StudentAgent.t_AcceptCredential,11,11,9,0
bench_happy_19,0,after:HEDULedgerNet.t_Order,11,11,9,0
bench_happy_19,0,after:HEDULedgerNet.t_Validate,11,11,9,0
bench_happy_19,0,after:HEDULedgerNet.t_Commit,11,11,9,0
bench_happy_19,0,after:HEDULedgerNet.t_Anchor,11,11,9,0
bench_happy_19,0,after:StudentAgent.t_GenerateVP,11,11,9,0
bench_happy_19,0,after:StudentAgent.t_ShareVP,11,11,10,0
bench_happy_19,0,after:HRAgent.t_ParseVP,11,11,10,0
bench_happy_19,0,after:CompetencyNet.t_Agg_Ingest,11,11,10,0
bench_happy_19,0,after:HRAgent.t_SemanticMatch,11,11,10,0
bench_happy_19,0,after:HRAgent.t_GapAnalysis,11,11,10,0
bench_happy_19,0,after:HRAgent.t_GenerateResult,11,11,10,0
bench_happy_19,0,after:WalletNet.t_GenerateVP,11,11,10,0
bench_happy_19,0,after:WalletNet.t_ShareVP,11,11,10,0
bench_happy_19,0,terminal,11,11,10,0
bench_happy_20,0,creation,9,9,1,0
bench_happy_20,0,after:StudentAgent.t_SubmitEvidence,10,10,4,0
bench_happy_20,0,after:EvidenceNet.t_LMS_Submit,10,10,4,0
bench_happy_20,0,after:EvidenceNet.t_Review_Request,10,10,4,0
bench_happy_20,0,after:ProfessorAgent.t_StartReview,10,10,4,0
bench_happy_20,0,after:ProfessorAgent.t_AssessEvidence,10,10,4,0
bench_happy_20,0,after:ProfessorAgent.t_ApproveEvidence,10,10,5,0
bench_happy_20,0,after:UniversityAgent.t_VerifyEvidence,10,10,5,0
bench_happy_20,0,after:UniversityAgent.t_RequestCredential,11,11,7,0
bench_happy_20,0,after:CompetencyNet.t_Verification_Pass,11,11,7,0
bench_happy_20,0,after:UniversityAgent.t_IssueCredential,11,11,8,0
bench_happy_20,0,after:StudentAgent.t_WaitCredential,11,11,8,0
bench_happy_20,0,after:StudentAgent.t_ReceiveCredential,11,11,8,0
bench_happy_20,0,after:StudentAgent.t_AcceptCredential,11,11,9,0
bench_happy_20,0,after:HEDULedgerNet.t_Order,11,11,9,0
bench_happy_20,0,after:HEDULedgerNet.t_Validate,11,11,9,0
bench_happy_20,0,after:HEDULedgerNet.t_Commit,11,11,9,0
bench_happy_20,0,after:HEDULedgerNet.t_Anchor,11,11,9,0
bench_happy_20,0,after:StudentAgent.t_GenerateVP,11,11,9,0
bench_happy_20,0,after:StudentAgent.t_ShareVP,11,11,10,0
bench_happy_20,0,after:HRAgent.t_ParseVP,11,11,10,0
bench_happy_20,0,after:CompetencyNet.t_Agg_Ingest,11,11,10,0
bench_happy_20,0,after:HRAgent.t_SemanticMatch,11,11,10,0
bench_happy_20,0,after:HRAgent.t_GapAnalysis,11,11,10,0
bench_happy_20,0,after:HRAgent.t_GenerateResult,11,11,10,0
bench_happy_20,0,after:WalletNet.t_GenerateVP,11,11,10,0
bench_happy_20,0,after:WalletNet.t_ShareVP,11,11,10,0
bench_happy_20,0,terminal,11,11,10,0
bench_happy_21,0,creation,9,9,1,0
bench_happy_21,0,after:StudentAgent.t_SubmitEvidence,10,10,4,0
bench_happy_21,0,after:EvidenceNet.t_LMS_Submit,10,10,4,0
bench_happy_21,0,after:EvidenceNet.t_Review_Request,10,10,4,0
bench_happy_21,0,after:ProfessorAgent.t_StartReview,10,10,4,0
bench_happy_21,0,after:ProfessorAgent.t_AssessEvidence,10,10,4,0
bench_happy_21,0,after:ProfessorAgent.t_ApproveEvidence,10,10,5,0
bench_happy_21,0,after:UniversityAgent.t_VerifyEvidence,10,10,5,0
bench_happy_21,0,after:UniversityAgent.t_RequestCredential,11,11,7,0
bench_happy_21,0,after:CompetencyNet.t_Verification_Pass,11,11,7,0
bench_happy_21,0,after:UniversityAgent.t_IssueCredential,11,11,8,0
bench_happy_21,0,after:StudentAgent.t_WaitCredential,11,11,8,0
bench_happy_21,0,after:StudentAgent.t_ReceiveCredential,11,11,8,0
bench_happy_21,0,after:StudentAgent.t_AcceptCredential,11,11,9,0
bench_happy_21,0,after:HEDULedgerNet.t_Order,11,11,9,0
bench_happy_21,0,after:HEDULedgerNet.t_Validate,11,11,9,0
bench_happy_21,0,after:HEDULedgerNet.t_Commit,11,11,9,0
bench_happy_21,0,after:HEDULedgerNet.t_Anchor,11,11,9,0
bench_happy_21,0,after:StudentAgent.t_GenerateVP,11,11,9,0
bench_happy_21,0,after:StudentAgent.t_ShareVP,11,11,10,0
bench_happy_21,0,after:HRAgent.t_ParseVP,11,11,10,0
bench_happy_21,0,after:CompetencyNet.t_Agg_Ingest,11,11,10,0
bench_happy_21,0,after:HRAgent.t_SemanticMatch,11,11,10,0
bench_happy_21,0,after:HRAgent.t_GapAnalysis,11,11,10,0
bench_happy_21,0,after:HRAgent.t_GenerateResult,11,11,10,0
bench_happy_21,0,after:WalletNet.t_GenerateVP,11,11,10,0
bench_happy_21,0,after:WalletNet.t_ShareVP,11,11,10,0
bench_happy_21,0,terminal,11,11,10,0
bench_happy_22,0,creation,9,9,1,0
bench_happy_22,0,after:StudentAgent.t_SubmitEvidence,10,10,4,0
bench_happy_22,0,after:EvidenceNet.t_LMS_Submit,10,10,4,0
bench_happy_22,0,after:EvidenceNet.t_Review_Request,10,10,4,0
bench_happy_22,0,after:ProfessorAgent.t_StartReview,10,10,4,0
bench_happy_22,0,after:ProfessorAgent.t_AssessEvidence,10,10,4,0
bench_happy_22,0,after:ProfessorAgent.t_ApproveEvidence,10,10,5,0
bench_happy_22,0,after:UniversityAgent.t_VerifyEvidence,10,10,5,0
bench_happy_22,0,after:UniversityAgent.t_RequestCredential,11,11,7,0
bench_happy_22,0,after:CompetencyNet.t_Verification_Pass,11,11,7,0
bench_happy_22,0,after:UniversityAgent.t_IssueCredential,11,11,8,0
bench_happy_22,0,after:StudentAgent.t_WaitCredential,11,11,8,0
bench_happy_22,0,after:StudentAgent.t_ReceiveCredential,11,11,8,0
bench_happy_22,0,after:StudentAgent.t_AcceptCredential,11,11,9,0
bench_happy_22,0,after:HEDULedgerNet.t_Order,11,11,9,0
bench_happy_22,0,after:HEDULedgerNet.t_Validate,11,11,9,0
bench_happy_22,0,after:HEDULedgerNet.t_Commit,11,11,9,0
bench_happy_22,0,after:HEDULedgerNet.t_Anchor,11,11,9,0
bench_happy_22,0,after:StudentAgent.t_GenerateVP,11,11,9,0
bench_happy_22,0,after:StudentAgent.t_ShareVP,11,11,10,0
bench_happy_22,0,after:HRAgent.t_ParseVP,11,11,10,0
bench_happy_22,0,after:CompetencyNet.t_Agg_Ingest,11,11,10,0
bench_happy_22,0,after:HRAgent.t_SemanticMatch,11,11,10,0
bench_happy_22,0,after:HRAgent.t_GapAnalysis,11,11,10,0
bench_happy_22,0,after:HRAgent.t_GenerateResult,11,11,10,0
bench_happy_22,0,after:WalletNet.t_GenerateVP,11,11,10,0
bench_happy_22,0,after:WalletNet.t_ShareVP,11,11,10,0
bench_happy_22,0,terminal,11,11,10,0
bench_happy_23,0,creation,9,9,1,0
bench_happy_23,0,after:StudentAgent.t_SubmitEvidence,10,10,4,0
bench_happy_23,0,after:EvidenceNet.t_LMS_Submit,10,10,4,0
bench_happy_23,0,after:EvidenceNet.t_Review_Request,10,10,4,0
bench_happy_23,0,after:ProfessorAgent.t_StartReview,10,10,4,0
bench_happy_23,0,after:ProfessorAgent.t_AssessEvidence,10,10,4,0
bench_happy_23,0,after:ProfessorAgent.t_ApproveEvidence,10,10,5,0
bench_happy_23,0,after:UniversityAgent.t_VerifyEvidence,10,10,5,0
bench_happy_23,0,after:UniversityAgent.t_RequestCredential,11,11,7,0
bench_happy_23,0,after:CompetencyNet.t_Verification_Pass,11,11,7,0
bench_happy_23,0,after:UniversityAgent.t_IssueCredential,11,11,8,0
bench_happy_23,0,after:StudentAgent.t_WaitCredential,11,11,8,0
bench_happy_23,0,after:StudentAgent.t_ReceiveCredential,11,11,8,0
bench_happy_23,0,after:StudentAgent.t_AcceptCredential,11,11,9,0
bench_happy_23,0,after:HEDULedgerNet.t_Order,11,11,9,0
bench_happy_23,0,after:HEDULedgerNet.t_Validate,11,11,9,0
bench_happy_23,0,after:HEDULedgerNet.t_Commit,11,11,9,0
bench_happy_23,0,after:HEDULedgerNet.t_Anchor,11,11,9,0
bench_happy_23,0,after:StudentAgent.t_GenerateVP,11,11,9,0
bench_happy_23,0,after:StudentAgent.t_ShareVP,11,11,10,0
bench_happy_23,0,after:HRAgent.t_ParseVP,11,11,10,0
bench_happy_23,0,after:CompetencyNet.t_Agg_Ingest,11,11,10,0
bench_happy_23,0,after:HRAgent.t_SemanticMatch,11,11,10,0
bench_happy_23,0,after:HRAgent.t_GapAnalysis,11,11,10,0
bench_happy_23,0,after:HRAgent.t_GenerateResult,11,11,10,0
bench_happy_23,0,after:WalletNet.t_GenerateVP,11,11,10,0
bench_happy_23,0,after:WalletNet.t_ShareVP,11,11,10,0
bench_happy_23,0,terminal,11,11,10,0
bench_happy_24,0,creation,9,9,1,0
bench_happy_24,0,after:StudentAgent.t_SubmitEvidence,10,10,4,0
bench_happy_24,0,after:EvidenceNet.t_LMS_Submit,10,10,4,0
bench_happy_24,0,after:EvidenceNet.t_Review_Request,10,10,4,0
bench_happy_24,0,after:ProfessorAgent.t_StartReview,10,10,4,0
bench_happy_24,0,after:ProfessorAgent.t_AssessEvidence,10,10,4,0
bench_happy_24,0,after:ProfessorAgent.t_ApproveEvidence,10,10,5,0
bench_happy_24,0,after:UniversityAgent.t_VerifyEvidence,10,10,5,0
bench_happy_24,0,after:UniversityAgent.t_RequestCredential,11,11,7,0
bench_happy_24,0,after:CompetencyNet.t_Verification_Pass,11,11,7,0
bench_happy_24,0,after:UniversityAgent.t_IssueCredential,11,11,8,0
bench_happy_24,0,after:StudentAgent.t_WaitCredential,11,11,8,0
bench_happy_24,0,after:StudentAgent.t_ReceiveCredential,11,11,8,0
bench_happy_24,0,after:StudentAgent.t_AcceptCredential,11,11,9,0
bench_happy_24,0,after:HEDULedgerNet.t_Order,11,11,9,0
bench_happy_24,0,after:HEDULedgerNet.t_Validate,11,11,9,0
bench_happy_24,0,after:HEDULedgerNet.t_Commit,11,11,9,0
bench_happy_24,0,after:HEDULedgerNet.t_Anchor,11,11,9,0
bench_happy_24,0,after:StudentAgent.t_GenerateVP,11,11,9,0
bench_happy_24,0,after:StudentAgent.t_ShareVP,11,11,10,0
bench_happy_24,0,after:HRAgent.t_ParseVP,11,11,10,0
bench_happy_24,0,after:CompetencyNet.t_Agg_Ingest,11,11,10,0
bench_happy_24,0,after:HRAgent.t_SemanticMatch,11,11,10,0
bench_happy_24,0,after:HRAgent.t_GapAnalysis,11,11,10,0
bench_happy_24,0,after:HRAgent.t_GenerateResult,11,11,10,0
bench_happy_24,0,after:WalletNet.t_GenerateVP,11,11,10,0
bench_happy_24,0,after:WalletNet.t_ShareVP,11,11,10,0
bench_happy_24,0,terminal,11,11,10,0
bench_happy_25,0,creation,9,9,1,0
bench_happy_25,0,after:StudentAgent.t_SubmitEvidence,10,10,4,0
bench_happy_25,0,after:EvidenceNet.t_LMS_Submit,10,10,4,0
bench_happy_25,0,after:EvidenceNet.t_Review_Request,10,10,4,0
bench_happy_25,0,after:ProfessorAgent.t_StartReview,10,10,4,0
bench_happy_25,0,after:ProfessorAgent.t_AssessEvidence,10,10,4,0
bench_happy_25,0,after:ProfessorAgent.t_ApproveEvidence,10,10,5,0
bench_happy_25,0,after:UniversityAgent.t_VerifyEvidence,10,10,5,0
bench_happy_25,0,after:UniversityAgent.t_RequestCredential,11,11,7,0
bench_happy_25,0,after:CompetencyNet.t_Verification_Pass,11,11,7,0
bench_happy_25,0,after:UniversityAgent.t_IssueCredential,11,11,8,0
bench_happy_25,0,after:StudentAgent.t_WaitCredential,11,11,8,0
bench_happy_25,0,after:StudentAgent.t_ReceiveCredential,11,11,8,0
bench_happy_25,0,after:StudentAgent.t_AcceptCredential,11,11,9,0
bench_happy_25,0,after:HEDULedgerNet.t_Order,11,11,9,0
bench_happy_25,0,after:HEDULedgerNet.t_Validate,11,11,9,0
bench_happy_25,0,after:HEDULedgerNet.t_Commit,11,11,9,0
bench_happy_25,0,after:HEDULedgerNet.t_Anchor,11,11,9,0
bench_happy_25,0,after:StudentAgent.t_GenerateVP,11,11,9,0
bench_happy_25,0,after:StudentAgent.t_ShareVP,11,11,10,0
bench_happy_25,0,after:HRAgent.t_ParseVP,11,11,10,0
bench_happy_25,0,after:CompetencyNet.t_Agg_Ingest,11,11,10,0
bench_happy_25,0,after:HRAgent.t_SemanticMatch,11,11,10,0
bench_happy_25,0,after:HRAgent.t_GapAnalysis,11,11,10,0
bench_happy_25,0,after:HRAgent.t_GenerateResult,11,11,10,0
bench_happy_25,0,after:WalletNet.t_GenerateVP,11,11,10,0
bench_happy_25,0,after:WalletNet.t_ShareVP,11,11,10,0
bench_happy_25,0,terminal,11,11,10,0
bench_happy_26,0,creation,9,9,1,0
bench_happy_26,0,after:StudentAgent.t_SubmitEvidence,10,10,4,0
bench_happy_26,0,after:EvidenceNet.t_LMS_Submit,10,10,4,0
bench_happy_26,0,after:EvidenceNet.t_Review_Request,10,10,4,0
bench_happy_26,0,after:ProfessorAgent.t_StartReview,10,10,4,0
bench_happy_26,0,after:ProfessorAgent.t_AssessEvidence,10,10,4,0
bench_happy_26,0,after:ProfessorAgent.t_ApproveEvidence,10,10,5,0
bench_happy_26,0,after:UniversityAgent.t_VerifyEvidence,10,10,5,0
bench_happy_26,0,after:UniversityAgent.t_RequestCredential,11,11,7,0
bench_happy_26,0,after:CompetencyNet.t_Verification_Pass,11,11,7,0
bench_happy_26,0,after:UniversityAgent.t_IssueCredential,11,11,8,0
bench_happy_26,0,after:StudentAgent.t_WaitCredential,11,11,8,0
bench_happy_26,0,after:StudentAgent.t_ReceiveCredential,11,11,8,0
bench_happy_26,0,after:StudentAgent.t_AcceptCredential,11,11,9,0
bench_happy_26,0,after:HEDULedgerNet.t_Order,11,11,9,0
bench_happy_26,0,after:HEDULedgerNet.t_Validate,11,11,9,0
bench_happy_26,0,after:HEDULedgerNet.t_Commit,11,11,9,0
bench_happy_26,0,after:HEDULedgerNet.t_Anchor,11,11,9,0
bench_happy_26,0,after:StudentAgent.t_GenerateVP,11,11,9,0
bench_happy_26,0,after:StudentAgent.t_ShareVP,11,11,10,0
bench_happy_26,0,after:HRAgent.t_ParseVP,11,11,10,0
bench_happy_26,0,after:CompetencyNet.t_Agg_Ingest,11,11,10,0
bench_happy_26,0,after:HRAgent.t_SemanticMatch,11,11,10,0
bench_happy_26,0,after:HRAgent.t_GapAnalysis,11,11,10,0
bench_happy_26,0,after:HRAgent.t_GenerateResult,11,11,10,0
bench_happy_26,0,after:WalletNet.t_GenerateVP,11,11,10,0
bench_happy_26,0,after:WalletNet.t_ShareVP,11,11,10,0
bench_happy_26,0,terminal,11,11,10,0
bench_happy_27,0,creation,9,9,1,0
bench_happy_27,0,after:StudentAgent.t_SubmitEvidence,10,10,4,0
bench_happy_27,0,after:EvidenceNet.t_LMS_Submit,10,10,4,0
bench_happy_27,0,after:EvidenceNet.t_Review_Request,10,10,4,0
bench_happy_27,0,after:ProfessorAgent.t_StartReview,10,10,4,0
bench_happy_27,0,after:ProfessorAgent.t_AssessEvidence,10,10,4,0
bench_happy_27,0,after:ProfessorAgent.t_ApproveEvidence,10,10,5,0
bench_happy_27,0,after:UniversityAgent.t_VerifyEvidence,10,10,5,0
bench_happy_27,0,after:UniversityAgent.t_RequestCredential,11,11,7,0
bench_happy_27,0,after:CompetencyNet.t_Verification_Pass,11,11,7,0
bench_happy_27,0,after:UniversityAgent.t_IssueCredential,11,11,8,0
bench_happy_27,0,after:StudentAgent.t_WaitCredential,11,11,8,0
bench_happy_27,0,after:StudentAgent.t_ReceiveCredential,11,11,8,0
bench_happy_27,0,after:StudentAgent.t_AcceptCredential,11,11,9,0
bench_happy_27,0,after:HEDULedgerNet.t_Order,11,11,9,0
bench_happy_27,0,after:HEDULedgerNet.t_Validate,11,11,9,0
bench_happy_27,0,after:HEDULedgerNet.t_Commit,11,11,9,0
bench_happy_27,0,after:HEDULedgerNet.t_Anchor,11,11,9,0
bench_happy_27,0,after:StudentAgent.t_GenerateVP,11,11,9,0
bench_happy_27,0,after:StudentAgent.t_ShareVP,11,11,10,0
bench_happy_27,0,after:HRAgent.t_ParseVP,11,11,10,0
bench_happy_27,0,after:CompetencyNet.t_Agg_Ingest,11,11,10,0
bench_happy_27,0,after:HRAgent.t_SemanticMatch,11,11,10,0
bench_happy_27,0,after:HRAgent.t_GapAnalysis,11,11,10,0
bench_happy_27,0,after:HRAgent.t_GenerateResult,11,11,10,0
bench_happy_27,0,after:WalletNet.t_GenerateVP,11,11,10,0
bench_happy_27,0,after:WalletNet.t_ShareVP,11,11,10,0
bench_happy_27,0,terminal,11,11,10,0
bench_happy_28,0,creation,9,9,1,0
bench_happy_28,0,after:StudentAgent.t_SubmitEvidence,10,10,4,0
bench_happy_28,0,after:EvidenceNet.t_LMS_Submit,10,10,4,0
bench_happy_28,0,after:EvidenceNet.t_Review_Request,10,10,4,0
bench_happy_28,0,after:ProfessorAgent.t_StartReview,10,10,4,0
bench_happy_28,0,after:ProfessorAgent.t_AssessEvidence,10,10,4,0
bench_happy_28,0,after:ProfessorAgent.t_ApproveEvidence,10,10,5,0
bench_happy_28,0,after:UniversityAgent.t_VerifyEvidence,10,10,5,0
bench_happy_28,0,after:UniversityAgent.t_RequestCredential,11,11,7,0
bench_happy_28,0,after:CompetencyNet.t_Verification_Pass,11,11,7,0
bench_happy_28,0,after:UniversityAgent.t_IssueCredential,11,11,8,0
bench_happy_28,0,after:StudentAgent.t_WaitCredential,11,11,8,0
bench_happy_28,0,after:StudentAgent.t_ReceiveCredential,11,11,8,0
bench_happy_28,0,after:StudentAgent.t_AcceptCredential,11,11,9,0
bench_happy_28,0,after:HEDULedgerNet.t_Order,11,11,9,0
bench_happy_28,0,after:HEDULedgerNet.t_Validate,11,11,9,0
bench_happy_28,0,after:HEDULedgerNet.t_Commit,11,11,9,0
bench_happy_28,0,after:HEDULedgerNet.t_Anchor,11,11,9,0
bench_happy_28,0,after:StudentAgent.t_GenerateVP,11,11,9,0
bench_happy_28,0,after:StudentAgent.t_ShareVP,11,11,10,0
bench_happy_28,0,after:HRAgent.t_ParseVP,11,11,10,0
bench_happy_28,0,after:CompetencyNet.t_Agg_Ingest,11,11,10,0
bench_happy_28,0,after:HRAgent.t_SemanticMatch,11,11,10,0
bench_happy_28,0,after:HRAgent.t_GapAnalysis,11,11,10,0
bench_happy_28,0,after:HRAgent.t_GenerateResult,11,11,10,0
bench_happy_28,0,after:WalletNet.t_GenerateVP,11,11,10,0
bench_happy_28,0,after:WalletNet.t_ShareVP,11,11,10,0
bench_happy_28,0,terminal,11,11,10,0
bench_happy_29,0,creation,9,9,1,0
bench_happy_29,0,after:StudentAgent.t_SubmitEvidence,10,10,4,0
bench_happy_29,0,after:EvidenceNet.t_LMS_Submit,10,10,4,0
bench_happy_29,0,after:EvidenceNet.t_Review_Request,10,10,4,0
bench_happy_29,0,after:ProfessorAgent.t_StartReview,10,10,4,0
bench_happy_29,0,after:ProfessorAgent.t_AssessEvidence,10,10,4,0
bench_happy_29,0,after:ProfessorAgent.t_ApproveEvidence,10,10,5,0
bench_happy_29,0,after:UniversityAgent.t_VerifyEvidence,10,10,5,0
bench_happy_29,0,after:UniversityAgent.t_RequestCredential,11,11,7,0
bench_happy_29,0,after:CompetencyNet.t_Verification_Pass,11,11,7,0
bench_happy_29,0,after:UniversityAgent.t_IssueCredential,11,11,8,0
bench_happy_29,0,after:StudentAgent.t_WaitCredential,11,11,8,0
bench_happy_29,0,after:StudentAgent.t_ReceiveCredential,11,11,8,0
bench_happy_29,0,after:StudentAgent.t_AcceptCredential,11,11,9,0
bench_happy_29,0,after:HEDULedgerNet.t_Order,11,11,9,0
bench_happy_29,0,after:HEDULedgerNet.t_Validate,11,11,9,0
bench_happy_29,0,after:HEDULedgerNet.t_Commit,11,11,9,0
bench_happy_29,0,after:HEDULedgerNet.t_Anchor,11,11,9,0
bench_happy_29,0,after:StudentAgent.t_GenerateVP,11,11,9,0
bench_happy_29,0,after:StudentAgent.t_ShareVP,11,11,10,0
bench_happy_29,0,after:HRAgent.t_ParseVP,11,11,10,0
bench_happy_29,0,after:CompetencyNet.t_Agg_Ingest,11,11,10,0
bench_happy_29,0,after:HRAgent.t_SemanticMatch,11,11,10,0
bench_happy_29,0,after:HRAgent.t_GapAnalysis,11,11,10,0
bench_happy_29,0,after:HRAgent.t_GenerateResult,11,11,10,0
bench_happy_29,0,after:WalletNet.t_GenerateVP,11,11,10,0
bench_happy_29,0,after:WalletNet.t_ShareVP,11,11,10,0
bench_happy_29,0,terminal,11,11,10,0
bench_happy_30,0,creation,9,9,1,0
bench_happy_30,0,after:StudentAgent.t_SubmitEvidence,10,10,4,0
bench_happy_30,0,after:EvidenceNet.t_LMS_Submit,10,10,4,0
bench_happy_30,0,after:EvidenceNet.t_Review_Request,10,10,4,0
bench_happy_30,0,after:ProfessorAgent.t_StartReview,10,10,4,0
bench_happy_30,0,after:ProfessorAgent.t_AssessEvidence,10,10,4,0
bench_happy_30,0,after:ProfessorAgent.t_ApproveEvidence,10,10,5,0
bench_happy_30,0,after:UniversityAgent.t_VerifyEvidence,10,10,5,0
bench_happy_30,0,after:UniversityAgent.t_RequestCredential,11,11,7,0
bench_happy_30,0,after:CompetencyNet.t_Verification_Pass,11,11,7,0
bench_happy_30,0,after:UniversityAgent.t_IssueCredential,11,11,8,0
bench_happy_30,0,after:StudentAgent.t_WaitCredential,11,11,8,0
bench_happy_30,0,after:StudentAgent.t_ReceiveCredential,11,11,8,0
bench_happy_30,0,after:StudentAgent.t_AcceptCredential,11,11,9,0
bench_happy_30,0,after:HEDULedgerNet.t_Order,11,11,9,0
bench_happy_30,0,after:HEDULedgerNet.t_Validate,11,11,9,0
bench_happy_30,0,after:HEDULedgerNet.t_Commit,11,11,9,0
bench_happy_30,0,after:HEDULedgerNet.t_Anchor,11,11,9,0
bench_happy_30,0,after:StudentAgent.t_GenerateVP,11,11,9,0
bench_happy_30,0,after:StudentAgent.t_ShareVP,11,11,10,0
bench_happy_30,0,after:HRAgent.t_ParseVP,11,11,10,0
bench_happy_30,0,after:CompetencyNet.t_Agg_Ingest,11,11,10,0
bench_happy_30,0,after:HRAgent.t_SemanticMatch,11,11,10,0
bench_happy_30,0,after:HRAgent.t_GapAnalysis,11,11,10,0
bench_happy_30,0,after:HRAgent.t_GenerateResult,11,11,10,0
bench_happy_30,0,after:WalletNet.t_GenerateVP,11,11,10,0
bench_happy_30,0,after:WalletNet.t_ShareVP,11,11,10,0
bench_happy_30,0,terminal,11,11,10,0
bench_reject_01,0,creation,9,9,1,0
bench_reject_01,0,after:StudentAgent.t_SubmitEvidence,10,10,4,0
bench_reject_01,0,after:EvidenceNet.t_LMS_Submit,10,10,4,0
bench_reject_01,0,after:EvidenceNet.t_Review_Request,10,10,4,0
bench_reject_01,0,after:ProfessorAgent.t_StartReview,10,10,4,0
bench_reject_01,0,after:ProfessorAgent.t_AssessEvidence,10,10,4,0
bench_reject_01,0,after:ProfessorAgent.t_ApproveEvidence,10,10,5,0
bench_reject_01,0,after:UniversityAgent.t_VerifyEvidence,10,10,5,0
bench_reject_01,0,after:UniversityAgent.t_RequestCredential,11,11,7,0
bench_reject_01,0,after:CompetencyNet.t_Verification_Pass,11,11,7,0
bench_reject_01,0,after:UniversityAgent.t_IssueCredential,11,11,8,0
bench_reject_01,0,after:StudentAgent.t_WaitCredential,11,11,8,0
bench_reject_01,0,after:StudentAgent.t_ReceiveCredential,11,11,8,0
bench_reject_01,0,after:StudentAgent.t_RejectCredential,11,11,8,0
bench_reject_01,0,terminal,11,11,8,0
bench_reject_02,0,creation,9,9,1,0
bench_reject_02,0,after:StudentAgent.t_SubmitEvidence,10,10,4,0
bench_reject_02,0,after:EvidenceNet.t_LMS_Submit,10,10,4,0
bench_reject_02,0,after:EvidenceNet.t_Review_Request,10,10,4,0
bench_reject_02,0,after:ProfessorAgent.t_StartReview,10,10,4,0
bench_reject_02,0,after:ProfessorAgent.t_AssessEvidence,10,10,4,0
bench_reject_02,0,after:ProfessorAgent.t_ApproveEvidence,10,10,5,0
bench_reject_02,0,after:UniversityAgent.t_VerifyEvidence,10,10,5,0
bench_reject_02,0,after:UniversityAgent.t_RequestCredential,11,11,7,0
bench_reject_02,0,after:CompetencyNet.t_Verification_Pass,11,11,7,0
bench_reject_02,0,after:UniversityAgent.t_IssueCredential,11,11,8,0
bench_reject_02,0,after:StudentAgent.t_WaitCredential,11,11,8,0
bench_reject_02,0,after:StudentAgent.t_ReceiveCredential,11,11,8,0
bench_reject_02,0,after:StudentAgent.t_RejectCredential,11,11,8,0
bench_reject_02,0,terminal,11,11,8,0
bench_reject_03,0,creation,9,9,1,0
bench_reject_03,0,after:StudentAgent.t_SubmitEvidence,10,10,4,0
bench_reject_03,0,after:EvidenceNet.t_LMS_Submit,10,10,4,0
bench_reject_03,0,after:EvidenceNet.t_Review_Request,10,10,4,0
bench_reject_03,0,after:ProfessorAgent.t_StartReview,10,10,4,0
bench_reject_03,0,after:ProfessorAgent.t_AssessEvidence,10,10,4,0
bench_reject_03,0,after:ProfessorAgent.t_ApproveEvidence,10,10,5,0
bench_reject_03,0,after:UniversityAgent.t_VerifyEvidence,10,10,5,0
bench_reject_03,0,after:UniversityAgent.t_RequestCredential,11,11,7,0
bench_reject_03,0,after:CompetencyNet.t_Verification_Pass,11,11,7,0
bench_reject_03,0,after:UniversityAgent.t_IssueCredential,11,11,8,0
bench_reject_03,0,after:StudentAgent.t_WaitCredential,11,11,8,0
bench_reject_03,0,after:StudentAgent.t_ReceiveCredential,11,11,8,0
bench_reject_03,0,after:StudentAgent.t_RejectCredential,11,11,8,0
bench_reject_03,0,terminal,11,11,8,0
bench_reject_04,0,creation,9,9,1,0
bench_reject_04,0,after:StudentAgent.t_SubmitEvidence,10,10,4,0
bench_reject_04,0,after:EvidenceNet.t_LMS_Submit,10,10,4,0
bench_reject_04,0,after:EvidenceNet.t_Review_Request,10,10,4,0
bench_reject_04,0,after:ProfessorAgent.t_StartReview,10,10,4,0
bench_reject_04,0,after:ProfessorAgent.t_AssessEvidence,10,10,4,0
bench_reject_04,0,after:ProfessorAgent.t_ApproveEvidence,10,10,5,0
bench_reject_04,0,after:UniversityAgent.t_VerifyEvidence,10,10,5,0
bench_reject_04,0,after:UniversityAgent.t_RequestCredential,11,11,7,0
bench_reject_04,0,after:CompetencyNet.t_Verification_Pass,11,11,7,0
bench_reject_04,0,after:UniversityAgent.t_IssueCredential,11,11,8,0
bench_reject_04,0,after:StudentAgent.t_WaitCredential,11,11,8,0
bench_reject_04,0,after:StudentAgent.t_ReceiveCredential,11,11,8,0
bench_reject_04,0,after:StudentAgent.t_RejectCredential,11,11,8,0
bench_reject_04,0,terminal,11,11,8,0
bench_reject_05,0,creation,9,9,1,0
bench_reject_05,0,after:StudentAgent.t_SubmitEvidence,10,10,4,0
bench_reject_05,0,after:EvidenceNet.t_LMS_Submit,10,10,4,0
bench_reject_05,0,after:EvidenceNet.t_Review_Request,10,10,4,0
bench_reject_05,0,after:ProfessorAgent.t_StartReview,10,10,4,0
bench_reject_05,0,after:ProfessorAgent.t_AssessEvidence,10,10,4,0
bench_reject_05,0,after:ProfessorAgent.t_ApproveEvidence,10,10,5,0
bench_reject_05,0,after:UniversityAgent.t_VerifyEvidence,10,10,5,0
bench_reject_05,0,after:UniversityAgent.t_RequestCredential,11,11,7,0
bench_reject_05,0,after:CompetencyNet.t_Verification_Pass,11,11,7,0
bench_reject_05,0,after:UniversityAgent.t_IssueCredential,11,11,8,0
bench_reject_05,0,after:StudentAgent.t_WaitCredential,11,11,8,0
bench_reject_05,0,after:StudentAgent.t_ReceiveCredential,11,11,8,0
bench_reject_05,0,after:StudentAgent.t_RejectCredential,11,11,8,0
bench_reject_05,0,terminal,11,11,8,0
bench_reject_06,0,creation,9,9,1,0
bench_reject_06,0,after:StudentAgent.t_SubmitEvidence,10,10,4,0
bench_reject_06,0,after:EvidenceNet.t_LMS_Submit,10,10,4,0
bench_reject_06,0,after:EvidenceNet.t_Review_Request,10,10,4,0
bench_reject_06,0,after:ProfessorAgent.t_StartReview,10,10,4,0
bench_reject_06,0,after:ProfessorAgent.t_AssessEvidence,10,10,4,0
bench_reject_06,0,after:ProfessorAgent.t_ApproveEvidence,10,10,5,0
bench_reject_06,0,after:UniversityAgent.t_VerifyEvidence,10,10,5,0
bench_reject_06,0,after:UniversityAgent.t_RequestCredential,11,11,7,0
bench_reject_06,0,after:CompetencyNet.t_Verification_Pass,11,11,7,0
bench_reject_06,0,after:UniversityAgent.t_IssueCredential,11,11,8,0
bench_reject_06,0,after:StudentAgent.t_WaitCredential,11,11,8,0
bench_reject_06,0,after:StudentAgent.t_ReceiveCredential,11,11,8,0
bench_reject_06,0,after:StudentAgent.t_RejectCredential,11,11,8,0
bench_reject_06,0,terminal,11,11,8,0
bench_reject_07,0,creation,9,9,1,0
bench_reject_07,0,after:StudentAgent.t_SubmitEvidence,10,10,4,0
bench_reject_07,0,after:EvidenceNet.t_LMS_Submit,10,10,4,0
bench_reject_07,0,after:EvidenceNet.t_Review_Request,10,10,4,0
bench_reject_07,0,after:ProfessorAgent.t_StartReview,10,10,4,0
bench_reject_07,0,after:ProfessorAgent.t_AssessEvidence,10,10,4,0
bench_reject_07,0,after:ProfessorAgent.t_ApproveEvidence,10,10,5,0
bench_reject_07,0,after:UniversityAgent.t_VerifyEvidence,10,10,5,0
bench_reject_07,0,after:UniversityAgent.t_RequestCredential,11,11,7,0
bench_reject_07,0,after:CompetencyNet.t_Verification_Pass,11,11,7,0
bench_reject_07,0,after:UniversityAgent.t_IssueCredential,11,11,8,0
bench_reject_07,0,after:StudentAgent.t_WaitCredential,11,11,8,0
bench_reject_07,0,after:StudentAgent.t_ReceiveCredential,11,11,8,0
bench_reject_07,0,after:StudentAgent.t_RejectCredential,11,11,8,0
bench_reject_07,0,terminal,11,11,8,0
bench_reject_08,0,creation,9,9,1,0
bench_reject_08,0,after:StudentAgent.t_SubmitEvidence,10,10,4,0
bench_reject_08,0,after:EvidenceNet.t_LMS_Submit,10,10,4,0
bench_reject_08,0,after:EvidenceNet.t_Review_Request,10,10,4,0
bench_reject_08,0,after:ProfessorAgent.t_StartReview,10,10,4,0
bench_reject_08,0,after:ProfessorAgent.t_AssessEvidence,10,10,4,0
bench_reject_08,0,after:ProfessorAgent.t_ApproveEvidence,10,10,5,0
bench_reject_08,0,after:UniversityAgent.t_VerifyEvidence,10,10,5,0
bench_reject_08,0,after:UniversityAgent.t_RequestCredential,11,11,7,0
bench_reject_08,0,after:CompetencyNet.t_Verification_Pass,11,11,7,0
bench_reject_08,0,after:UniversityAgent.t_IssueCredential,11,11,8,0
bench_reject_08,0,after:StudentAgent.t_WaitCredential,11,11,8,0
bench_reject_08,0,after:StudentAgent.t_ReceiveCredential,11,11,8,0
bench_reject_08,0,after:StudentAgent.t_RejectCredential,11,11,8,0
bench_reject_08,0,terminal,11,11,8,0
bench_reject_09,0,creation,9,9,1,0
bench_reject_09,0,after:StudentAgent.t_SubmitEvidence,10,10,4,0
bench_reject_09,0,after:EvidenceNet.t_LMS_Submit,10,10,4,0
bench_reject_09,0,after:EvidenceNet.t_Review_Request,10,10,4,0
bench_reject_09,0,after:ProfessorAgent.t_StartReview,10,10,4,0
bench_reject_09,0,after:ProfessorAgent.t_AssessEvidence,10,10,4,0
bench_reject_09,0,after:ProfessorAgent.t_ApproveEvidence,10,10,5,0
bench_reject_09,0,after:UniversityAgent.t_VerifyEvidence,10,10,5,0
bench_reject_09,0,after:UniversityAgent.t_RequestCredential,11,11,7,0
bench_reject_09,0,after:CompetencyNet.t_Verification_Pass,11,11,7,0
bench_reject_09,0,after:UniversityAgent.t_IssueCredential,11,11,8,0
bench_reject_09,0,after:StudentAgent.t_WaitCredential,11,11,8,0
bench_reject_09,0,after:StudentAgent.t_ReceiveCredential,11,11,8,0
bench_reject_09,0,after:StudentAgent.t_RejectCredential,11,11,8,0
bench_reject_09,0,terminal,11,11,8,0
bench_reject_10,0,creation,9,9,1,0
bench_reject_10,0,after:StudentAgent.t_SubmitEvidence,10,10,4,0
bench_reject_10,0,after:EvidenceNet.t_LMS_Submit,10,10,4,0
bench_reject_10,0,after:EvidenceNet.t_Review_Request,10,10,4,0
bench_reject_10,0,after:ProfessorAgent.t_StartReview,10,10,4,0
bench_reject_10,0,after:ProfessorAgent.t_AssessEvidence,10,10,4,0
bench_reject_10,0,after:ProfessorAgent.t_ApproveEvidence,10,10,5,0
bench_reject_10,0,after:UniversityAgent.t_VerifyEvidence,10,10,5,0
bench_reject_10,0,after:UniversityAgent.t_RequestCredential,11,11,7,0
bench_reject_10,0,after:CompetencyNet.t_Verification_Pass,11,11,7,0
bench_reject_10,0,after:UniversityAgent.t_IssueCredential,11,11,8,0
bench_reject_10,0,after:StudentAgent.t_WaitCredential,11,11,8,0
bench_reject_10,0,after:StudentAgent.t_ReceiveCredential,11,11,8,0
bench_reject_10,0,after:StudentAgent.t_RejectCredential,11,11,8,0
bench_reject_10,0,terminal,11,11,8,0
bench_reject_11,0,creation,9,9,1,0
bench_reject_11,0,after:StudentAgent.t_SubmitEvidence,10,10,4,0
bench_reject_11,0,after:EvidenceNet.t_LMS_Submit,10,10,4,0
bench_reject_11,0,after:EvidenceNet.t_Review_Request,10,10,4,0
bench_reject_11,0,after:ProfessorAgent.t_StartReview,10,10,4,0
bench_reject_11,0,after:ProfessorAgent.t_AssessEvidence,10,10,4,0
bench_reject_11,0,after:ProfessorAgent.t_ApproveEvidence,10,10,5,0
bench_reject_11,0,after:UniversityAgent.t_VerifyEvidence,10,10,5,0
bench_reject_11,0,after:UniversityAgent.t_RequestCredential,11,11,7,0
bench_reject_11,0,after:CompetencyNet.t_Verification_Pass,11,11,7,0
bench_reject_11,0,after:UniversityAgent.t_IssueCredential,11,11,8,0
bench_reject_11,0,after:StudentAgent.t_WaitCredential,11,11,8,0
bench_reject_11,0,after:StudentAgent.t_ReceiveCredential,11,11,8,0
bench_reject_11,0,after:StudentAgent.t_RejectCredential,11,11,8,0
bench_reject_11,0,terminal,11,11,8,0
bench_reject_12,0,creation,9,9,1,0
bench_reject_12,0,after:StudentAgent.t_SubmitEvidence,10,10,4,0
bench_reject_12,0,after:EvidenceNet.t_LMS_Submit,10,10,4,0
bench_reject_12,0,after:EvidenceNet.t_Review_Request,10,10,4,0
bench_reject_12,0,after:ProfessorAgent.t_StartReview,10,10,4,0
bench_reject_12,0,after:ProfessorAgent.t_AssessEvidence,10,10,4,0
bench_reject_12,0,after:ProfessorAgent.t_ApproveEvidence,10,10,5,0
bench_reject_12,0,after:UniversityAgent.t_VerifyEvidence,10,10,5,0
bench_reject_12,0,after:UniversityAgent.t_RequestCredential,11,11,7,0
bench_reject_12,0,after:CompetencyNet.t_Verification_Pass,11,11,7,0
bench_reject_12,0,after:UniversityAgent.t_IssueCredential,11,11,8,0
bench_reject_12,0,after:StudentAgent.t_WaitCredential,11,11,8,0
bench_reject_12,0,after:StudentAgent.t_ReceiveCredential,11,11,8,0
bench_reject_12,0,after:StudentAgent.t_RejectCredential,11,11,8,0
bench_reject_12,0,terminal,11,11,8,0
bench_reject_13,0,creation,9,9,1,0
bench_reject_13,0,after:StudentAgent.t_SubmitEvidence,10,10,4,0
bench_reject_13,0,after:EvidenceNet.t_LMS_Submit,10,10,4,0
bench_reject_13,0,after:EvidenceNet.t_Review_Request,10,10,4,0
bench_reject_13,0,after:ProfessorAgent.t_StartReview,10,10,4,0
bench_reject_13,0,after:ProfessorAgent.t_AssessEvidence,10,10,4,0
bench_reject_13,0,after:ProfessorAgent.t_ApproveEvidence,10,10,5,0
bench_reject_13,0,after:UniversityAgent.t_VerifyEvidence,10,10,5,0
bench_reject_13,0,after:UniversityAgent.t_RequestCredential,11,11,7,0
bench_reject_13,0,after:CompetencyNet.t_Verification_Pass,11,11,7,0
bench_reject_13,0,after:UniversityAgent.t_IssueCredential,11,11,8,0
bench_reject_13,0,after:StudentAgent.t_WaitCredential,11,11,8,0
bench_reject_13,0,after:StudentAgent.t_ReceiveCredential,11,11,8,0
bench_reject_13,0,after:StudentAgent.t_RejectCredential,11,11,8,0
bench_reject_13,0,terminal,11,11,8,0
bench_reject_14,0,creation,9,9,1,0
bench_reject_14,0,after:StudentAgent.t_SubmitEvidence,10,10,4,0
bench_reject_14,0,after:EvidenceNet.t_LMS_Submit,10,10,4,0
bench_reject_14,0,after:EvidenceNet.t_Review_Request,10,10,4,0
bench_reject_14,0,after:ProfessorAgent.t_StartReview,10,10,4,0
bench_reject_14,0,after:ProfessorAgent.t_AssessEvidence,10,10,4,0
bench_reject_14,0,after:ProfessorAgent.t_ApproveEvidence,10,10,5,0
bench_reject_14,0,after:UniversityAgent.t_VerifyEvidence,10,10,5,0
bench_reject_14,0,after:UniversityAgent.t_RequestCredential,11,11,7,0
bench_reject_14,0,after:CompetencyNet.t_Verification_Pass,11,11,7,0
bench_reject_14,0,after:UniversityAgent.t_IssueCredential,11,11,8,0
bench_reject_14,0,after:StudentAgent.t_WaitCredential,11,11,8,0
bench_reject_14,0,after:StudentAgent.t_ReceiveCredential,11,11,8,0
bench_reject_14,0,after:StudentAgent.t_RejectCredential,11,11,8,0
bench_reject_14,0,terminal,11,11,8,0
bench_reject_15,0,creation,9,9,1,0
bench_reject_15,0,after:StudentAgent.t_SubmitEvidence,10,10,4,0
bench_reject_15,0,after:EvidenceNet.t_LMS_Submit,10,10,4,0
bench_reject_15,0,after:EvidenceNet.t_Review_Request,10,10,4,0
bench_reject_15,0,after:ProfessorAgent.t_StartReview,10,10,4,0
bench_reject_15,0,after:ProfessorAgent.t_AssessEvidence,10,10,4,0
bench_reject_15,0,after:ProfessorAgent.t_ApproveEvidence,10,10,5,0
bench_reject_15,0,after:UniversityAgent.t_VerifyEvidence,10,10,5,0
bench_reject_15,0,after:UniversityAgent.t_RequestCredential,11,11,7,0
bench_reject_15,0,after:CompetencyNet.t_Verification_Pass,11,11,7,0
bench_reject_15,0,after:UniversityAgent.t_IssueCredential,11,11,8,0
bench_reject_15,0,after:StudentAgent.t_WaitCredential,11,11,8,0
bench_reject_15,0,after:StudentAgent.t_ReceiveCredential,11,11,8,0
bench_reject_15,0,after:StudentAgent.t_RejectCredential,11,11,8,0
bench_reject_15,0,terminal,11,11,8,0
bench_reject_16,0,creation,9,9,1,0
bench_reject_16,0,after:StudentAgent.t_SubmitEvidence,10,10,4,0
bench_reject_16,0,after:EvidenceNet.t_LMS_Submit,10,10,4,0
bench_reject_16,0,after:EvidenceNet.t_Review_Request,10,10,4,0
bench_reject_16,0,after:ProfessorAgent.t_StartReview,10,10,4,0
bench_reject_16,0,after:ProfessorAgent.t_AssessEvidence,10,10,4,0
bench_reject_16,0,after:ProfessorAgent.t_ApproveEvidence,10,10,5,0
bench_reject_16,0,after:UniversityAgent.t_VerifyEvidence,10,10,5,0
bench_reject_16,0,after:UniversityAgent.t_RequestCredential,11,11,7,0
bench_reject_16,0,after:CompetencyNet.t_Verification_Pass,11,11,7,0
bench_reject_16,0,after:UniversityAgent.t_IssueCredential,11,11,8,0
bench_reject_16,0,after:StudentAgent.t_WaitCredential,11,11,8,0
bench_reject_16,0,after:StudentAgent.t_ReceiveCredential,11,11,8,0
bench_reject_16,0,after:StudentAgent.t_RejectCredential,11,11,8,0
bench_reject_16,0,terminal,11,11,8,0
bench_reject_17,0,creation,9,9,1,0
bench_reject_17,0,after:StudentAgent.t_SubmitEvidence,10,10,4,0
bench_reject_17,0,after:EvidenceNet.t_LMS_Submit,10,10,4,0
bench_reject_17,0,after:EvidenceNet.t_Review_Request,10,10,4,0
bench_reject_17,0,after:ProfessorAgent.t_StartReview,10,10,4,0
bench_reject_17,0,after:ProfessorAgent.t_AssessEvidence,10,10,4,0
bench_reject_17,0,after:ProfessorAgent.t_ApproveEvidence,10,10,5,0
bench_reject_17,0,after:UniversityAgent.t_VerifyEvidence,10,10,5,0
bench_reject_17,0,after:UniversityAgent.t_RequestCredential,11,11,7,0
bench_reject_17,0,after:CompetencyNet.t_Verification_Pass,11,11,7,0
bench_reject_17,0,after:UniversityAgent.t_IssueCredential,11,11,8,0
bench_reject_17,0,after:StudentAgent.t_WaitCredential,11,11,8,0
bench_reject_17,0,after:StudentAgent.t_ReceiveCredential,11,11,8,0
bench_reject_17,0,after:StudentAgent.t_RejectCredential,11,11,8,0
bench_reject_17,0,terminal,11,11,8,0
bench_reject_18,0,creation,9,9,1,0
bench_reject_18,0,after:StudentAgent.t_SubmitEvidence,10,10,4,0
bench_reject_18,0,after:EvidenceNet.t_LMS_Submit,10,10,4,0
bench_reject_18,0,after:EvidenceNet.t_Review_Request,10,10,4,0
bench_reject_18,0,after:ProfessorAgent.t_StartReview,10,10,4,0
bench_reject_18,0,after:ProfessorAgent.t_AssessEvidence,10,10,4,0
bench_reject_18,0,after:ProfessorAgent.t_ApproveEvidence,10,10,5,0
bench_reject_18,0,after:UniversityAgent.t_VerifyEvidence,10,10,5,0
bench_reject_18,0,after:UniversityAgent.t_RequestCredential,11,11,7,0
bench_reject_18,0,after:CompetencyNet.t_Verification_Pass,11,11,7,0
bench_reject_18,0,after:UniversityAgent.t_IssueCredential,11,11,8,0
bench_reject_18,0,after:StudentAgent.t_WaitCredential,11,11,8,0
bench_reject_18,0,after:StudentAgent.t_ReceiveCredential,11,11,8,0
bench_reject_18,0,after:StudentAgent.t_RejectCredential,11,11,8,0
bench_reject_18,0,terminal,11,11,8,0
bench_reject_19,0,creation,9,9,1,0
bench_reject_19,0,after:StudentAgent.t_SubmitEvidence,10,10,4,0
bench_reject_19,0,after:EvidenceNet.t_LMS_Submit,10,10,4,0
bench_reject_19,0,after:EvidenceNet.t_Review_Request,10,10,4,0
bench_reject_19,0,after:ProfessorAgent.t_StartReview,10,10,4,0
bench_reject_19,0,after:ProfessorAgent.t_AssessEvidence,10,10,4,0
bench_reject_19,0,after:ProfessorAgent.t_ApproveEvidence,10,10,5,0
bench_reject_19,0,after:UniversityAgent.t_VerifyEvidence,10,10,5,0
bench_reject_19,0,after:UniversityAgent.t_RequestCredential,11,11,7,0
bench_reject_19,0,after:CompetencyNet.t_Verification_Pass,11,11,7,0
bench_reject_19,0,after:UniversityAgent.t_IssueCredential,11,11,8,0
bench_reject_19,0,after:StudentAgent.t_WaitCredential,11,11,8,0
bench_reject_19,0,after:StudentAgent.t_ReceiveCredential,11,11,8,0
bench_reject_19,0,after:StudentAgent.t_RejectCredential,11,11,8,0
bench_reject_19,0,terminal,11,11,8,0
bench_reject_20,0,creation,9,9,1,0
bench_reject_20,0,after:StudentAgent.t_SubmitEvidence,10,10,4,0
bench_reject_20,0,after:EvidenceNet.t_LMS_Submit,10,10,4,0
bench_reject_20,0,after:EvidenceNet.t_Review_Request,10,10,4,0
bench_reject_20,0,after:ProfessorAgent.t_StartReview,10,10,4,0
bench_reject_20,0,after:ProfessorAgent.t_AssessEvidence,10,10,4,0
bench_reject_20,0,after:ProfessorAgent.t_ApproveEvidence,10,10,5,0
bench_reject_20,0,after:UniversityAgent.t_VerifyEvidence,10,10,5,0
bench_reject_20,0,after:UniversityAgent.t_RequestCredential,11,11,7,0
bench_reject_20,0,after:CompetencyNet.t_Verification_Pass,11,11,7,0
bench_reject_20,0,after:UniversityAgent.t_IssueCredential,11,11,8,0
bench_reject_20,0,after:StudentAgent.t_WaitCredential,11,11,8,0
bench_reject_20,0,after:StudentAgent.t_ReceiveCredential,11,11,8,0
bench_reject_20,0,after:StudentAgent.t_RejectCredential,11,11,8,0
bench_reject_20,0,terminal,11,11,8,0
bench_reject_21,0,creation,9,9,1,0
bench_reject_21,0,after:StudentAgent.t_SubmitEvidence,10,10,4,0
bench_reject_21,0,after:EvidenceNet.t_LMS_Submit,10,10,4,0
bench_reject_21,0,after:EvidenceNet.t_Review_Request,10,10,4,0
bench_reject_21,0,after:ProfessorAgent.t_StartReview,10,10,4,0
bench_reject_21,0,after:ProfessorAgent.t_AssessEvidence,10,10,4,0
bench_reject_21,0,after:ProfessorAgent.t_ApproveEvidence,10,10,5,0
bench_reject_21,0,after:UniversityAgent.t_VerifyEvidence,10,10,5,0
bench_reject_21,0,after:UniversityAgent.t_RequestCredential,11,11,7,0
bench_reject_21,0,after:CompetencyNet.t_Verification_Pass,11,11,7,0
bench_reject_21,0,after:UniversityAgent.t_IssueCredential,11,11,8,0
bench_reject_21,0,after:StudentAgent.t_WaitCredential,11,11,8,0
bench_reject_21,0,after:StudentAgent.t_ReceiveCredential,11,11,8,0
bench_reject_21,0,after:StudentAgent.t_RejectCredential,11,11,8,0
bench_reject_21,0,terminal,11,11,8,0
bench_reject_22,0,creation,9,9,1,0
bench_reject_22,0,after:StudentAgent.t_SubmitEvidence,10,10,4,0
bench_reject_22,0,after:EvidenceNet.t_LMS_Submit,10,10,4,0
bench_reject_22,0,after:EvidenceNet.t_Review_Request,10,10,4,0
bench_reject_22,0,after:ProfessorAgent.t_StartReview,10,10,4,0
bench_reject_22,0,after:ProfessorAgent.t_AssessEvidence,10,10,4,0
bench_reject_22,0,after:ProfessorAgent.t_ApproveEvidence,10,10,5,0
bench_reject_22,0,after:UniversityAgent.t_VerifyEvidence,10,10,5,0
bench_reject_22,0,after:UniversityAgent.t_RequestCredential,11,11,7,0
bench_reject_22,0,after:CompetencyNet.t_Verification_Pass,11,11,7,0
bench_reject_22,0,after:UniversityAgent.t_IssueCredential,11,11,8,0
bench_reject_22,0,after:StudentAgent.t_WaitCredential,11,11,8,0
bench_reject_22,0,after:StudentAgent.t_ReceiveCredential,11,11,8,0
bench_reject_22,0,after:StudentAgent.t_RejectCredential,11,11,8,0
bench_reject_22,0,terminal,11,11,8,0
bench_reject_23,0,creation,9,9,1,0
bench_reject_23,0,after:StudentAgent.t_SubmitEvidence,10,10,4,0
bench_reject_23,0,after:EvidenceNet.t_LMS_Submit,10,10,4,0
bench_reject_23,0,after:EvidenceNet.t_Review_Request,10,10,4,0
bench_reject_23,0,after:ProfessorAgent.t_StartReview,10,10,4,0
bench_reject_23,0,after:ProfessorAgent.t_AssessEvidence,10,10,4,0
bench_reject_23,0,after:ProfessorAgent.t_ApproveEvidence,10,10,5,0
bench_reject_23,0,after:UniversityAgent.t_VerifyEvidence,10,10,5,0
bench_reject_23,0,after:UniversityAgent.t_RequestCredential,11,11,7,0
bench_reject_23,0,after:CompetencyNet.t_Verification_Pass,11,11,7,0
bench_reject_23,0,after:UniversityAgent.t_IssueCredential,11,11,8,0
bench_reject_23,0,after:StudentAgent.t_WaitCredential,11,11,8,0
bench_reject_23,0,after:StudentAgent.t_ReceiveCredential,11,11,8,0
bench_reject_23,0,after:StudentAgent.t_RejectCredential,11,11,8,0
bench_reject_23,0,terminal,11,11,8,0
bench_reject_24,0,creation,9,9,1,0
bench_reject_24,0,after:StudentAgent.t_SubmitEvidence,10,10,4,0
bench_reject_24,0,after:EvidenceNet.t_LMS_Submit,10,10,4,0
bench_reject_24,0,after:EvidenceNet.t_Review_Request,10,10,4,0
bench_reject_24,0,after:ProfessorAgent.t_StartReview,10,10,4,0
bench_reject_24,0,after:ProfessorAgent.t_AssessEvidence,10,10,4,0
bench_reject_24,0,after:ProfessorAgent.t_ApproveEvidence,10,10,5,0
bench_reject_24,0,after:UniversityAgent.t_VerifyEvidence,10,10,5,0
bench_reject_24,0,after:UniversityAgent.t_RequestCredential,11,11,7,0
bench_reject_24,0,after:CompetencyNet.t_Verification_Pass,11,11,7,0
bench_reject_24,0,after:UniversityAgent.t_IssueCredential,11,11,8,0
bench_reject_24,0,after:StudentAgent.t_WaitCredential,11,11,8,0
bench_reject_24,0,after:StudentAgent.t_ReceiveCredential,11,11,8,0
bench_reject_24,0,after:StudentAgent.t_RejectCredential,11,11,8,0
bench_reject_24,0,terminal,11,11,8,0
bench_reject_25,0,creation,9,9,1,0
bench_reject_25,0,after:StudentAgent.t_SubmitEvidence,10,10,4,0
bench_reject_25,0,after:EvidenceNet.t_LMS_Submit,10,10,4,0
bench_reject_25,0,after:EvidenceNet.t_Review_Request,10,10,4,0
bench_reject_25,0,after:ProfessorAgent.t_StartReview,10,10,4,0
bench_reject_25,0,after:ProfessorAgent.t_AssessEvidence,10,10,4,0
bench_reject_25,0,after:ProfessorAgent.t_ApproveEvidence,10,10,5,0
bench_reject_25,0,after:UniversityAgent.t_VerifyEvidence,10,10,5,0
bench_reject_25,0,after:UniversityAgent.t_RequestCredential,11,11,7,0
bench_reject_25,0,after:CompetencyNet.t_Verification_Pass,11,11,7,0
bench_reject_25,0,after:UniversityAgent.t_IssueCredential,11,11,8,0
bench_reject_25,0,after:StudentAgent.t_WaitCredential,11,11,8,0
bench_reject_25,0,after:StudentAgent.t_ReceiveCredential,11,11,8,0
bench_reject_25,0,after:StudentAgent.t_RejectCredential,11,11,8,0
bench_reject_25,0,terminal,11,11,8,0
bench_reject_26,0,creation,9,9,1,0
bench_reject_26,0,after:StudentAgent.t_SubmitEvidence,10,10,4,0
bench_reject_26,0,after:EvidenceNet.t_LMS_Submit,10,10,4,0
bench_reject_26,0,after:EvidenceNet.t_Review_Request,10,10,4,0
bench_reject_26,0,after:ProfessorAgent.t_StartReview,10,10,4,0
bench_reject_26,0,after:ProfessorAgent.t_AssessEvidence,10,10,4,0
bench_reject_26,0,after:ProfessorAgent.t_ApproveEvidence,10,10,5,0
bench_reject_26,0,after:UniversityAgent.t_VerifyEvidence,10,10,5,0
bench_reject_26,0,after:UniversityAgent.t_RequestCredential,11,11,7,0
bench_reject_26,0,after:CompetencyNet.t_Verification_Pass,11,11,7,0
bench_reject_26,0,after:UniversityAgent.t_IssueCredential,11,11,8,0
bench_reject_26,0,after:StudentAgent.t_WaitCredential,11,11,8,0
bench_reject_26,0,after:StudentAgent.t_ReceiveCredential,11,11,8,0
bench_reject_26,0,after:StudentAgent.t_RejectCredential,11,11,8,0
bench_reject_26,0,terminal,11,11,8,0
bench_reject_27,0,creation,9,9,1,0
bench_reject_27,0,after:StudentAgent.t_SubmitEvidence,10,10,4,0
bench_reject_27,0,after:EvidenceNet.t_LMS_Submit,10,10,4,0
bench_reject_27,0,after:EvidenceNet.t_Review_Request,10,10,4,0
bench_reject_27,0,after:ProfessorAgent.t_StartReview,10,10,4,0
bench_reject_27,0,after:ProfessorAgent.t_AssessEvidence,10,10,4,0
bench_reject_27,0,after:ProfessorAgent.t_ApproveEvidence,10,10,5,0
bench_reject_27,0,after:UniversityAgent.t_VerifyEvidence,10,10,5,0
bench_reject_27,0,after:UniversityAgent.t_RequestCredential,11,11,7,0
bench_reject_27,0,after:CompetencyNet.t_Verification_Pass,11,11,7,0
bench_reject_27,0,after:UniversityAgent.t_IssueCredential,11,11,8,0
bench_reject_27,0,after:StudentAgent.t_WaitCredential,11,11,8,0
bench_reject_27,0,after:StudentAgent.t_ReceiveCredential,11,11,8,0
bench_reject_27,0,after:StudentAgent.t_RejectCredential,11,11,8,0
bench_reject_27,0,terminal,11,11,8,0
bench_reject_28,0,creation,9,9,1,0
bench_reject_28,0,after:StudentAgent.t_SubmitEvidence,10,10,4,0
bench_reject_28,0,after:EvidenceNet.t_LMS_Submit,10,10,4,0
bench_reject_28,0,after:EvidenceNet.t_Review_Request,10,10,4,0
bench_reject_28,0,after:ProfessorAgent.t_StartReview,10,10,4,0
bench_reject_28,0,after:ProfessorAgent.t_AssessEvidence,10,10,4,0
bench_reject_28,0,after:ProfessorAgent.t_ApproveEvidence,10,10,5,0
bench_reject_28,0,after:UniversityAgent.t_VerifyEvidence,10,10,5,0
bench_reject_28,0,after:UniversityAgent.t_RequestCredential,11,11,7,0
bench_reject_28,0,after:CompetencyNet.t_Verification_Pass,11,11,7,0
bench_reject_28,0,after:UniversityAgent.t_IssueCredential,11,11,8,0
bench_reject_28,0,after:StudentAgent.t_WaitCredential,11,11,8,0
bench_reject_28,0,after:StudentAgent.t_ReceiveCredential,11,11,8,0
bench_reject_28,0,after:StudentAgent.t_RejectCredential,11,11,8,0
bench_reject_28,0,terminal,11,11,8,0
bench_reject_29,0,creation,9,9,1,0
bench_reject_29,0,after:StudentAgent.t_SubmitEvidence,10,10,4,0
bench_reject_29,0,after:EvidenceNet.t_LMS_Submit,10,10,4,0
bench_reject_29,0,after:EvidenceNet.t_Review_Request,10,10,4,0
bench_reject_29,0,after:ProfessorAgent.t_StartReview,10,10,4,0
bench_reject_29,0,after:ProfessorAgent.t_AssessEvidence,10,10,4,0
bench_reject_29,0,after:ProfessorAgent.t_ApproveEvidence,10,10,5,0
bench_reject_29,0,after:UniversityAgent.t_VerifyEvidence,10,10,5,0
bench_reject_29,0,after:UniversityAgent.t_RequestCredential,11,11,7,0
bench_reject_29,0,after:CompetencyNet.t_Verification_Pass,11,11,7,0
bench_reject_29,0,after:UniversityAgent.t_IssueCredential,11,11,8,0
bench_reject_29,0,after:StudentAgent.t_WaitCredential,11,11,8,0
bench_reject_29,0,after:StudentAgent.t_ReceiveCredential,11,11,8,0
bench_reject_29,0,after:StudentAgent.t_RejectCredential,11,11,8,0
bench_reject_29,0,terminal,11,11,8,0
bench_reject_30,0,creation,9,9,1,0
bench_reject_30,0,after:StudentAgent.t_SubmitEvidence,10,10,4,0
bench_reject_30,0,after:EvidenceNet.t_LMS_Submit,10,10,4,0
bench_reject_30,0,after:EvidenceNet.t_Review_Request,10,10,4,0
bench_reject_30,0,after:ProfessorAgent.t_StartReview,10,10,4,0
bench_reject_30,0,after:ProfessorAgent.t_AssessEvidence,10,10,4,0
bench_reject_30,0,after:ProfessorAgent.t_ApproveEvidence,10,10,5,0
bench_reject_30,0,after:UniversityAgent.t_VerifyEvidence,10,10,5,0
bench_reject_30,0,after:UniversityAgent.t_RequestCredential,11,11,7,0
bench_reject_30,0,after:CompetencyNet.t_Verification_Pass,11,11,7,0
bench_reject_30,0,after:UniversityAgent.t_IssueCredential,11,11,8,0
bench_reject_30,0,after:StudentAgent.t_WaitCredential,11,11,8,0
bench_reject_30,0,after:StudentAgent.t_ReceiveCredential,11,11,8,0
bench_reject_30,0,after:StudentAgent.t_RejectCredential,11,11,8,0
bench_reject_30,0,terminal,11,11,8,0
bench_cancel_01,0,creation,9,9,1,0
bench_cancel_01,0,after:StudentAgent.t_SubmitEvidence,10,10,4,0
bench_cancel_01,0,after:EvidenceNet.t_LMS_Submit,10,10,4,0
bench_cancel_01,0,after:EvidenceNet.t_Review_Request,10,10,4,0
bench_cancel_01,0,after:ProfessorAgent.t_StartReview,10,10,4,0
bench_cancel_01,0,after:ProfessorAgent.t_AssessEvidence,10,10,4,0
bench_cancel_01,0,after:ProfessorAgent.t_ApproveEvidence,10,10,5,0
bench_cancel_01,0,after:UniversityAgent.t_VerifyEvidence,10,10,5,0
bench_cancel_01,0,after:UniversityAgent.t_RequestCredential,11,11,7,0
bench_cancel_01,0,after:CompetencyNet.t_Verification_Pass,11,11,7,0
bench_cancel_01,0,after:UniversityAgent.t_IssueCredential,11,11,8,0
bench_cancel_01,0,after:StudentAgent.t_WaitCredential,11,11,8,0
bench_cancel_01,0,after:StudentAgent.t_ReceiveCredential,11,11,8,0
bench_cancel_01,0,after:CompetencyNet.t_SBT_Cancel,11,11,8,0
bench_cancel_01,0,terminal,11,11,8,0
bench_cancel_02,0,creation,9,9,1,0
bench_cancel_02,0,after:StudentAgent.t_SubmitEvidence,10,10,4,0
bench_cancel_02,0,after:EvidenceNet.t_LMS_Submit,10,10,4,0
bench_cancel_02,0,after:EvidenceNet.t_Review_Request,10,10,4,0
bench_cancel_02,0,after:ProfessorAgent.t_StartReview,10,10,4,0
bench_cancel_02,0,after:ProfessorAgent.t_AssessEvidence,10,10,4,0
bench_cancel_02,0,after:ProfessorAgent.t_ApproveEvidence,10,10,5,0
bench_cancel_02,0,after:UniversityAgent.t_VerifyEvidence,10,10,5,0
bench_cancel_02,0,after:UniversityAgent.t_RequestCredential,11,11,7,0
bench_cancel_02,0,after:CompetencyNet.t_Verification_Pass,11,11,7,0
bench_cancel_02,0,after:UniversityAgent.t_IssueCredential,11,11,8,0
bench_cancel_02,0,after:StudentAgent.t_WaitCredential,11,11,8,0
bench_cancel_02,0,after:StudentAgent.t_ReceiveCredential,11,11,8,0
bench_cancel_02,0,after:CompetencyNet.t_SBT_Cancel,11,11,8,0
bench_cancel_02,0,terminal,11,11,8,0
bench_cancel_03,0,creation,9,9,1,0
bench_cancel_03,0,after:StudentAgent.t_SubmitEvidence,10,10,4,0
bench_cancel_03,0,after:EvidenceNet.t_LMS_Submit,10,10,4,0
bench_cancel_03,0,after:EvidenceNet.t_Review_Request,10,10,4,0
bench_cancel_03,0,after:ProfessorAgent.t_StartReview,10,10,4,0
bench_cancel_03,0,after:ProfessorAgent.t_AssessEvidence,10,10,4,0
bench_cancel_03,0,after:ProfessorAgent.t_ApproveEvidence,10,10,5,0
bench_cancel_03,0,after:UniversityAgent.t_VerifyEvidence,10,10,5,0
bench_cancel_03,0,after:UniversityAgent.t_RequestCredential,11,11,7,0
bench_cancel_03,0,after:CompetencyNet.t_Verification_Pass,11,11,7,0
bench_cancel_03,0,after:UniversityAgent.t_IssueCredential,11,11,8,0
bench_cancel_03,0,after:StudentAgent.t_WaitCredential,11,11,8,0
bench_cancel_03,0,after:StudentAgent.t_ReceiveCredential,11,11,8,0
bench_cancel_03,0,after:CompetencyNet.t_SBT_Cancel,11,11,8,0
bench_cancel_03,0,terminal,11,11,8,0
bench_cancel_04,0,creation,9,9,1,0
bench_cancel_04,0,after:StudentAgent.t_SubmitEvidence,10,10,4,0
bench_cancel_04,0,after:EvidenceNet.t_LMS_Submit,10,10,4,0
bench_cancel_04,0,after:EvidenceNet.t_Review_Request,10,10,4,0
bench_cancel_04,0,after:ProfessorAgent.t_StartReview,10,10,4,0
bench_cancel_04,0,after:ProfessorAgent.t_AssessEvidence,10,10,4,0
bench_cancel_04,0,after:ProfessorAgent.t_ApproveEvidence,10,10,5,0
bench_cancel_04,0,after:UniversityAgent.t_VerifyEvidence,10,10,5,0
bench_cancel_04,0,after:UniversityAgent.t_RequestCredential,11,11,7,0
bench_cancel_04,0,after:CompetencyNet.t_Verification_Pass,11,11,7,0
bench_cancel_04,0,after:UniversityAgent.t_IssueCredential,11,11,8,0
bench_cancel_04,0,after:StudentAgent.t_WaitCredential,11,11,8,0
bench_cancel_04,0,after:StudentAgent.t_ReceiveCredential,11,11,8,0
bench_cancel_04,0,after:CompetencyNet.t_SBT_Cancel,11,11,8,0
bench_cancel_04,0,terminal,11,11,8,0
bench_cancel_05,0,creation,9,9,1,0
bench_cancel_05,0,after:StudentAgent.t_SubmitEvidence,10,10,4,0
bench_cancel_05,0,after:EvidenceNet.t_LMS_Submit,10,10,4,0
bench_cancel_05,0,after:EvidenceNet.t_Review_Request,10,10,4,0
bench_cancel_05,0,after:ProfessorAgent.t_StartReview,10,10,4,0
bench_cancel_05,0,after:ProfessorAgent.t_AssessEvidence,10,10,4,0
bench_cancel_05,0,after:ProfessorAgent.t_ApproveEvidence,10,10,5,0
bench_cancel_05,0,after:UniversityAgent.t_VerifyEvidence,10,10,5,0
bench_cancel_05,0,after:UniversityAgent.t_RequestCredential,11,11,7,0
bench_cancel_05,0,after:CompetencyNet.t_Verification_Pass,11,11,7,0
bench_cancel_05,0,after:UniversityAgent.t_IssueCredential,11,11,8,0
bench_cancel_05,0,after:StudentAgent.t_WaitCredential,11,11,8,0
bench_cancel_05,0,after:StudentAgent.t_ReceiveCredential,11,11,8,0
bench_cancel_05,0,after:CompetencyNet.t_SBT_Cancel,11,11,8,0
bench_cancel_05,0,terminal,11,11,8,0
bench_cancel_06,0,creation,9,9,1,0
bench_cancel_06,0,after:StudentAgent.t_SubmitEvidence,10,10,4,0
bench_cancel_06,0,after:EvidenceNet.t_LMS_Submit,10,10,4,0
bench_cancel_06,0,after:EvidenceNet.t_Review_Request,10,10,4,0
bench_cancel_06,0,after:ProfessorAgent.t_StartReview,10,10,4,0
bench_cancel_06,0,after:ProfessorAgent.t_AssessEvidence,10,10,4,0
bench_cancel_06,0,after:ProfessorAgent.t_ApproveEvidence,10,10,5,0
bench_cancel_06,0,after:UniversityAgent.t_VerifyEvidence,10,10,5,0
bench_cancel_06,0,after:UniversityAgent.t_RequestCredential,11,11,7,0
bench_cancel_06,0,after:CompetencyNet.t_Verification_Pass,11,11,7,0
bench_cancel_06,0,after:UniversityAgent.t_IssueCredential,11,11,8,0
bench_cancel_06,0,after:StudentAgent.t_WaitCredential,11,11,8,0
bench_cancel_06,0,after:StudentAgent.t_ReceiveCredential,11,11,8,0
bench_cancel_06,0,after:CompetencyNet.t_SBT_Cancel,11,11,8,0
bench_cancel_06,0,terminal,11,11,8,0
bench_cancel_07,0,creation,9,9,1,0
bench_cancel_07,0,after:StudentAgent.t_SubmitEvidence,10,10,4,0
bench_cancel_07,0,after:EvidenceNet.t_LMS_Submit,10,10,4,0
bench_cancel_07,0,after:EvidenceNet.t_Review_Request,10,10,4,0
bench_cancel_07,0,after:ProfessorAgent.t_StartReview,10,10,4,0
bench_cancel_07,0,after:ProfessorAgent.t_AssessEvidence,10,10,4,0
bench_cancel_07,0,after:ProfessorAgent.t_ApproveEvidence,10,10,5,0
bench_cancel_07,0,after:UniversityAgent.t_VerifyEvidence,10,10,5,0
bench_cancel_07,0,after:UniversityAgent.t_RequestCredential,11,11,7,0
bench_cancel_07,0,after:CompetencyNet.t_Verification_Pass,11,11,7,0
bench_cancel_07,0,after:UniversityAgent.t_IssueCredential,11,11,8,0
bench_cancel_07,0,after:StudentAgent.t_WaitCredential,11,11,8,0
bench_cancel_07,0,after:StudentAgent.t_ReceiveCredential,11,11,8,0
bench_cancel_07,0,after:CompetencyNet.t_SBT_Cancel,11,11,8,0
bench_cancel_07,0,terminal,11,11,8,0
bench_cancel_08,0,creation,9,9,1,0
bench_cancel_08,0,after:StudentAgent.t_SubmitEvidence,10,10,4,0
bench_cancel_08,0,after:EvidenceNet.t_LMS_Submit,10,10,4,0
bench_cancel_08,0,after:EvidenceNet.t_Review_Request,10,10,4,0
bench_cancel_08,0,after:ProfessorAgent.t_StartReview,10,10,4,0
bench_cancel_08,0,after:ProfessorAgent.t_AssessEvidence,10,10,4,0
bench_cancel_08,0,after:ProfessorAgent.t_ApproveEvidence,10,10,5,0
bench_cancel_08,0,after:UniversityAgent.t_VerifyEvidence,10,10,5,0
bench_cancel_08,0,after:UniversityAgent.t_RequestCredential,11,11,7,0
bench_cancel_08,0,after:CompetencyNet.t_Verification_Pass,11,11,7,0
bench_cancel_08,0,after:UniversityAgent.t_IssueCredential,11,11,8,0
bench_cancel_08,0,after:StudentAgent.t_WaitCredential,11,11,8,0
bench_cancel_08,0,after:StudentAgent.t_ReceiveCredential,11,11,8,0
bench_cancel_08,0,after:CompetencyNet.t_SBT_Cancel,11,11,8,0
bench_cancel_08,0,terminal,11,11,8,0
bench_cancel_09,0,creation,9,9,1,0
bench_cancel_09,0,after:StudentAgent.t_SubmitEvidence,10,10,4,0
bench_cancel_09,0,after:EvidenceNet.t_LMS_Submit,10,10,4,0
bench_cancel_09,0,after:EvidenceNet.t_Review_Request,10,10,4,0
bench_cancel_09,0,after:ProfessorAgent.t_StartReview,10,10,4,0
bench_cancel_09,0,after:ProfessorAgent.t_AssessEvidence,10,10,4,0
bench_cancel_09,0,after:ProfessorAgent.t_ApproveEvidence,10,10,5,0
bench_cancel_09,0,after:UniversityAgent.t_VerifyEvidence,10,10,5,0
bench_cancel_09,0,after:UniversityAgent.t_RequestCredential,11,11,7,0
bench_cancel_09,0,after:CompetencyNet.t_Verification_Pass,11,11,7,0
bench_cancel_09,0,after:UniversityAgent.t_IssueCredential,11,11,8,0
bench_cancel_09,0,after:StudentAgent.t_WaitCredential,11,11,8,0
bench_cancel_09,0,after:StudentAgent.t_ReceiveCredential,11,11,8,0
bench_cancel_09,0,after:CompetencyNet.t_SBT_Cancel,11,11,8,0
bench_cancel_09,0,terminal,11,11,8,0
bench_cancel_10,0,creation,9,9,1,0
bench_cancel_10,0,after:StudentAgent.t_SubmitEvidence,10,10,4,0
bench_cancel_10,0,after:EvidenceNet.t_LMS_Submit,10,10,4,0
bench_cancel_10,0,after:EvidenceNet.t_Review_Request,10,10,4,0
bench_cancel_10,0,after:ProfessorAgent.t_StartReview,10,10,4,0
bench_cancel_10,0,after:ProfessorAgent.t_AssessEvidence,10,10,4,0
bench_cancel_10,0,after:ProfessorAgent.t_ApproveEvidence,10,10,5,0
bench_cancel_10,0,after:UniversityAgent.t_VerifyEvidence,10,10,5,0
bench_cancel_10,0,after:UniversityAgent.t_RequestCredential,11,11,7,0
bench_cancel_10,0,after:CompetencyNet.t_Verification_Pass,11,11,7,0
bench_cancel_10,0,after:UniversityAgent.t_IssueCredential,11,11,8,0
bench_cancel_10,0,after:StudentAgent.t_WaitCredential,11,11,8,0
bench_cancel_10,0,after:StudentAgent.t_ReceiveCredential,11,11,8,0
bench_cancel_10,0,after:CompetencyNet.t_SBT_Cancel,11,11,8,0
bench_cancel_10,0,terminal,11,11,8,0
bench_cancel_11,0,creation,9,9,1,0
bench_cancel_11,0,after:StudentAgent.t_SubmitEvidence,10,10,4,0
bench_cancel_11,0,after:EvidenceNet.t_LMS_Submit,10,10,4,0
bench_cancel_11,0,after:EvidenceNet.t_Review_Request,10,10,4,0
bench_cancel_11,0,after:ProfessorAgent.t_StartReview,10,10,4,0
bench_cancel_11,0,after:ProfessorAgent.t_AssessEvidence,10,10,4,0
bench_cancel_11,0,after:ProfessorAgent.t_ApproveEvidence,10,10,5,0
bench_cancel_11,0,after:UniversityAgent.t_VerifyEvidence,10,10,5,0
bench_cancel_11,0,after:UniversityAgent.t_RequestCredential,11,11,7,0
bench_cancel_11,0,after:CompetencyNet.t_Verification_Pass,11,11,7,0
bench_cancel_11,0,after:UniversityAgent.t_IssueCredential,11,11,8,0
bench_cancel_11,0,after:StudentAgent.t_WaitCredential,11,11,8,0
bench_cancel_11,0,after:StudentAgent.t_ReceiveCredential,11,11,8,0
bench_cancel_11,0,after:CompetencyNet.t_SBT_Cancel,11,11,8,0
bench_cancel_11,0,terminal,11,11,8,0
bench_cancel_12,0,creation,9,9,1,0
bench_cancel_12,0,after:StudentAgent.t_SubmitEvidence,10,10,4,0
bench_cancel_12,0,after:EvidenceNet.t_LMS_Submit,10,10,4,0
bench_cancel_12,0,after:EvidenceNet.t_Review_Request,10,10,4,0
bench_cancel_12,0,after:ProfessorAgent.t_StartReview,10,10,4,0
bench_cancel_12,0,after:ProfessorAgent.t_AssessEvidence,10,10,4,0
bench_cancel_12,0,after:ProfessorAgent.t_ApproveEvidence,10,10,5,0
bench_cancel_12,0,after:UniversityAgent.t_VerifyEvidence,10,10,5,0
bench_cancel_12,0,after:UniversityAgent.t_RequestCredential,11,11,7,0
bench_cancel_12,0,after:CompetencyNet.t_Verification_Pass,11,11,7,0
bench_cancel_12,0,after:UniversityAgent.t_IssueCredential,11,11,8,0
bench_cancel_12,0,after:StudentAgent.t_WaitCredential,11,11,8,0
bench_cancel_12,0,after:StudentAgent.t_ReceiveCredential,11,11,8,0
bench_cancel_12,0,after:CompetencyNet.t_SBT_Cancel,11,11,8,0
bench_cancel_12,0,terminal,11,11,8,0
bench_cancel_13,0,creation,9,9,1,0
bench_cancel_13,0,after:StudentAgent.t_SubmitEvidence,10,10,4,0
bench_cancel_13,0,after:EvidenceNet.t_LMS_Submit,10,10,4,0
bench_cancel_13,0,after:EvidenceNet.t_Review_Request,10,10,4,0
bench_cancel_13,0,after:ProfessorAgent.t_StartReview,10,10,4,0
bench_cancel_13,0,after:ProfessorAgent.t_AssessEvidence,10,10,4,0
bench_cancel_13,0,after:ProfessorAgent.t_ApproveEvidence,10,10,5,0
bench_cancel_13,0,after:UniversityAgent.t_VerifyEvidence,10,10,5,0
bench_cancel_13,0,after:UniversityAgent.t_RequestCredential,11,11,7,0
bench_cancel_13,0,after:CompetencyNet.t_Verification_Pass,11,11,7,0
bench_cancel_13,0,after:UniversityAgent.t_IssueCredential,11,11,8,0
bench_cancel_13,0,after:StudentAgent.t_WaitCredential,11,11,8,0
bench_cancel_13,0,after:StudentAgent.t_ReceiveCredential,11,11,8,0
bench_cancel_13,0,after:CompetencyNet.t_SBT_Cancel,11,11,8,0
bench_cancel_13,0,terminal,11,11,8,0
bench_cancel_14,0,creation,9,9,1,0
bench_cancel_14,0,after:StudentAgent.t_SubmitEvidence,10,10,4,0
bench_cancel_14,0,after:EvidenceNet.t_LMS_Submit,10,10,4,0
bench_cancel_14,0,after:EvidenceNet.t_Review_Request,10,10,4,0
bench_cancel_14,0,after:ProfessorAgent.t_StartReview,10,10,4,0
bench_cancel_14,0,after:ProfessorAgent.t_AssessEvidence,10,10,4,0
bench_cancel_14,0,after:ProfessorAgent.t_ApproveEvidence,10,10,5,0
bench_cancel_14,0,after:UniversityAgent.t_VerifyEvidence,10,10,5,0
bench_cancel_14,0,after:UniversityAgent.t_RequestCredential,11,11,7,0
bench_cancel_14,0,after:CompetencyNet.t_Verification_Pass,11,11,7,0
bench_cancel_14,0,after:UniversityAgent.t_IssueCredential,11,11,8,0
bench_cancel_14,0,after:StudentAgent.t_WaitCredential,11,11,8,0
bench_cancel_14,0,after:StudentAgent.t_ReceiveCredential,11,11,8,0
bench_cancel_14,0,after:CompetencyNet.t_SBT_Cancel,11,11,8,0
bench_cancel_14,0,terminal,11,11,8,0
bench_cancel_15,0,creation,9,9,1,0
bench_cancel_15,0,after:StudentAgent.t_SubmitEvidence,10,10,4,0
bench_cancel_15,0,after:EvidenceNet.t_LMS_Submit,10,10,4,0
bench_cancel_15,0,after:EvidenceNet.t_Review_Request,10,10,4,0
bench_cancel_15,0,after:ProfessorAgent.t_StartReview,10,10,4,0
bench_cancel_15,0,after:ProfessorAgent.t_AssessEvidence,10,10,4,0
bench_cancel_15,0,after:ProfessorAgent.t_ApproveEvidence,10,10,5,0
bench_cancel_15,0,after:UniversityAgent.t_VerifyEvidence,10,10,5,0
bench_cancel_15,0,after:UniversityAgent.t_RequestCredential,11,11,7,0
bench_cancel_15,0,after:CompetencyNet.t_Verification_Pass,11,11,7,0
bench_cancel_15,0,after:UniversityAgent.t_IssueCredential,11,11,8,0
bench_cancel_15,0,after:StudentAgent.t_WaitCredential,11,11,8,0
bench_cancel_15,0,after:StudentAgent.t_ReceiveCredential,11,11,8,0
bench_cancel_15,0,after:CompetencyNet.t_SBT_Cancel,11,11,8,0
bench_cancel_15,0,terminal,11,11,8,0
bench_cancel_16,0,creation,9,9,1,0
bench_cancel_16,0,after:StudentAgent.t_SubmitEvidence,10,10,4,0
bench_cancel_16,0,after:EvidenceNet.t_LMS_Submit,10,10,4,0
bench_cancel_16,0,after:EvidenceNet.t_Review_Request,10,10,4,0
bench_cancel_16,0,after:ProfessorAgent.t_StartReview,10,10,4,0
bench_cancel_16,0,after:ProfessorAgent.t_AssessEvidence,10,10,4,0
bench_cancel_16,0,after:ProfessorAgent.t_ApproveEvidence,10,10,5,0
bench_cancel_16,0,after:UniversityAgent.t_VerifyEvidence,10,10,5,0
bench_cancel_16,0,after:UniversityAgent.t_RequestCredential,11,11,7,0
bench_cancel_16,0,after:CompetencyNet.t_Verification_Pass,11,11,7,0
bench_cancel_16,0,after:UniversityAgent.t_IssueCredential,11,11,8,0
bench_cancel_16,0,after:StudentAgent.t_WaitCredential,11,11,8,0
bench_cancel_16,0,after:StudentAgent.t_ReceiveCredential,11,11,8,0
bench_cancel_16,0,after:CompetencyNet.t_SBT_Cancel,11,11,8,0
bench_cancel_16,0,terminal,11,11,8,0
bench_cancel_17,0,creation,9,9,1,0
bench_cancel_17,0,after:StudentAgent.t_SubmitEvidence,10,10,4,0
bench_cancel_17,0,after:EvidenceNet.t_LMS_Submit,10,10,4,0
bench_cancel_17,0,after:EvidenceNet.t_Review_Request,10,10,4,0
bench_cancel_17,0,after:ProfessorAgent.t_StartReview,10,10,4,0
bench_cancel_17,0,after:ProfessorAgent.t_AssessEvidence,10,10,4,0
bench_cancel_17,0,after:ProfessorAgent.t_ApproveEvidence,10,10,5,0
bench_cancel_17,0,after:UniversityAgent.t_VerifyEvidence,10,10,5,0
bench_cancel_17,0,after:UniversityAgent.t_RequestCredential,11,11,7,0
bench_cancel_17,0,after:CompetencyNet.t_Verification_Pass,11,11,7,0
bench_cancel_17,0,after:UniversityAgent.t_IssueCredential,11,11,8,0
bench_cancel_17,0,after:StudentAgent.t_WaitCredential,11,11,8,0
bench_cancel_17,0,after:StudentAgent.t_ReceiveCredential,11,11,8,0
bench_cancel_17,0,after:CompetencyNet.t_SBT_Cancel,11,11,8,0
bench_cancel_17,0,terminal,11,11,8,0
bench_cancel_18,0,creation,9,9,1,0
bench_cancel_18,0,after:StudentAgent.t_SubmitEvidence,10,10,4,0
bench_cancel_18,0,after:EvidenceNet.t_LMS_Submit,10,10,4,0
bench_cancel_18,0,after:EvidenceNet.t_Review_Request,10,10,4,0
bench_cancel_18,0,after:ProfessorAgent.t_StartReview,10,10,4,0
bench_cancel_18,0,after:ProfessorAgent.t_AssessEvidence,10,10,4,0
bench_cancel_18,0,after:ProfessorAgent.t_ApproveEvidence,10,10,5,0
bench_cancel_18,0,after:UniversityAgent.t_VerifyEvidence,10,10,5,0
bench_cancel_18,0,after:UniversityAgent.t_RequestCredential,11,11,7,0
bench_cancel_18,0,after:CompetencyNet.t_Verification_Pass,11,11,7,0
bench_cancel_18,0,after:UniversityAgent.t_IssueCredential,11,11,8,0
bench_cancel_18,0,after:StudentAgent.t_WaitCredential,11,11,8,0
bench_cancel_18,0,after:StudentAgent.t_ReceiveCredential,11,11,8,0
bench_cancel_18,0,after:CompetencyNet.t_SBT_Cancel,11,11,8,0
bench_cancel_18,0,terminal,11,11,8,0
bench_cancel_19,0,creation,9,9,1,0
bench_cancel_19,0,after:StudentAgent.t_SubmitEvidence,10,10,4,0
bench_cancel_19,0,after:EvidenceNet.t_LMS_Submit,10,10,4,0
bench_cancel_19,0,after:EvidenceNet.t_Review_Request,10,10,4,0
bench_cancel_19,0,after:ProfessorAgent.t_StartReview,10,10,4,0
bench_cancel_19,0,after:ProfessorAgent.t_AssessEvidence,10,10,4,0
bench_cancel_19,0,after:ProfessorAgent.t_ApproveEvidence,10,10,5,0
bench_cancel_19,0,after:UniversityAgent.t_VerifyEvidence,10,10,5,0
bench_cancel_19,0,after:UniversityAgent.t_RequestCredential,11,11,7,0
bench_cancel_19,0,after:CompetencyNet.t_Verification_Pass,11,11,7,0
bench_cancel_19,0,after:UniversityAgent.t_IssueCredential,11,11,8,0
bench_cancel_19,0,after:StudentAgent.t_WaitCredential,11,11,8,0
bench_cancel_19,0,after:StudentAgent.t_ReceiveCredential,11,11,8,0
bench_cancel_19,0,after:CompetencyNet.t_SBT_Cancel,11,11,8,0
bench_cancel_19,0,terminal,11,11,8,0
bench_cancel_20,0,creation,9,9,1,0
bench_cancel_20,0,after:StudentAgent.t_SubmitEvidence,10,10,4,0
bench_cancel_20,0,after:EvidenceNet.t_LMS_Submit,10,10,4,0
bench_cancel_20,0,after:EvidenceNet.t_Review_Request,10,10,4,0
bench_cancel_20,0,after:ProfessorAgent.t_StartReview,10,10,4,0
bench_cancel_20,0,after:ProfessorAgent.t_AssessEvidence,10,10,4,0
bench_cancel_20,0,after:ProfessorAgent.t_ApproveEvidence,10,10,5,0
bench_cancel_20,0,after:UniversityAgent.t_VerifyEvidence,10,10,5,0
bench_cancel_20,0,after:UniversityAgent.t_RequestCredential,11,11,7,0
bench_cancel_20,0,after:CompetencyNet.t_Verification_Pass,11,11,7,0
bench_cancel_20,0,after:UniversityAgent.t_IssueCredential,11,11,8,0
bench_cancel_20,0,after:StudentAgent.t_WaitCredential,11,11,8,0
bench_cancel_20,0,after:StudentAgent.t_ReceiveCredential,11,11,8,0
bench_cancel_20,0,after:CompetencyNet.t_SBT_Cancel,11,11,8,0
bench_cancel_20,0,terminal,11,11,8,0
bench_cancel_21,0,creation,9,9,1,0
bench_cancel_21,0,after:StudentAgent.t_SubmitEvidence,10,10,4,0
bench_cancel_21,0,after:EvidenceNet.t_LMS_Submit,10,10,4,0
bench_cancel_21,0,after:EvidenceNet.t_Review_Request,10,10,4,0
bench_cancel_21,0,after:ProfessorAgent.t_StartReview,10,10,4,0
bench_cancel_21,0,after:ProfessorAgent.t_AssessEvidence,10,10,4,0
bench_cancel_21,0,after:ProfessorAgent.t_ApproveEvidence,10,10,5,0
bench_cancel_21,0,after:UniversityAgent.t_VerifyEvidence,10,10,5,0
bench_cancel_21,0,after:UniversityAgent.t_RequestCredential,11,11,7,0
bench_cancel_21,0,after:CompetencyNet.t_Verification_Pass,11,11,7,0
bench_cancel_21,0,after:UniversityAgent.t_IssueCredential,11,11,8,0
bench_cancel_21,0,after:StudentAgent.t_WaitCredential,11,11,8,0
bench_cancel_21,0,after:StudentAgent.t_ReceiveCredential,11,11,8,0
bench_cancel_21,0,after:CompetencyNet.t_SBT_Cancel,11,11,8,0
bench_cancel_21,0,terminal,11,11,8,0
bench_cancel_22,0,creation,9,9,1,0
bench_cancel_22,0,after:StudentAgent.t_SubmitEvidence,10,10,4,0
bench_cancel_22,0,after:EvidenceNet.t_LMS_Submit,10,10,4,0
bench_cancel_22,0,after:EvidenceNet.t_Review_Request,10,10,4,0
bench_cancel_22,0,after:ProfessorAgent.t_StartReview,10,10,4,0
bench_cancel_22,0,after:ProfessorAgent.t_AssessEvidence,10,10,4,0
bench_cancel_22,0,after:ProfessorAgent.t_ApproveEvidence,10,10,5,0
bench_cancel_22,0,after:UniversityAgent.t_VerifyEvidence,10,10,5,0
bench_cancel_22,0,after:UniversityAgent.t_RequestCredential,11,11,7,0
bench_cancel_22,0,after:CompetencyNet.t_Verification_Pass,11,11,7,0
bench_cancel_22,0,after:UniversityAgent.t_IssueCredential,11,11,8,0
bench_cancel_22,0,after:StudentAgent.t_WaitCredential,11,11,8,0
bench_cancel_22,0,after:StudentAgent.t_ReceiveCredential,11,11,8,0
bench_cancel_22,0,after:CompetencyNet.t_SBT_Cancel,11,11,8,0
bench_cancel_22,0,terminal,11,11,8,0
bench_cancel_23,0,creation,9,9,1,0
bench_cancel_23,0,after:StudentAgent.t_SubmitEvidence,10,10,4,0
bench_cancel_23,0,after:EvidenceNet.t_LMS_Submit,10,10,4,0
bench_cancel_23,0,after:EvidenceNet.t_Review_Request,10,10,4,0
bench_cancel_23,0,after:ProfessorAgent.t_StartReview,10,10,4,0
bench_cancel_23,0,after:ProfessorAgent.t_AssessEvidence,10,10,4,0
bench_cancel_23,0,after:ProfessorAgent.t_ApproveEvidence,10,10,5,0
bench_cancel_23,0,after:UniversityAgent.t_VerifyEvidence,10,10,5,0
bench_cancel_23,0,after:UniversityAgent.t_RequestCredential,11,11,7,0
bench_cancel_23,0,after:CompetencyNet.t_Verification_Pass,11,11,7,0
bench_cancel_23,0,after:UniversityAgent.t_IssueCredential,11,11,8,0
bench_cancel_23,0,after:StudentAgent.t_WaitCredential,11,11,8,0
bench_cancel_23,0,after:StudentAgent.t_ReceiveCredential,11,11,8,0
bench_cancel_23,0,after:CompetencyNet.t_SBT_Cancel,11,11,8,0
bench_cancel_23,0,terminal,11,11,8,0
bench_cancel_24,0,creation,9,9,1,0
bench_cancel_24,0,after:StudentAgent.t_SubmitEvidence,10,10,4,0
bench_cancel_24,0,after:EvidenceNet.t_LMS_Submit,10,10,4,0
bench_cancel_24,0,after:EvidenceNet.t_Review_Request,10,10,4,0
bench_cancel_24,0,after:ProfessorAgent.t_StartReview,10,10,4,0
bench_cancel_24,0,after:ProfessorAgent.t_AssessEvidence,10,10,4,0
bench_cancel_24,0,after:ProfessorAgent.t_ApproveEvidence,10,10,5,0
bench_cancel_24,0,after:UniversityAgent.t_VerifyEvidence,10,10,5,0
bench_cancel_24,0,after:UniversityAgent.t_RequestCredential,11,11,7,0
bench_cancel_24,0,after:CompetencyNet.t_Verification_Pass,11,11,7,0
bench_cancel_24,0,after:UniversityAgent.t_IssueCredential,11,11,8,0
bench_cancel_24,0,after:StudentAgent.t_WaitCredential,11,11,8,0
bench_cancel_24,0,after:StudentAgent.t_ReceiveCredential,11,11,8,0
bench_cancel_24,0,after:CompetencyNet.t_SBT_Cancel,11,11,8,0
bench_cancel_24,0,terminal,11,11,8,0
bench_cancel_25,0,creation,9,9,1,0
bench_cancel_25,0,after:StudentAgent.t_SubmitEvidence,10,10,4,0
bench_cancel_25,0,after:EvidenceNet.t_LMS_Submit,10,10,4,0
bench_cancel_25,0,after:EvidenceNet.t_Review_Request,10,10,4,0
bench_cancel_25,0,after:ProfessorAgent.t_StartReview,10,10,4,0
bench_cancel_25,0,after:ProfessorAgent.t_AssessEvidence,10,10,4,0
bench_cancel_25,0,after:ProfessorAgent.t_ApproveEvidence,10,10,5,0
bench_cancel_25,0,after:UniversityAgent.t_VerifyEvidence,10,10,5,0
bench_cancel_25,0,after:UniversityAgent.t_RequestCredential,11,11,7,0
bench_cancel_25,0,after:CompetencyNet.t_Verification_Pass,11,11,7,0
bench_cancel_25,0,after:UniversityAgent.t_IssueCredential,11,11,8,0
bench_cancel_25,0,after:StudentAgent.t_WaitCredential,11,11,8,0
bench_cancel_25,0,after:StudentAgent.t_ReceiveCredential,11,11,8,0
bench_cancel_25,0,after:CompetencyNet.t_SBT_Cancel,11,11,8,0
bench_cancel_25,0,terminal,11,11,8,0
bench_cancel_26,0,creation,9,9,1,0
bench_cancel_26,0,after:StudentAgent.t_SubmitEvidence,10,10,4,0
bench_cancel_26,0,after:EvidenceNet.t_LMS_Submit,10,10,4,0
bench_cancel_26,0,after:EvidenceNet.t_Review_Request,10,10,4,0
bench_cancel_26,0,after:ProfessorAgent.t_StartReview,10,10,4,0
bench_cancel_26,0,after:ProfessorAgent.t_AssessEvidence,10,10,4,0
bench_cancel_26,0,after:ProfessorAgent.t_ApproveEvidence,10,10,5,0
bench_cancel_26,0,after:UniversityAgent.t_VerifyEvidence,10,10,5,0
bench_cancel_26,0,after:UniversityAgent.t_RequestCredential,11,11,7,0
bench_cancel_26,0,after:CompetencyNet.t_Verification_Pass,11,11,7,0
bench_cancel_26,0,after:UniversityAgent.t_IssueCredential,11,11,8,0
bench_cancel_26,0,after:StudentAgent.t_WaitCredential,11,11,8,0
bench_cancel_26,0,after:StudentAgent.t_ReceiveCredential,11,11,8,0
bench_cancel_26,0,after:CompetencyNet.t_SBT_Cancel,11,11,8,0
bench_cancel_26,0,terminal,11,11,8,0
bench_cancel_27,0,creation,9,9,1,0
bench_cancel_27,0,after:StudentAgent.t_SubmitEvidence,10,10,4,0
bench_cancel_27,0,after:EvidenceNet.t_LMS_Submit,10,10,4,0
bench_cancel_27,0,after:EvidenceNet.t_Review_Request,10,10,4,0
bench_cancel_27,0,after:ProfessorAgent.t_StartReview,10,10,4,0
bench_cancel_27,0,after:ProfessorAgent.t_AssessEvidence,10,10,4,0
bench_cancel_27,0,after:ProfessorAgent.t_ApproveEvidence,10,10,5,0
bench_cancel_27,0,after:UniversityAgent.t_VerifyEvidence,10,10,5,0
bench_cancel_27,0,after:UniversityAgent.t_RequestCredential,11,11,7,0
bench_cancel_27,0,after:CompetencyNet.t_Verification_Pass,11,11,7,0
bench_cancel_27,0,after:UniversityAgent.t_IssueCredential,11,11,8,0
bench_cancel_27,0,after:StudentAgent.t_WaitCredential,11,11,8,0
bench_cancel_27,0,after:StudentAgent.t_ReceiveCredential,11,11,8,0
bench_cancel_27,0,after:CompetencyNet.t_SBT_Cancel,11,11,8,0
bench_cancel_27,0,terminal,11,11,8,0
bench_cancel_28,0,creation,9,9,1,0
bench_cancel_28,0,after:StudentAgent.t_SubmitEvidence,10,10,4,0
bench_cancel_28,0,after:EvidenceNet.t_LMS_Submit,10,10,4,0
bench_cancel_28,0,after:EvidenceNet.t_Review_Request,10,10,4,0
bench_cancel_28,0,after:ProfessorAgent.t_StartReview,10,10,4,0
bench_cancel_28,0,after:ProfessorAgent.t_AssessEvidence,10,10,4,0
bench_cancel_28,0,after:ProfessorAgent.t_ApproveEvidence,10,10,5,0
bench_cancel_28,0,after:UniversityAgent.t_VerifyEvidence,10,10,5,0
bench_cancel_28,0,after:UniversityAgent.t_RequestCredential,11,11,7,0
bench_cancel_28,0,after:CompetencyNet.t_Verification_Pass,11,11,7,0
bench_cancel_28,0,after:UniversityAgent.t_IssueCredential,11,11,8,0
bench_cancel_28,0,after:StudentAgent.t_WaitCredential,11,11,8,0
bench_cancel_28,0,after:StudentAgent.t_ReceiveCredential,11,11,8,0
bench_cancel_28,0,after:CompetencyNet.t_SBT_Cancel,11,11,8,0
bench_cancel_28,0,terminal,11,11,8,0
bench_cancel_29,0,creation,9,9,1,0
bench_cancel_29,0,after:StudentAgent.t_SubmitEvidence,10,10,4,0
bench_cancel_29,0,after:EvidenceNet.t_LMS_Submit,10,10,4,0
bench_cancel_29,0,after:EvidenceNet.t_Review_Request,10,10,4,0
bench_cancel_29,0,after:ProfessorAgent.t_StartReview,10,10,4,0
bench_cancel_29,0,after:ProfessorAgent.t_AssessEvidence,10,10,4,0
bench_cancel_29,0,after:ProfessorAgent.t_ApproveEvidence,10,10,5,0
bench_cancel_29,0,after:UniversityAgent.t_VerifyEvidence,10,10,5,0
bench_cancel_29,0,after:UniversityAgent.t_RequestCredential,11,11,7,0
bench_cancel_29,0,after:CompetencyNet.t_Verification_Pass,11,11,7,0
bench_cancel_29,0,after:UniversityAgent.t_IssueCredential,11,11,8,0
bench_cancel_29,0,after:StudentAgent.t_WaitCredential,11,11,8,0
bench_cancel_29,0,after:StudentAgent.t_ReceiveCredential,11,11,8,0
bench_cancel_29,0,after:CompetencyNet.t_SBT_Cancel,11,11,8,0
bench_cancel_29,0,terminal,11,11,8,0
bench_cancel_30,0,creation,9,9,1,0
bench_cancel_30,0,after:StudentAgent.t_SubmitEvidence,10,10,4,0
bench_cancel_30,0,after:EvidenceNet.t_LMS_Submit,10,10,4,0
bench_cancel_30,0,after:EvidenceNet.t_Review_Request,10,10,4,0
bench_cancel_30,0,after:ProfessorAgent.t_StartReview,10,10,4,0
bench_cancel_30,0,after:ProfessorAgent.t_AssessEvidence,10,10,4,0
bench_cancel_30,0,after:ProfessorAgent.t_ApproveEvidence,10,10,5,0
bench_cancel_30,0,after:UniversityAgent.t_VerifyEvidence,10,10,5,0
bench_cancel_30,0,after:UniversityAgent.t_RequestCredential,11,11,7,0
bench_cancel_30,0,after:CompetencyNet.t_Verification_Pass,11,11,7,0
bench_cancel_30,0,after:UniversityAgent.t_IssueCredential,11,11,8,0
bench_cancel_30,0,after:StudentAgent.t_WaitCredential,11,11,8,0
bench_cancel_30,0,after:StudentAgent.t_ReceiveCredential,11,11,8,0
bench_cancel_30,0,after:CompetencyNet.t_SBT_Cancel,11,11,8,0
bench_cancel_30,0,terminal,11,11,8,0
bench_expire_01,0,creation,9,9,1,0
bench_expire_01,0,after:StudentAgent.t_SubmitEvidence,10,10,4,0
bench_expire_01,0,after:EvidenceNet.t_LMS_Submit,10,10,4,0
bench_expire_01,0,after:EvidenceNet.t_Review_Request,10,10,4,0
bench_expire_01,0,after:ProfessorAgent.t_StartReview,10,10,4,0
bench_expire_01,0,after:ProfessorAgent.t_AssessEvidence,10,10,4,0
bench_expire_01,0,after:ProfessorAgent.t_ApproveEvidence,10,10,5,0
bench_expire_01,0,after:UniversityAgent.t_VerifyEvidence,10,10,5,0
bench_expire_01,0,after:UniversityAgent.t_RequestCredential,11,11,7,0
bench_expire_01,0,after:CompetencyNet.t_Verification_Pass,11,11,7,0
bench_expire_01,0,after:UniversityAgent.t_IssueCredential,11,11,8,0
bench_expire_01,0,after:StudentAgent.t_WaitCredential,11,11,8,0
bench_expire_01,0,after:StudentAgent.t_ReceiveCredential,11,11,8,0
bench_expire_01,0,after:CompetencyNet.t_SBT_Expire,11,11,8,0
bench_expire_01,0,terminal,11,11,8,0
bench_expire_02,0,creation,9,9,1,0
bench_expire_02,0,after:StudentAgent.t_SubmitEvidence,10,10,4,0
bench_expire_02,0,after:EvidenceNet.t_LMS_Submit,10,10,4,0
bench_expire_02,0,after:EvidenceNet.t_Review_Request,10,10,4,0
bench_expire_02,0,after:ProfessorAgent.t_StartReview,10,10,4,0
bench_expire_02,0,after:ProfessorAgent.t_AssessEvidence,10,10,4,0
bench_expire_02,0,after:ProfessorAgent.t_ApproveEvidence,10,10,5,0
bench_expire_02,0,after:UniversityAgent.t_VerifyEvidence,10,10,5,0
bench_expire_02,0,after:UniversityAgent.t_RequestCredential,11,11,7,0
bench_expire_02,0,after:CompetencyNet.t_Verification_Pass,11,11,7,0
bench_expire_02,0,after:UniversityAgent.t_IssueCredential,11,11,8,0
bench_expire_02,0,after:StudentAgent.t_WaitCredential,11,11,8,0
bench_expire_02,0,after:StudentAgent.t_ReceiveCredential,11,11,8,0
bench_expire_02,0,after:CompetencyNet.t_SBT_Expire,11,11,8,0
bench_expire_02,0,terminal,11,11,8,0
bench_expire_03,0,creation,9,9,1,0
bench_expire_03,0,after:StudentAgent.t_SubmitEvidence,10,10,4,0
bench_expire_03,0,after:EvidenceNet.t_LMS_Submit,10,10,4,0
bench_expire_03,0,after:EvidenceNet.t_Review_Request,10,10,4,0
bench_expire_03,0,after:ProfessorAgent.t_StartReview,10,10,4,0
bench_expire_03,0,after:ProfessorAgent.t_AssessEvidence,10,10,4,0
bench_expire_03,0,after:ProfessorAgent.t_ApproveEvidence,10,10,5,0
bench_expire_03,0,after:UniversityAgent.t_VerifyEvidence,10,10,5,0
bench_expire_03,0,after:UniversityAgent.t_RequestCredential,11,11,7,0
bench_expire_03,0,after:CompetencyNet.t_Verification_Pass,11,11,7,0
bench_expire_03,0,after:UniversityAgent.t_IssueCredential,11,11,8,0
bench_expire_03,0,after:StudentAgent.t_WaitCredential,11,11,8,0
bench_expire_03,0,after:StudentAgent.t_ReceiveCredential,11,11,8,0
bench_expire_03,0,after:CompetencyNet.t_SBT_Expire,11,11,8,0
bench_expire_03,0,terminal,11,11,8,0
bench_expire_04,0,creation,9,9,1,0
bench_expire_04,0,after:StudentAgent.t_SubmitEvidence,10,10,4,0
bench_expire_04,0,after:EvidenceNet.t_LMS_Submit,10,10,4,0
bench_expire_04,0,after:EvidenceNet.t_Review_Request,10,10,4,0
bench_expire_04,0,after:ProfessorAgent.t_StartReview,10,10,4,0
bench_expire_04,0,after:ProfessorAgent.t_AssessEvidence,10,10,4,0
bench_expire_04,0,after:ProfessorAgent.t_ApproveEvidence,10,10,5,0
bench_expire_04,0,after:UniversityAgent.t_VerifyEvidence,10,10,5,0
bench_expire_04,0,after:UniversityAgent.t_RequestCredential,11,11,7,0
bench_expire_04,0,after:CompetencyNet.t_Verification_Pass,11,11,7,0
bench_expire_04,0,after:UniversityAgent.t_IssueCredential,11,11,8,0
bench_expire_04,0,after:StudentAgent.t_WaitCredential,11,11,8,0
bench_expire_04,0,after:StudentAgent.t_ReceiveCredential,11,11,8,0
bench_expire_04,0,after:CompetencyNet.t_SBT_Expire,11,11,8,0
bench_expire_04,0,terminal,11,11,8,0
bench_expire_05,0,creation,9,9,1,0
bench_expire_05,0,after:StudentAgent.t_SubmitEvidence,10,10,4,0
bench_expire_05,0,after:EvidenceNet.t_LMS_Submit,10,10,4,0
bench_expire_05,0,after:EvidenceNet.t_Review_Request,10,10,4,0
bench_expire_05,0,after:ProfessorAgent.t_StartReview,10,10,4,0
bench_expire_05,0,after:ProfessorAgent.t_AssessEvidence,10,10,4,0
bench_expire_05,0,after:ProfessorAgent.t_ApproveEvidence,10,10,5,0
bench_expire_05,0,after:UniversityAgent.t_VerifyEvidence,10,10,5,0
bench_expire_05,0,after:UniversityAgent.t_RequestCredential,11,11,7,0
bench_expire_05,0,after:CompetencyNet.t_Verification_Pass,11,11,7,0
bench_expire_05,0,after:UniversityAgent.t_IssueCredential,11,11,8,0
bench_expire_05,0,after:StudentAgent.t_WaitCredential,11,11,8,0
bench_expire_05,0,after:StudentAgent.t_ReceiveCredential,11,11,8,0
bench_expire_05,0,after:CompetencyNet.t_SBT_Expire,11,11,8,0
bench_expire_05,0,terminal,11,11,8,0
bench_expire_06,0,creation,9,9,1,0
bench_expire_06,0,after:StudentAgent.t_SubmitEvidence,10,10,4,0
bench_expire_06,0,after:EvidenceNet.t_LMS_Submit,10,10,4,0
bench_expire_06,0,after:EvidenceNet.t_Review_Request,10,10,4,0
bench_expire_06,0,after:ProfessorAgent.t_StartReview,10,10,4,0
bench_expire_06,0,after:ProfessorAgent.t_AssessEvidence,10,10,4,0
bench_expire_06,0,after:ProfessorAgent.t_ApproveEvidence,10,10,5,0
bench_expire_06,0,after:UniversityAgent.t_VerifyEvidence,10,10,5,0
bench_expire_06,0,after:UniversityAgent.t_RequestCredential,11,11,7,0
bench_expire_06,0,after:CompetencyNet.t_Verification_Pass,11,11,7,0
bench_expire_06,0,after:UniversityAgent.t_IssueCredential,11,11,8,0
bench_expire_06,0,after:StudentAgent.t_WaitCredential,11,11,8,0
bench_expire_06,0,after:StudentAgent.t_ReceiveCredential,11,11,8,0
bench_expire_06,0,after:CompetencyNet.t_SBT_Expire,11,11,8,0
bench_expire_06,0,terminal,11,11,8,0
bench_expire_07,0,creation,9,9,1,0
bench_expire_07,0,after:StudentAgent.t_SubmitEvidence,10,10,4,0
bench_expire_07,0,after:EvidenceNet.t_LMS_Submit,10,10,4,0
bench_expire_07,0,after:EvidenceNet.t_Review_Request,10,10,4,0
bench_expire_07,0,after:ProfessorAgent.t_StartReview,10,10,4,0
bench_expire_07,0,after:ProfessorAgent.t_AssessEvidence,10,10,4,0
bench_expire_07,0,after:ProfessorAgent.t_ApproveEvidence,10,10,5,0
bench_expire_07,0,after:UniversityAgent.t_VerifyEvidence,10,10,5,0
bench_expire_07,0,after:UniversityAgent.t_RequestCredential,11,11,7,0
bench_expire_07,0,after:CompetencyNet.t_Verification_Pass,11,11,7,0
bench_expire_07,0,after:UniversityAgent.t_IssueCredential,11,11,8,0
bench_expire_07,0,after:StudentAgent.t_WaitCredential,11,11,8,0
bench_expire_07,0,after:StudentAgent.t_ReceiveCredential,11,11,8,0
bench_expire_07,0,after:CompetencyNet.t_SBT_Expire,11,11,8,0
bench_expire_07,0,terminal,11,11,8,0
bench_expire_08,0,creation,9,9,1,0
bench_expire_08,0,after:StudentAgent.t_SubmitEvidence,10,10,4,0
bench_expire_08,0,after:EvidenceNet.t_LMS_Submit,10,10,4,0
bench_expire_08,0,after:EvidenceNet.t_Review_Request,10,10,4,0
bench_expire_08,0,after:ProfessorAgent.t_StartReview,10,10,4,0
bench_expire_08,0,after:ProfessorAgent.t_AssessEvidence,10,10,4,0
bench_expire_08,0,after:ProfessorAgent.t_ApproveEvidence,10,10,5,0
bench_expire_08,0,after:UniversityAgent.t_VerifyEvidence,10,10,5,0
bench_expire_08,0,after:UniversityAgent.t_RequestCredential,11,11,7,0
bench_expire_08,0,after:CompetencyNet.t_Verification_Pass,11,11,7,0
bench_expire_08,0,after:UniversityAgent.t_IssueCredential,11,11,8,0
bench_expire_08,0,after:StudentAgent.t_WaitCredential,11,11,8,0
bench_expire_08,0,after:StudentAgent.t_ReceiveCredential,11,11,8,0
bench_expire_08,0,after:CompetencyNet.t_SBT_Expire,11,11,8,0
bench_expire_08,0,terminal,11,11,8,0
bench_expire_09,0,creation,9,9,1,0
bench_expire_09,0,after:StudentAgent.t_SubmitEvidence,10,10,4,0
bench_expire_09,0,after:EvidenceNet.t_LMS_Submit,10,10,4,0
bench_expire_09,0,after:EvidenceNet.t_Review_Request,10,10,4,0
bench_expire_09,0,after:ProfessorAgent.t_StartReview,10,10,4,0
bench_expire_09,0,after:ProfessorAgent.t_AssessEvidence,10,10,4,0
bench_expire_09,0,after:ProfessorAgent.t_ApproveEvidence,10,10,5,0
bench_expire_09,0,after:UniversityAgent.t_VerifyEvidence,10,10,5,0
bench_expire_09,0,after:UniversityAgent.t_RequestCredential,11,11,7,0
bench_expire_09,0,after:CompetencyNet.t_Verification_Pass,11,11,7,0
bench_expire_09,0,after:UniversityAgent.t_IssueCredential,11,11,8,0
bench_expire_09,0,after:StudentAgent.t_WaitCredential,11,11,8,0
bench_expire_09,0,after:StudentAgent.t_ReceiveCredential,11,11,8,0
bench_expire_09,0,after:CompetencyNet.t_SBT_Expire,11,11,8,0
bench_expire_09,0,terminal,11,11,8,0
bench_expire_10,0,creation,9,9,1,0
bench_expire_10,0,after:StudentAgent.t_SubmitEvidence,10,10,4,0
bench_expire_10,0,after:EvidenceNet.t_LMS_Submit,10,10,4,0
bench_expire_10,0,after:EvidenceNet.t_Review_Request,10,10,4,0
bench_expire_10,0,after:ProfessorAgent.t_StartReview,10,10,4,0
bench_expire_10,0,after:ProfessorAgent.t_AssessEvidence,10,10,4,0
bench_expire_10,0,after:ProfessorAgent.t_ApproveEvidence,10,10,5,0
bench_expire_10,0,after:UniversityAgent.t_VerifyEvidence,10,10,5,0
bench_expire_10,0,after:UniversityAgent.t_RequestCredential,11,11,7,0
bench_expire_10,0,after:CompetencyNet.t_Verification_Pass,11,11,7,0
bench_expire_10,0,after:UniversityAgent.t_IssueCredential,11,11,8,0
bench_expire_10,0,after:StudentAgent.t_WaitCredential,11,11,8,0
bench_expire_10,0,after:StudentAgent.t_ReceiveCredential,11,11,8,0
bench_expire_10,0,after:CompetencyNet.t_SBT_Expire,11,11,8,0
bench_expire_10,0,terminal,11,11,8,0
bench_expire_11,0,creation,9,9,1,0
bench_expire_11,0,after:StudentAgent.t_SubmitEvidence,10,10,4,0
bench_expire_11,0,after:EvidenceNet.t_LMS_Submit,10,10,4,0
bench_expire_11,0,after:EvidenceNet.t_Review_Request,10,10,4,0
bench_expire_11,0,after:ProfessorAgent.t_StartReview,10,10,4,0
bench_expire_11,0,after:ProfessorAgent.t_AssessEvidence,10,10,4,0
bench_expire_11,0,after:ProfessorAgent.t_ApproveEvidence,10,10,5,0
bench_expire_11,0,after:UniversityAgent.t_VerifyEvidence,10,10,5,0
bench_expire_11,0,after:UniversityAgent.t_RequestCredential,11,11,7,0
bench_expire_11,0,after:CompetencyNet.t_Verification_Pass,11,11,7,0
bench_expire_11,0,after:UniversityAgent.t_IssueCredential,11,11,8,0
bench_expire_11,0,after:StudentAgent.t_WaitCredential,11,11,8,0
bench_expire_11,0,after:StudentAgent.t_ReceiveCredential,11,11,8,0
bench_expire_11,0,after:CompetencyNet.t_SBT_Expire,11,11,8,0
bench_expire_11,0,terminal,11,11,8,0
bench_expire_12,0,creation,9,9,1,0
bench_expire_12,0,after:StudentAgent.t_SubmitEvidence,10,10,4,0
bench_expire_12,0,after:EvidenceNet.t_LMS_Submit,10,10,4,0
bench_expire_12,0,after:EvidenceNet.t_Review_Request,10,10,4,0
bench_expire_12,0,after:ProfessorAgent.t_StartReview,10,10,4,0
bench_expire_12,0,after:ProfessorAgent.t_AssessEvidence,10,10,4,0
bench_expire_12,0,after:ProfessorAgent.t_ApproveEvidence,10,10,5,0
bench_expire_12,0,after:UniversityAgent.t_VerifyEvidence,10,10,5,0
bench_expire_12,0,after:UniversityAgent.t_RequestCredential,11,11,7,0
bench_expire_12,0,after:CompetencyNet.t_Verification_Pass,11,11,7,0
bench_expire_12,0,after:UniversityAgent.t_IssueCredential,11,11,8,0
bench_expire_12,0,after:StudentAgent.t_WaitCredential,11,11,8,0
bench_expire_12,0,after:StudentAgent.t_ReceiveCredential,11,11,8,0
bench_expire_12,0,after:CompetencyNet.t_SBT_Expire,11,11,8,0
bench_expire_12,0,terminal,11,11,8,0
bench_expire_13,0,creation,9,9,1,0
bench_expire_13,0,after:StudentAgent.t_SubmitEvidence,10,10,4,0
bench_expire_13,0,after:EvidenceNet.t_LMS_Submit,10,10,4,0
bench_expire_13,0,after:EvidenceNet.t_Review_Request,10,10,4,0
bench_expire_13,0,after:ProfessorAgent.t_StartReview,10,10,4,0
bench_expire_13,0,after:ProfessorAgent.t_AssessEvidence,10,10,4,0
bench_expire_13,0,after:ProfessorAgent.t_ApproveEvidence,10,10,5,0
bench_expire_13,0,after:UniversityAgent.t_VerifyEvidence,10,10,5,0
bench_expire_13,0,after:UniversityAgent.t_RequestCredential,11,11,7,0
bench_expire_13,0,after:CompetencyNet.t_Verification_Pass,11,11,7,0
bench_expire_13,0,after:UniversityAgent.t_IssueCredential,11,11,8,0
bench_expire_13,0,after:StudentAgent.t_WaitCredential,11,11,8,0
bench_expire_13,0,after:StudentAgent.t_ReceiveCredential,11,11,8,0
bench_expire_13,0,after:CompetencyNet.t_SBT_Expire,11,11,8,0
bench_expire_13,0,terminal,11,11,8,0
bench_expire_14,0,creation,9,9,1,0
bench_expire_14,0,after:StudentAgent.t_SubmitEvidence,10,10,4,0
bench_expire_14,0,after:EvidenceNet.t_LMS_Submit,10,10,4,0
bench_expire_14,0,after:EvidenceNet.t_Review_Request,10,10,4,0
bench_expire_14,0,after:ProfessorAgent.t_StartReview,10,10,4,0
bench_expire_14,0,after:ProfessorAgent.t_AssessEvidence,10,10,4,0
bench_expire_14,0,after:ProfessorAgent.t_ApproveEvidence,10,10,5,0
bench_expire_14,0,after:UniversityAgent.t_VerifyEvidence,10,10,5,0
bench_expire_14,0,after:UniversityAgent.t_RequestCredential,11,11,7,0
bench_expire_14,0,after:CompetencyNet.t_Verification_Pass,11,11,7,0
bench_expire_14,0,after:UniversityAgent.t_IssueCredential,11,11,8,0
bench_expire_14,0,after:StudentAgent.t_WaitCredential,11,11,8,0
bench_expire_14,0,after:StudentAgent.t_ReceiveCredential,11,11,8,0
bench_expire_14,0,after:CompetencyNet.t_SBT_Expire,11,11,8,0
bench_expire_14,0,terminal,11,11,8,0
bench_expire_15,0,creation,9,9,1,0
bench_expire_15,0,after:StudentAgent.t_SubmitEvidence,10,10,4,0
bench_expire_15,0,after:EvidenceNet.t_LMS_Submit,10,10,4,0
bench_expire_15,0,after:EvidenceNet.t_Review_Request,10,10,4,0
bench_expire_15,0,after:ProfessorAgent.t_StartReview,10,10,4,0
bench_expire_15,0,after:ProfessorAgent.t_AssessEvidence,10,10,4,0
bench_expire_15,0,after:ProfessorAgent.t_ApproveEvidence,10,10,5,0
bench_expire_15,0,after:UniversityAgent.t_VerifyEvidence,10,10,5,0
bench_expire_15,0,after:UniversityAgent.t_RequestCredential,11,11,7,0
bench_expire_15,0,after:CompetencyNet.t_Verification_Pass,11,11,7,0
bench_expire_15,0,after:UniversityAgent.t_IssueCredential,11,11,8,0
bench_expire_15,0,after:StudentAgent.t_WaitCredential,11,11,8,0
bench_expire_15,0,after:StudentAgent.t_ReceiveCredential,11,11,8,0
bench_expire_15,0,after:CompetencyNet.t_SBT_Expire,11,11,8,0
bench_expire_15,0,terminal,11,11,8,0
bench_expire_16,0,creation,9,9,1,0
bench_expire_16,0,after:StudentAgent.t_SubmitEvidence,10,10,4,0
bench_expire_16,0,after:EvidenceNet.t_LMS_Submit,10,10,4,0
bench_expire_16,0,after:EvidenceNet.t_Review_Request,10,10,4,0
bench_expire_16,0,after:ProfessorAgent.t_StartReview,10,10,4,0
bench_expire_16,0,after:ProfessorAgent.t_AssessEvidence,10,10,4,0
bench_expire_16,0,after:ProfessorAgent.t_ApproveEvidence,10,10,5,0
bench_expire_16,0,after:UniversityAgent.t_VerifyEvidence,10,10,5,0
bench_expire_16,0,after:UniversityAgent.t_RequestCredential,11,11,7,0
bench_expire_16,0,after:CompetencyNet.t_Verification_Pass,11,11,7,0
bench_expire_16,0,after:UniversityAgent.t_IssueCredential,11,11,8,0
bench_expire_16,0,after:StudentAgent.t_WaitCredential,11,11,8,0
bench_expire_16,0,after:StudentAgent.t_ReceiveCredential,11,11,8,0
bench_expire_16,0,after:CompetencyNet.t_SBT_Expire,11,11,8,0
bench_expire_16,0,terminal,11,11,8,0
bench_expire_17,0,creation,9,9,1,0
bench_expire_17,0,after:StudentAgent.t_SubmitEvidence,10,10,4,0
bench_expire_17,0,after:EvidenceNet.t_LMS_Submit,10,10,4,0
bench_expire_17,0,after:EvidenceNet.t_Review_Request,10,10,4,0
bench_expire_17,0,after:ProfessorAgent.t_StartReview,10,10,4,0
bench_expire_17,0,after:ProfessorAgent.t_AssessEvidence,10,10,4,0
bench_expire_17,0,after:ProfessorAgent.t_ApproveEvidence,10,10,5,0
bench_expire_17,0,after:UniversityAgent.t_VerifyEvidence,10,10,5,0
bench_expire_17,0,after:UniversityAgent.t_RequestCredential,11,11,7,0
bench_expire_17,0,after:CompetencyNet.t_Verification_Pass,11,11,7,0
bench_expire_17,0,after:UniversityAgent.t_IssueCredential,11,11,8,0
bench_expire_17,0,after:StudentAgent.t_WaitCredential,11,11,8,0
bench_expire_17,0,after:StudentAgent.t_ReceiveCredential,11,11,8,0
bench_expire_17,0,after:CompetencyNet.t_SBT_Expire,11,11,8,0
bench_expire_17,0,terminal,11,11,8,0
bench_expire_18,0,creation,9,9,1,0
bench_expire_18,0,after:StudentAgent.t_SubmitEvidence,10,10,4,0
bench_expire_18,0,after:EvidenceNet.t_LMS_Submit,10,10,4,0
bench_expire_18,0,after:EvidenceNet.t_Review_Request,10,10,4,0
bench_expire_18,0,after:ProfessorAgent.t_StartReview,10,10,4,0
bench_expire_18,0,after:ProfessorAgent.t_AssessEvidence,10,10,4,0
bench_expire_18,0,after:ProfessorAgent.t_ApproveEvidence,10,10,5,0
bench_expire_18,0,after:UniversityAgent.t_VerifyEvidence,10,10,5,0
bench_expire_18,0,after:UniversityAgent.t_RequestCredential,11,11,7,0
bench_expire_18,0,after:CompetencyNet.t_Verification_Pass,11,11,7,0
bench_expire_18,0,after:UniversityAgent.t_IssueCredential,11,11,8,0
bench_expire_18,0,after:StudentAgent.t_WaitCredential,11,11,8,0
bench_expire_18,0,after:StudentAgent.t_ReceiveCredential,11,11,8,0
bench_expire_18,0,after:CompetencyNet.t_SBT_Expire,11,11,8,0
bench_expire_18,0,terminal,11,11,8,0
bench_expire_19,0,creation,9,9,1,0
bench_expire_19,0,after:StudentAgent.t_SubmitEvidence,10,10,4,0
bench_expire_19,0,after:EvidenceNet.t_LMS_Submit,10,10,4,0
bench_expire_19,0,after:EvidenceNet.t_Review_Request,10,10,4,0
bench_expire_19,0,after:ProfessorAgent.t_StartReview,10,10,4,0
bench_expire_19,0,after:ProfessorAgent.t_AssessEvidence,10,10,4,0
bench_expire_19,0,after:ProfessorAgent.t_ApproveEvidence,10,10,5,0
bench_expire_19,0,after:UniversityAgent.t_VerifyEvidence,10,10,5,0
bench_expire_19,0,after:UniversityAgent.t_RequestCredential,11,11,7,0
bench_expire_19,0,after:CompetencyNet.t_Verification_Pass,11,11,7,0
bench_expire_19,0,after:UniversityAgent.t_IssueCredential,11,11,8,0
bench_expire_19,0,after:StudentAgent.t_WaitCredential,11,11,8,0
bench_expire_19,0,after:StudentAgent.t_ReceiveCredential,11,11,8,0
bench_expire_19,0,after:CompetencyNet.t_SBT_Expire,11,11,8,0
bench_expire_19,0,terminal,11,11,8,0
bench_expire_20,0,creation,9,9,1,0
bench_expire_20,0,after:StudentAgent.t_SubmitEvidence,10,10,4,0
bench_expire_20,0,after:EvidenceNet.t_LMS_Submit,10,10,4,0
bench_expire_20,0,after:EvidenceNet.t_Review_Request,10,10,4,0
bench_expire_20,0,after:ProfessorAgent.t_StartReview,10,10,4,0
bench_expire_20,0,after:ProfessorAgent.t_AssessEvidence,10,10,4,0
bench_expire_20,0,after:ProfessorAgent.t_ApproveEvidence,10,10,5,0
bench_expire_20,0,after:UniversityAgent.t_VerifyEvidence,10,10,5,0
bench_expire_20,0,after:UniversityAgent.t_RequestCredential,11,11,7,0
bench_expire_20,0,after:CompetencyNet.t_Verification_Pass,11,11,7,0
bench_expire_20,0,after:UniversityAgent.t_IssueCredential,11,11,8,0
bench_expire_20,0,after:StudentAgent.t_WaitCredential,11,11,8,0
bench_expire_20,0,after:StudentAgent.t_ReceiveCredential,11,11,8,0
bench_expire_20,0,after:CompetencyNet.t_SBT_Expire,11,11,8,0
bench_expire_20,0,terminal,11,11,8,0
bench_expire_21,0,creation,9,9,1,0
bench_expire_21,0,after:StudentAgent.t_SubmitEvidence,10,10,4,0
bench_expire_21,0,after:EvidenceNet.t_LMS_Submit,10,10,4,0
bench_expire_21,0,after:EvidenceNet.t_Review_Request,10,10,4,0
bench_expire_21,0,after:ProfessorAgent.t_StartReview,10,10,4,0
bench_expire_21,0,after:ProfessorAgent.t_AssessEvidence,10,10,4,0
bench_expire_21,0,after:ProfessorAgent.t_ApproveEvidence,10,10,5,0
bench_expire_21,0,after:UniversityAgent.t_VerifyEvidence,10,10,5,0
bench_expire_21,0,after:UniversityAgent.t_RequestCredential,11,11,7,0
bench_expire_21,0,after:CompetencyNet.t_Verification_Pass,11,11,7,0
bench_expire_21,0,after:UniversityAgent.t_IssueCredential,11,11,8,0
bench_expire_21,0,after:StudentAgent.t_WaitCredential,11,11,8,0
bench_expire_21,0,after:StudentAgent.t_ReceiveCredential,11,11,8,0
bench_expire_21,0,after:CompetencyNet.t_SBT_Expire,11,11,8,0
bench_expire_21,0,terminal,11,11,8,0
bench_expire_22,0,creation,9,9,1,0
bench_expire_22,0,after:StudentAgent.t_SubmitEvidence,10,10,4,0
bench_expire_22,0,after:EvidenceNet.t_LMS_Submit,10,10,4,0
bench_expire_22,0,after:EvidenceNet.t_Review_Request,10,10,4,0
bench_expire_22,0,after:ProfessorAgent.t_StartReview,10,10,4,0
bench_expire_22,0,after:ProfessorAgent.t_AssessEvidence,10,10,4,0
bench_expire_22,0,after:ProfessorAgent.t_ApproveEvidence,10,10,5,0
bench_expire_22,0,after:UniversityAgent.t_VerifyEvidence,10,10,5,0
bench_expire_22,0,after:UniversityAgent.t_RequestCredential,11,11,7,0
bench_expire_22,0,after:CompetencyNet.t_Verification_Pass,11,11,7,0
bench_expire_22,0,after:UniversityAgent.t_IssueCredential,11,11,8,0
bench_expire_22,0,after:StudentAgent.t_WaitCredential,11,11,8,0
bench_expire_22,0,after:StudentAgent.t_ReceiveCredential,11,11,8,0
bench_expire_22,0,after:CompetencyNet.t_SBT_Expire,11,11,8,0
bench_expire_22,0,terminal,11,11,8,0
bench_expire_23,0,creation,9,9,1,0
bench_expire_23,0,after:StudentAgent.t_SubmitEvidence,10,10,4,0
bench_expire_23,0,after:EvidenceNet.t_LMS_Submit,10,10,4,0
bench_expire_23,0,after:EvidenceNet.t_Review_Request,10,10,4,0
bench_expire_23,0,after:ProfessorAgent.t_StartReview,10,10,4,0
bench_expire_23,0,after:ProfessorAgent.t_AssessEvidence,10,10,4,0
bench_expire_23,0,after:ProfessorAgent.t_ApproveEvidence,10,10,5,0
bench_expire_23,0,after:UniversityAgent.t_VerifyEvidence,10,10,5,0
bench_expire_23,0,after:UniversityAgent.t_RequestCredential,11,11,7,0
bench_expire_23,0,after:CompetencyNet.t_Verification_Pass,11,11,7,0
bench_expire_23,0,after:UniversityAgent.t_IssueCredential,11,11,8,0
bench_expire_23,0,after:StudentAgent.t_WaitCredential,11,11,8,0
bench_expire_23,0,after:StudentAgent.t_ReceiveCredential,11,11,8,0
bench_expire_23,0,after:CompetencyNet.t_SBT_Expire,11,11,8,0
bench_expire_23,0,terminal,11,11,8,0
bench_expire_24,0,creation,9,9,1,0
bench_expire_24,0,after:StudentAgent.t_SubmitEvidence,10,10,4,0
bench_expire_24,0,after:EvidenceNet.t_LMS_Submit,10,10,4,0
bench_expire_24,0,after:EvidenceNet.t_Review_Request,10,10,4,0
bench_expire_24,0,after:ProfessorAgent.t_StartReview,10,10,4,0
bench_expire_24,0,after:ProfessorAgent.t_AssessEvidence,10,10,4,0
bench_expire_24,0,after:ProfessorAgent.t_ApproveEvidence,10,10,5,0
bench_expire_24,0,after:UniversityAgent.t_VerifyEvidence,10,10,5,0
bench_expire_24,0,after:UniversityAgent.t_RequestCredential,11,11,7,0
bench_expire_24,0,after:CompetencyNet.t_Verification_Pass,11,11,7,0
bench_expire_24,0,after:UniversityAgent.t_IssueCredential,11,11,8,0
bench_expire_24,0,after:StudentAgent.t_WaitCredential,11,11,8,0
bench_expire_24,0,after:StudentAgent.t_ReceiveCredential,11,11,8,0
bench_expire_24,0,after:CompetencyNet.t_SBT_Expire,11,11,8,0
bench_expire_24,0,terminal,11,11,8,0
bench_expire_25,0,creation,9,9,1,0
bench_expire_25,0,after:StudentAgent.t_SubmitEvidence,10,10,4,0
bench_expire_25,0,after:EvidenceNet.t_LMS_Submit,10,10,4,0
bench_expire_25,0,after:EvidenceNet.t_Review_Request,10,10,4,0
bench_expire_25,0,after:ProfessorAgent.t_StartReview,10,10,4,0
bench_expire_25,0,after:ProfessorAgent.t_AssessEvidence,10,10,4,0
bench_expire_25,0,after:ProfessorAgent.t_ApproveEvidence,10,10,5,0
bench_expire_25,0,after:UniversityAgent.t_VerifyEvidence,10,10,5,0
bench_expire_25,0,after:UniversityAgent.t_RequestCredential,11,11,7,0
bench_expire_25,0,after:CompetencyNet.t_Verification_Pass,11,11,7,0
bench_expire_25,0,after:UniversityAgent.t_IssueCredential,11,11,8,0
bench_expire_25,0,after:StudentAgent.t_WaitCredential,11,11,8,0
bench_expire_25,0,after:StudentAgent.t_ReceiveCredential,11,11,8,0
bench_expire_25,0,after:CompetencyNet.t_SBT_Expire,11,11,8,0
bench_expire_25,0,terminal,11,11,8,0
bench_expire_26,0,creation,9,9,1,0
bench_expire_26,0,after:StudentAgent.t_SubmitEvidence,10,10,4,0
bench_expire_26,0,after:EvidenceNet.t_LMS_Submit,10,10,4,0
bench_expire_26,0,after:EvidenceNet.t_Review_Request,10,10,4,0
bench_expire_26,0,after:ProfessorAgent.t_StartReview,10,10,4,0
bench_expire_26,0,after:ProfessorAgent.t_AssessEvidence,10,10,4,0
bench_expire_26,0,after:ProfessorAgent.t_ApproveEvidence,10,10,5,0
bench_expire_26,0,after:UniversityAgent.t_VerifyEvidence,10,10,5,0
bench_expire_26,0,after:UniversityAgent.t_RequestCredential,11,11,7,0
bench_expire_26,0,after:CompetencyNet.t_Verification_Pass,11,11,7,0
bench_expire_26,0,after:UniversityAgent.t_IssueCredential,11,11,8,0
bench_expire_26,0,after:StudentAgent.t_WaitCredential,11,11,8,0
bench_expire_26,0,after:StudentAgent.t_ReceiveCredential,11,11,8,0
bench_expire_26,0,after:CompetencyNet.t_SBT_Expire,11,11,8,0
bench_expire_26,0,terminal,11,11,8,0
bench_expire_27,0,creation,9,9,1,0
bench_expire_27,0,after:StudentAgent.t_SubmitEvidence,10,10,4,0
bench_expire_27,0,after:EvidenceNet.t_LMS_Submit,10,10,4,0
bench_expire_27,0,after:EvidenceNet.t_Review_Request,10,10,4,0
bench_expire_27,0,after:ProfessorAgent.t_StartReview,10,10,4,0
bench_expire_27,0,after:ProfessorAgent.t_AssessEvidence,10,10,4,0
bench_expire_27,0,after:ProfessorAgent.t_ApproveEvidence,10,10,5,0
bench_expire_27,0,after:UniversityAgent.t_VerifyEvidence,10,10,5,0
bench_expire_27,0,after:UniversityAgent.t_RequestCredential,11,11,7,0
bench_expire_27,0,after:CompetencyNet.t_Verification_Pass,11,11,7,0
bench_expire_27,0,after:UniversityAgent.t_IssueCredential,11,11,8,0
bench_expire_27,0,after:StudentAgent.t_WaitCredential,11,11,8,0
bench_expire_27,0,after:StudentAgent.t_ReceiveCredential,11,11,8,0
bench_expire_27,0,after:CompetencyNet.t_SBT_Expire,11,11,8,0
bench_expire_27,0,terminal,11,11,8,0
bench_expire_28,0,creation,9,9,1,0
bench_expire_28,0,after:StudentAgent.t_SubmitEvidence,10,10,4,0
bench_expire_28,0,after:EvidenceNet.t_LMS_Submit,10,10,4,0
bench_expire_28,0,after:EvidenceNet.t_Review_Request,10,10,4,0
bench_expire_28,0,after:ProfessorAgent.t_StartReview,10,10,4,0
bench_expire_28,0,after:ProfessorAgent.t_AssessEvidence,10,10,4,0
bench_expire_28,0,after:ProfessorAgent.t_ApproveEvidence,10,10,5,0
bench_expire_28,0,after:UniversityAgent.t_VerifyEvidence,10,10,5,0
bench_expire_28,0,after:UniversityAgent.t_RequestCredential,11,11,7,0
bench_expire_28,0,after:CompetencyNet.t_Verification_Pass,11,11,7,0
bench_expire_28,0,after:UniversityAgent.t_IssueCredential,11,11,8,0
bench_expire_28,0,after:StudentAgent.t_WaitCredential,11,11,8,0
bench_expire_28,0,after:StudentAgent.t_ReceiveCredential,11,11,8,0
bench_expire_28,0,after:CompetencyNet.t_SBT_Expire,11,11,8,0
bench_expire_28,0,terminal,11,11,8,0
bench_expire_29,0,creation,9,9,1,0
bench_expire_29,0,after:StudentAgent.t_SubmitEvidence,10,10,4,0
bench_expire_29,0,after:EvidenceNet.t_LMS_Submit,10,10,4,0
bench_expire_29,0,after:EvidenceNet.t_Review_Request,10,10,4,0
bench_expire_29,0,after:ProfessorAgent.t_StartReview,10,10,4,0
bench_expire_29,0,after:ProfessorAgent.t_AssessEvidence,10,10,4,0
bench_expire_29,0,after:ProfessorAgent.t_ApproveEvidence,10,10,5,0
bench_expire_29,0,after:UniversityAgent.t_VerifyEvidence,10,10,5,0
bench_expire_29,0,after:UniversityAgent.t_RequestCredential,11,11,7,0
bench_expire_29,0,after:CompetencyNet.t_Verification_Pass,11,11,7,0
bench_expire_29,0,after:UniversityAgent.t_IssueCredential,11,11,8,0
bench_expire_29,0,after:StudentAgent.t_WaitCredential,11,11,8,0
bench_expire_29,0,after:StudentAgent.t_ReceiveCredential,11,11,8,0
bench_expire_29,0,after:CompetencyNet.t_SBT_Expire,11,11,8,0
bench_expire_29,0,terminal,11,11,8,0
bench_expire_30,0,creation,9,9,1,0
bench_expire_30,0,after:StudentAgent.t_SubmitEvidence,10,10,4,0
bench_expire_30,0,after:EvidenceNet.t_LMS_Submit,10,10,4,0
bench_expire_30,0,after:EvidenceNet.t_Review_Request,10,10,4,0
bench_expire_30,0,after:ProfessorAgent.t_StartReview,10,10,4,0
bench_expire_30,0,after:ProfessorAgent.t_AssessEvidence,10,10,4,0
bench_expire_30,0,after:ProfessorAgent.t_ApproveEvidence,10,10,5,0
bench_expire_30,0,after:UniversityAgent.t_VerifyEvidence,10,10,5,0
bench_expire_30,0,after:UniversityAgent.t_RequestCredential,11,11,7,0
bench_expire_30,0,after:CompetencyNet.t_Verification_Pass,11,11,7,0
bench_expire_30,0,after:UniversityAgent.t_IssueCredential,11,11,8,0
bench_expire_30,0,after:StudentAgent.t_WaitCredential,11,11,8,0
bench_expire_30,0,after:StudentAgent.t_ReceiveCredential,11,11,8,0
bench_expire_30,0,after:CompetencyNet.t_SBT_Expire,11,11,8,0
bench_expire_30,0,terminal,11,11,8,0
bench_grade_reject_01,0,creation,9,9,1,0
bench_grade_reject_01,0,after:StudentAgent.t_SubmitEvidence,10,10,4,0
bench_grade_reject_01,0,after:EvidenceNet.t_LMS_Submit,10,10,4,0
bench_grade_reject_01,0,after:EvidenceNet.t_Review_Request,10,10,4,0
bench_grade_reject_01,0,after:ProfessorAgent.t_StartReview,10,10,4,0
bench_grade_reject_01,0,after:ProfessorAgent.t_AssessEvidence,10,10,4,0
bench_grade_reject_01,0,after:ProfessorAgent.t_RejectEvidence,10,10,4,0
bench_grade_reject_01,0,terminal,10,10,4,0
bench_grade_reject_02,0,creation,9,9,1,0
bench_grade_reject_02,0,after:StudentAgent.t_SubmitEvidence,10,10,4,0
bench_grade_reject_02,0,after:EvidenceNet.t_LMS_Submit,10,10,4,0
bench_grade_reject_02,0,after:EvidenceNet.t_Review_Request,10,10,4,0
bench_grade_reject_02,0,after:ProfessorAgent.t_StartReview,10,10,4,0
bench_grade_reject_02,0,after:ProfessorAgent.t_AssessEvidence,10,10,4,0
bench_grade_reject_02,0,after:ProfessorAgent.t_RejectEvidence,10,10,4,0
bench_grade_reject_02,0,terminal,10,10,4,0
bench_grade_reject_03,0,creation,9,9,1,0
bench_grade_reject_03,0,after:StudentAgent.t_SubmitEvidence,10,10,4,0
bench_grade_reject_03,0,after:EvidenceNet.t_LMS_Submit,10,10,4,0
bench_grade_reject_03,0,after:EvidenceNet.t_Review_Request,10,10,4,0
bench_grade_reject_03,0,after:ProfessorAgent.t_StartReview,10,10,4,0
bench_grade_reject_03,0,after:ProfessorAgent.t_AssessEvidence,10,10,4,0
bench_grade_reject_03,0,after:ProfessorAgent.t_RejectEvidence,10,10,4,0
bench_grade_reject_03,0,terminal,10,10,4,0
bench_grade_reject_04,0,creation,9,9,1,0
bench_grade_reject_04,0,after:StudentAgent.t_SubmitEvidence,10,10,4,0
bench_grade_reject_04,0,after:EvidenceNet.t_LMS_Submit,10,10,4,0
bench_grade_reject_04,0,after:EvidenceNet.t_Review_Request,10,10,4,0
bench_grade_reject_04,0,after:ProfessorAgent.t_StartReview,10,10,4,0
bench_grade_reject_04,0,after:ProfessorAgent.t_AssessEvidence,10,10,4,0
bench_grade_reject_04,0,after:ProfessorAgent.t_RejectEvidence,10,10,4,0
bench_grade_reject_04,0,terminal,10,10,4,0
bench_grade_reject_05,0,creation,9,9,1,0
bench_grade_reject_05,0,after:StudentAgent.t_SubmitEvidence,10,10,4,0
bench_grade_reject_05,0,after:EvidenceNet.t_LMS_Submit,10,10,4,0
bench_grade_reject_05,0,after:EvidenceNet.t_Review_Request,10,10,4,0
bench_grade_reject_05,0,after:ProfessorAgent.t_StartReview,10,10,4,0
bench_grade_reject_05,0,after:ProfessorAgent.t_AssessEvidence,10,10,4,0
bench_grade_reject_05,0,after:ProfessorAgent.t_RejectEvidence,10,10,4,0
bench_grade_reject_05,0,terminal,10,10,4,0
bench_grade_reject_06,0,creation,9,9,1,0
bench_grade_reject_06,0,after:StudentAgent.t_SubmitEvidence,10,10,4,0
bench_grade_reject_06,0,after:EvidenceNet.t_LMS_Submit,10,10,4,0
bench_grade_reject_06,0,after:EvidenceNet.t_Review_Request,10,10,4,0
bench_grade_reject_06,0,after:ProfessorAgent.t_StartReview,10,10,4,0
bench_grade_reject_06,0,after:ProfessorAgent.t_AssessEvidence,10,10,4,0
bench_grade_reject_06,0,after:ProfessorAgent.t_RejectEvidence,10,10,4,0
bench_grade_reject_06,0,terminal,10,10,4,0
bench_grade_reject_07,0,creation,9,9,1,0
bench_grade_reject_07,0,after:StudentAgent.t_SubmitEvidence,10,10,4,0
bench_grade_reject_07,0,after:EvidenceNet.t_LMS_Submit,10,10,4,0
bench_grade_reject_07,0,after:EvidenceNet.t_Review_Request,10,10,4,0
bench_grade_reject_07,0,after:ProfessorAgent.t_StartReview,10,10,4,0
bench_grade_reject_07,0,after:ProfessorAgent.t_AssessEvidence,10,10,4,0
bench_grade_reject_07,0,after:ProfessorAgent.t_RejectEvidence,10,10,4,0
bench_grade_reject_07,0,terminal,10,10,4,0
bench_grade_reject_08,0,creation,9,9,1,0
bench_grade_reject_08,0,after:StudentAgent.t_SubmitEvidence,10,10,4,0
bench_grade_reject_08,0,after:EvidenceNet.t_LMS_Submit,10,10,4,0
bench_grade_reject_08,0,after:EvidenceNet.t_Review_Request,10,10,4,0
bench_grade_reject_08,0,after:ProfessorAgent.t_StartReview,10,10,4,0
bench_grade_reject_08,0,after:ProfessorAgent.t_AssessEvidence,10,10,4,0
bench_grade_reject_08,0,after:ProfessorAgent.t_RejectEvidence,10,10,4,0
bench_grade_reject_08,0,terminal,10,10,4,0
bench_grade_reject_09,0,creation,9,9,1,0
bench_grade_reject_09,0,after:StudentAgent.t_SubmitEvidence,10,10,4,0
bench_grade_reject_09,0,after:EvidenceNet.t_LMS_Submit,10,10,4,0
bench_grade_reject_09,0,after:EvidenceNet.t_Review_Request,10,10,4,0
bench_grade_reject_09,0,after:ProfessorAgent.t_StartReview,10,10,4,0
bench_grade_reject_09,0,after:ProfessorAgent.t_AssessEvidence,10,10,4,0
bench_grade_reject_09,0,after:ProfessorAgent.t_RejectEvidence,10,10,4,0
bench_grade_reject_09,0,terminal,10,10,4,0
bench_grade_reject_10,0,creation,9,9,1,0
bench_grade_reject_10,0,after:StudentAgent.t_SubmitEvidence,10,10,4,0
bench_grade_reject_10,0,after:EvidenceNet.t_LMS_Submit,10,10,4,0
bench_grade_reject_10,0,after:EvidenceNet.t_Review_Request,10,10,4,0
bench_grade_reject_10,0,after:ProfessorAgent.t_StartReview,10,10,4,0
bench_grade_reject_10,0,after:ProfessorAgent.t_AssessEvidence,10,10,4,0
bench_grade_reject_10,0,after:ProfessorAgent.t_RejectEvidence,10,10,4,0
bench_grade_reject_10,0,terminal,10,10,4,0
bench_grade_reject_11,0,creation,9,9,1,0
bench_grade_reject_11,0,after:StudentAgent.t_SubmitEvidence,10,10,4,0
bench_grade_reject_11,0,after:EvidenceNet.t_LMS_Submit,10,10,4,0
bench_grade_reject_11,0,after:EvidenceNet.t_Review_Request,10,10,4,0
bench_grade_reject_11,0,after:ProfessorAgent.t_StartReview,10,10,4,0
bench_grade_reject_11,0,after:ProfessorAgent.t_AssessEvidence,10,10,4,0
bench_grade_reject_11,0,after:ProfessorAgent.t_RejectEvidence,10,10,4,0
bench_grade_reject_11,0,terminal,10,10,4,0
bench_grade_reject_12,0,creation,9,9,1,0
bench_grade_reject_12,0,after:StudentAgent.t_SubmitEvidence,10,10,4,0
bench_grade_reject_12,0,after:EvidenceNet.t_LMS_Submit,10,10,4,0
bench_grade_reject_12,0,after:EvidenceNet.t_Review_Request,10,10,4,0
bench_grade_reject_12,0,after:ProfessorAgent.t_StartReview,10,10,4,0
bench_grade_reject_12,0,after:ProfessorAgent.t_AssessEvidence,10,10,4,0
bench_grade_reject_12,0,after:ProfessorAgent.t_RejectEvidence,10,10,4,0
bench_grade_reject_12,0,terminal,10,10,4,0
bench_grade_reject_13,0,creation,9,9,1,0
bench_grade_reject_13,0,after:StudentAgent.t_SubmitEvidence,10,10,4,0
bench_grade_reject_13,0,after:EvidenceNet.t_LMS_Submit,10,10,4,0
bench_grade_reject_13,0,after:EvidenceNet.t_Review_Request,10,10,4,0
bench_grade_reject_13,0,after:ProfessorAgent.t_StartReview,10,10,4,0
bench_grade_reject_13,0,after:ProfessorAgent.t_AssessEvidence,10,10,4,0
bench_grade_reject_13,0,after:ProfessorAgent.t_RejectEvidence,10,10,4,0
bench_grade_reject_13,0,terminal,10,10,4,0
bench_grade_reject_14,0,creation,9,9,1,0
bench_grade_reject_14,0,after:StudentAgent.t_SubmitEvidence,10,10,4,0
bench_grade_reject_14,0,after:EvidenceNet.t_LMS_Submit,10,10,4,0
bench_grade_reject_14,0,after:EvidenceNet.t_Review_Request,10,10,4,0
bench_grade_reject_14,0,after:ProfessorAgent.t_StartReview,10,10,4,0
bench_grade_reject_14,0,after:ProfessorAgent.t_AssessEvidence,10,10,4,0
bench_grade_reject_14,0,after:ProfessorAgent.t_RejectEvidence,10,10,4,0
bench_grade_reject_14,0,terminal,10,10,4,0
bench_grade_reject_15,0,creation,9,9,1,0
bench_grade_reject_15,0,after:StudentAgent.t_SubmitEvidence,10,10,4,0
bench_grade_reject_15,0,after:EvidenceNet.t_LMS_Submit,10,10,4,0
bench_grade_reject_15,0,after:EvidenceNet.t_Review_Request,10,10,4,0
bench_grade_reject_15,0,after:ProfessorAgent.t_StartReview,10,10,4,0
bench_grade_reject_15,0,after:ProfessorAgent.t_AssessEvidence,10,10,4,0
bench_grade_reject_15,0,after:ProfessorAgent.t_RejectEvidence,10,10,4,0
bench_grade_reject_15,0,terminal,10,10,4,0
bench_grade_reject_16,0,creation,9,9,1,0
bench_grade_reject_16,0,after:StudentAgent.t_SubmitEvidence,10,10,4,0
bench_grade_reject_16,0,after:EvidenceNet.t_LMS_Submit,10,10,4,0
bench_grade_reject_16,0,after:EvidenceNet.t_Review_Request,10,10,4,0
bench_grade_reject_16,0,after:ProfessorAgent.t_StartReview,10,10,4,0
bench_grade_reject_16,0,after:ProfessorAgent.t_AssessEvidence,10,10,4,0
bench_grade_reject_16,0,after:ProfessorAgent.t_RejectEvidence,10,10,4,0
bench_grade_reject_16,0,terminal,10,10,4,0
bench_grade_reject_17,0,creation,9,9,1,0
bench_grade_reject_17,0,after:StudentAgent.t_SubmitEvidence,10,10,4,0
bench_grade_reject_17,0,after:EvidenceNet.t_LMS_Submit,10,10,4,0
bench_grade_reject_17,0,after:EvidenceNet.t_Review_Request,10,10,4,0
bench_grade_reject_17,0,after:ProfessorAgent.t_StartReview,10,10,4,0
bench_grade_reject_17,0,after:ProfessorAgent.t_AssessEvidence,10,10,4,0
bench_grade_reject_17,0,after:ProfessorAgent.t_RejectEvidence,10,10,4,0
bench_grade_reject_17,0,terminal,10,10,4,0
bench_grade_reject_18,0,creation,9,9,1,0
bench_grade_reject_18,0,after:StudentAgent.t_SubmitEvidence,10,10,4,0
bench_grade_reject_18,0,after:EvidenceNet.t_LMS_Submit,10,10,4,0
bench_grade_reject_18,0,after:EvidenceNet.t_Review_Request,10,10,4,0
bench_grade_reject_18,0,after:ProfessorAgent.t_StartReview,10,10,4,0
bench_grade_reject_18,0,after:ProfessorAgent.t_AssessEvidence,10,10,4,0
bench_grade_reject_18,0,after:ProfessorAgent.t_RejectEvidence,10,10,4,0
bench_grade_reject_18,0,terminal,10,10,4,0
bench_grade_reject_19,0,creation,9,9,1,0
bench_grade_reject_19,0,after:StudentAgent.t_SubmitEvidence,10,10,4,0
bench_grade_reject_19,0,after:EvidenceNet.t_LMS_Submit,10,10,4,0
bench_grade_reject_19,0,after:EvidenceNet.t_Review_Request,10,10,4,0
bench_grade_reject_19,0,after:ProfessorAgent.t_StartReview,10,10,4,0
bench_grade_reject_19,0,after:ProfessorAgent.t_AssessEvidence,10,10,4,0
bench_grade_reject_19,0,after:ProfessorAgent.t_RejectEvidence,10,10,4,0
bench_grade_reject_19,0,terminal,10,10,4,0
bench_grade_reject_20,0,creation,9,9,1,0
bench_grade_reject_20,0,after:StudentAgent.t_SubmitEvidence,10,10,4,0
bench_grade_reject_20,0,after:EvidenceNet.t_LMS_Submit,10,10,4,0
bench_grade_reject_20,0,after:EvidenceNet.t_Review_Request,10,10,4,0
bench_grade_reject_20,0,after:ProfessorAgent.t_StartReview,10,10,4,0
bench_grade_reject_20,0,after:ProfessorAgent.t_AssessEvidence,10,10,4,0
bench_grade_reject_20,0,after:ProfessorAgent.t_RejectEvidence,10,10,4,0
bench_grade_reject_20,0,terminal,10,10,4,0
bench_grade_reject_21,0,creation,9,9,1,0
bench_grade_reject_21,0,after:StudentAgent.t_SubmitEvidence,10,10,4,0
bench_grade_reject_21,0,after:EvidenceNet.t_LMS_Submit,10,10,4,0
bench_grade_reject_21,0,after:EvidenceNet.t_Review_Request,10,10,4,0
bench_grade_reject_21,0,after:ProfessorAgent.t_StartReview,10,10,4,0
bench_grade_reject_21,0,after:ProfessorAgent.t_AssessEvidence,10,10,4,0
bench_grade_reject_21,0,after:ProfessorAgent.t_RejectEvidence,10,10,4,0
bench_grade_reject_21,0,terminal,10,10,4,0
bench_grade_reject_22,0,creation,9,9,1,0
bench_grade_reject_22,0,after:StudentAgent.t_SubmitEvidence,10,10,4,0
bench_grade_reject_22,0,after:EvidenceNet.t_LMS_Submit,10,10,4,0
bench_grade_reject_22,0,after:EvidenceNet.t_Review_Request,10,10,4,0
bench_grade_reject_22,0,after:ProfessorAgent.t_StartReview,10,10,4,0
bench_grade_reject_22,0,after:ProfessorAgent.t_AssessEvidence,10,10,4,0
bench_grade_reject_22,0,after:ProfessorAgent.t_RejectEvidence,10,10,4,0
bench_grade_reject_22,0,terminal,10,10,4,0
bench_grade_reject_23,0,creation,9,9,1,0
bench_grade_reject_23,0,after:StudentAgent.t_SubmitEvidence,10,10,4,0
bench_grade_reject_23,0,after:EvidenceNet.t_LMS_Submit,10,10,4,0
bench_grade_reject_23,0,after:EvidenceNet.t_Review_Request,10,10,4,0
bench_grade_reject_23,0,after:ProfessorAgent.t_StartReview,10,10,4,0
bench_grade_reject_23,0,after:ProfessorAgent.t_AssessEvidence,10,10,4,0
bench_grade_reject_23,0,after:ProfessorAgent.t_RejectEvidence,10,10,4,0
bench_grade_reject_23,0,terminal,10,10,4,0
bench_grade_reject_24,0,creation,9,9,1,0
bench_grade_reject_24,0,after:StudentAgent.t_SubmitEvidence,10,10,4,0
bench_grade_reject_24,0,after:EvidenceNet.t_LMS_Submit,10,10,4,0
bench_grade_reject_24,0,after:EvidenceNet.t_Review_Request,10,10,4,0
bench_grade_reject_24,0,after:ProfessorAgent.t_StartReview,10,10,4,0
bench_grade_reject_24,0,after:ProfessorAgent.t_AssessEvidence,10,10,4,0
bench_grade_reject_24,0,after:ProfessorAgent.t_RejectEvidence,10,10,4,0
bench_grade_reject_24,0,terminal,10,10,4,0
bench_grade_reject_25,0,creation,9,9,1,0
bench_grade_reject_25,0,after:StudentAgent.t_SubmitEvidence,10,10,4,0
bench_grade_reject_25,0,after:EvidenceNet.t_LMS_Submit,10,10,4,0
bench_grade_reject_25,0,after:EvidenceNet.t_Review_Request,10,10,4,0
bench_grade_reject_25,0,after:ProfessorAgent.t_StartReview,10,10,4,0
bench_grade_reject_25,0,after:ProfessorAgent.t_AssessEvidence,10,10,4,0
bench_grade_reject_25,0,after:ProfessorAgent.t_RejectEvidence,10,10,4,0
bench_grade_reject_25,0,terminal,10,10,4,0
bench_grade_reject_26,0,creation,9,9,1,0
bench_grade_reject_26,0,after:StudentAgent.t_SubmitEvidence,10,10,4,0
bench_grade_reject_26,0,after:EvidenceNet.t_LMS_Submit,10,10,4,0
bench_grade_reject_26,0,after:EvidenceNet.t_Review_Request,10,10,4,0
bench_grade_reject_26,0,after:ProfessorAgent.t_StartReview,10,10,4,0
bench_grade_reject_26,0,after:ProfessorAgent.t_AssessEvidence,10,10,4,0
bench_grade_reject_26,0,after:ProfessorAgent.t_RejectEvidence,10,10,4,0
bench_grade_reject_26,0,terminal,10,10,4,0
bench_grade_reject_27,0,creation,9,9,1,0
bench_grade_reject_27,0,after:StudentAgent.t_SubmitEvidence,10,10,4,0
bench_grade_reject_27,0,after:EvidenceNet.t_LMS_Submit,10,10,4,0
bench_grade_reject_27,0,after:EvidenceNet.t_Review_Request,10,10,4,0
bench_grade_reject_27,0,after:ProfessorAgent.t_StartReview,10,10,4,0
bench_grade_reject_27,0,after:ProfessorAgent.t_AssessEvidence,10,10,4,0
bench_grade_reject_27,0,after:ProfessorAgent.t_RejectEvidence,10,10,4,0
bench_grade_reject_27,0,terminal,10,10,4,0
bench_grade_reject_28,0,creation,9,9,1,0
bench_grade_reject_28,0,after:StudentAgent.t_SubmitEvidence,10,10,4,0
bench_grade_reject_28,0,after:EvidenceNet.t_LMS_Submit,10,10,4,0
bench_grade_reject_28,0,after:EvidenceNet.t_Review_Request,10,10,4,0
bench_grade_reject_28,0,after:ProfessorAgent.t_StartReview,10,10,4,0
bench_grade_reject_28,0,after:ProfessorAgent.t_AssessEvidence,10,10,4,0
bench_grade_reject_28,0,after:ProfessorAgent.t_RejectEvidence,10,10,4,0
bench_grade_reject_28,0,terminal,10,10,4,0
bench_grade_reject_29,0,creation,9,9,1,0
bench_grade_reject_29,0,after:StudentAgent.t_SubmitEvidence,10,10,4,0
bench_grade_reject_29,0,after:EvidenceNet.t_LMS_Submit,10,10,4,0
bench_grade_reject_29,0,after:EvidenceNet.t_Review_Request,10,10,4,0
bench_grade_reject_29,0,after:ProfessorAgent.t_StartReview,10,10,4,0
bench_grade_reject_29,0,after:ProfessorAgent.t_AssessEvidence,10,10,4,0
bench_grade_reject_29,0,after:ProfessorAgent.t_RejectEvidence,10,10,4,0
bench_grade_reject_29,0,terminal,10,10,4,0
bench_grade_reject_30,0,creation,9,9,1,0
bench_grade_reject_30,0,after:StudentAgent.t_SubmitEvidence,10,10,4,0
bench_grade_reject_30,0,after:EvidenceNet.t_LMS_Submit,10,10,4,0
bench_grade_reject_30,0,after:EvidenceNet.t_Review_Request,10,10,4,0
bench_grade_reject_30,0,after:ProfessorAgent.t_StartReview,10,10,4,0
bench_grade_reject_30,0,after:ProfessorAgent.t_AssessEvidence,10,10,4,0
bench_grade_reject_30,0,after:ProfessorAgent.t_RejectEvidence,10,10,4,0
bench_grade_reject_30,0,terminal,10,10,4,0
bench_ledger_reject_01,0,creation,9,9,1,0
bench_ledger_reject_01,0,after:StudentAgent.t_SubmitEvidence,10,10,4,0
bench_ledger_reject_01,0,after:EvidenceNet.t_LMS_Submit,10,10,4,0
bench_ledger_reject_01,0,after:EvidenceNet.t_Review_Request,10,10,4,0
bench_ledger_reject_01,0,after:ProfessorAgent.t_StartReview,10,10,4,0
bench_ledger_reject_01,0,after:ProfessorAgent.t_AssessEvidence,10,10,4,0
bench_ledger_reject_01,0,after:ProfessorAgent.t_ApproveEvidence,10,10,5,0
bench_ledger_reject_01,0,after:UniversityAgent.t_VerifyEvidence,10,10,5,0
bench_ledger_reject_01,0,after:UniversityAgent.t_RequestCredential,11,11,7,0
bench_ledger_reject_01,0,after:CompetencyNet.t_Verification_Pass,11,11,7,0
bench_ledger_reject_01,0,after:UniversityAgent.t_IssueCredential,11,11,8,0
bench_ledger_reject_01,0,after:StudentAgent.t_WaitCredential,11,11,8,0
bench_ledger_reject_01,0,after:StudentAgent.t_ReceiveCredential,11,11,8,0
bench_ledger_reject_01,0,after:StudentAgent.t_AcceptCredential,11,11,9,0
bench_ledger_reject_01,0,after:HEDULedgerNet.t_Order,11,11,9,0
bench_ledger_reject_01,0,after:HEDULedgerNet.t_Reject,11,11,9,0
bench_ledger_reject_01,0,terminal,11,11,9,0
bench_ledger_reject_02,0,creation,9,9,1,0
bench_ledger_reject_02,0,after:StudentAgent.t_SubmitEvidence,10,10,4,0
bench_ledger_reject_02,0,after:EvidenceNet.t_LMS_Submit,10,10,4,0
bench_ledger_reject_02,0,after:EvidenceNet.t_Review_Request,10,10,4,0
bench_ledger_reject_02,0,after:ProfessorAgent.t_StartReview,10,10,4,0
bench_ledger_reject_02,0,after:ProfessorAgent.t_AssessEvidence,10,10,4,0
bench_ledger_reject_02,0,after:ProfessorAgent.t_ApproveEvidence,10,10,5,0
bench_ledger_reject_02,0,after:UniversityAgent.t_VerifyEvidence,10,10,5,0
bench_ledger_reject_02,0,after:UniversityAgent.t_RequestCredential,11,11,7,0
bench_ledger_reject_02,0,after:CompetencyNet.t_Verification_Pass,11,11,7,0
bench_ledger_reject_02,0,after:UniversityAgent.t_IssueCredential,11,11,8,0
bench_ledger_reject_02,0,after:StudentAgent.t_WaitCredential,11,11,8,0
bench_ledger_reject_02,0,after:StudentAgent.t_ReceiveCredential,11,11,8,0
bench_ledger_reject_02,0,after:StudentAgent.t_AcceptCredential,11,11,9,0
bench_ledger_reject_02,0,after:HEDULedgerNet.t_Order,11,11,9,0
bench_ledger_reject_02,0,after:HEDULedgerNet.t_Reject,11,11,9,0
bench_ledger_reject_02,0,terminal,11,11,9,0
bench_ledger_reject_03,0,creation,9,9,1,0
bench_ledger_reject_03,0,after:StudentAgent.t_SubmitEvidence,10,10,4,0
bench_ledger_reject_03,0,after:EvidenceNet.t_LMS_Submit,10,10,4,0
bench_ledger_reject_03,0,after:EvidenceNet.t_Review_Request,10,10,4,0
bench_ledger_reject_03,0,after:ProfessorAgent.t_StartReview,10,10,4,0
bench_ledger_reject_03,0,after:ProfessorAgent.t_AssessEvidence,10,10,4,0
bench_ledger_reject_03,0,after:ProfessorAgent.t_ApproveEvidence,10,10,5,0
bench_ledger_reject_03,0,after:UniversityAgent.t_VerifyEvidence,10,10,5,0
bench_ledger_reject_03,0,after:UniversityAgent.t_RequestCredential,11,11,7,0
bench_ledger_reject_03,0,after:CompetencyNet.t_Verification_Pass,11,11,7,0
bench_ledger_reject_03,0,after:UniversityAgent.t_IssueCredential,11,11,8,0
bench_ledger_reject_03,0,after:StudentAgent.t_WaitCredential,11,11,8,0
bench_ledger_reject_03,0,after:StudentAgent.t_ReceiveCredential,11,11,8,0
bench_ledger_reject_03,0,after:StudentAgent.t_AcceptCredential,11,11,9,0
bench_ledger_reject_03,0,after:HEDULedgerNet.t_Order,11,11,9,0
bench_ledger_reject_03,0,after:HEDULedgerNet.t_Reject,11,11,9,0
bench_ledger_reject_03,0,terminal,11,11,9,0
bench_ledger_reject_04,0,creation,9,9,1,0
bench_ledger_reject_04,0,after:StudentAgent.t_SubmitEvidence,10,10,4,0
bench_ledger_reject_04,0,after:EvidenceNet.t_LMS_Submit,10,10,4,0
bench_ledger_reject_04,0,after:EvidenceNet.t_Review_Request,10,10,4,0
bench_ledger_reject_04,0,after:ProfessorAgent.t_StartReview,10,10,4,0
bench_ledger_reject_04,0,after:ProfessorAgent.t_AssessEvidence,10,10,4,0
bench_ledger_reject_04,0,after:ProfessorAgent.t_ApproveEvidence,10,10,5,0
bench_ledger_reject_04,0,after:UniversityAgent.t_VerifyEvidence,10,10,5,0
bench_ledger_reject_04,0,after:UniversityAgent.t_RequestCredential,11,11,7,0
bench_ledger_reject_04,0,after:CompetencyNet.t_Verification_Pass,11,11,7,0
bench_ledger_reject_04,0,after:UniversityAgent.t_IssueCredential,11,11,8,0
bench_ledger_reject_04,0,after:StudentAgent.t_WaitCredential,11,11,8,0
bench_ledger_reject_04,0,after:StudentAgent.t_ReceiveCredential,11,11,8,0
bench_ledger_reject_04,0,after:StudentAgent.t_AcceptCredential,11,11,9,0
bench_ledger_reject_04,0,after:HEDULedgerNet.t_Order,11,11,9,0
bench_ledger_reject_04,0,after:HEDULedgerNet.t_Reject,11,11,9,0
bench_ledger_reject_04,0,terminal,11,11,9,0
bench_ledger_reject_05,0,creation,9,9,1,0
bench_ledger_reject_05,0,after:StudentAgent.t_SubmitEvidence,10,10,4,0
bench_ledger_reject_05,0,after:EvidenceNet.t_LMS_Submit,10,10,4,0
bench_ledger_reject_05,0,after:EvidenceNet.t_Review_Request,10,10,4,0
bench_ledger_reject_05,0,after:ProfessorAgent.t_StartReview,10,10,4,0
bench_ledger_reject_05,0,after:ProfessorAgent.t_AssessEvidence,10,10,4,0
bench_ledger_reject_05,0,after:ProfessorAgent.t_ApproveEvidence,10,10,5,0
bench_ledger_reject_05,0,after:UniversityAgent.t_VerifyEvidence,10,10,5,0
bench_ledger_reject_05,0,after:UniversityAgent.t_RequestCredential,11,11,7,0
bench_ledger_reject_05,0,after:CompetencyNet.t_Verification_Pass,11,11,7,0
bench_ledger_reject_05,0,after:UniversityAgent.t_IssueCredential,11,11,8,0
bench_ledger_reject_05,0,after:StudentAgent.t_WaitCredential,11,11,8,0
bench_ledger_reject_05,0,after:StudentAgent.t_ReceiveCredential,11,11,8,0
bench_ledger_reject_05,0,after:StudentAgent.t_AcceptCredential,11,11,9,0
bench_ledger_reject_05,0,after:HEDULedgerNet.t_Order,11,11,9,0
bench_ledger_reject_05,0,after:HEDULedgerNet.t_Reject,11,11,9,0
bench_ledger_reject_05,0,terminal,11,11,9,0
bench_ledger_reject_06,0,creation,9,9,1,0
bench_ledger_reject_06,0,after:StudentAgent.t_SubmitEvidence,10,10,4,0
bench_ledger_reject_06,0,after:EvidenceNet.t_LMS_Submit,10,10,4,0
bench_ledger_reject_06,0,after:EvidenceNet.t_Review_Request,10,10,4,0
bench_ledger_reject_06,0,after:ProfessorAgent.t_StartReview,10,10,4,0
bench_ledger_reject_06,0,after:ProfessorAgent.t_AssessEvidence,10,10,4,0
bench_ledger_reject_06,0,after:ProfessorAgent.t_ApproveEvidence,10,10,5,0
bench_ledger_reject_06,0,after:UniversityAgent.t_VerifyEvidence,10,10,5,0
bench_ledger_reject_06,0,after:UniversityAgent.t_RequestCredential,11,11,7,0
bench_ledger_reject_06,0,after:CompetencyNet.t_Verification_Pass,11,11,7,0
bench_ledger_reject_06,0,after:UniversityAgent.t_IssueCredential,11,11,8,0
bench_ledger_reject_06,0,after:StudentAgent.t_WaitCredential,11,11,8,0
bench_ledger_reject_06,0,after:StudentAgent.t_ReceiveCredential,11,11,8,0
bench_ledger_reject_06,0,after:StudentAgent.t_AcceptCredential,11,11,9,0
bench_ledger_reject_06,0,after:HEDULedgerNet.t_Order,11,11,9,0
bench_ledger_reject_06,0,after:HEDULedgerNet.t_Reject,11,11,9,0
bench_ledger_reject_06,0,terminal,11,11,9,0
bench_ledger_reject_07,0,creation,9,9,1,0
bench_ledger_reject_07,0,after:StudentAgent.t_SubmitEvidence,10,10,4,0
bench_ledger_reject_07,0,after:EvidenceNet.t_LMS_Submit,10,10,4,0
bench_ledger_reject_07,0,after:EvidenceNet.t_Review_Request,10,10,4,0
bench_ledger_reject_07,0,after:ProfessorAgent.t_StartReview,10,10,4,0
bench_ledger_reject_07,0,after:ProfessorAgent.t_AssessEvidence,10,10,4,0
bench_ledger_reject_07,0,after:ProfessorAgent.t_ApproveEvidence,10,10,5,0
bench_ledger_reject_07,0,after:UniversityAgent.t_VerifyEvidence,10,10,5,0
bench_ledger_reject_07,0,after:UniversityAgent.t_RequestCredential,11,11,7,0
bench_ledger_reject_07,0,after:CompetencyNet.t_Verification_Pass,11,11,7,0
bench_ledger_reject_07,0,after:UniversityAgent.t_IssueCredential,11,11,8,0
bench_ledger_reject_07,0,after:StudentAgent.t_WaitCredential,11,11,8,0
bench_ledger_reject_07,0,after:StudentAgent.t_ReceiveCredential,11,11,8,0
bench_ledger_reject_07,0,after:StudentAgent.t_AcceptCredential,11,11,9,0
bench_ledger_reject_07,0,after:HEDULedgerNet.t_Order,11,11,9,0
bench_ledger_reject_07,0,after:HEDULedgerNet.t_Reject,11,11,9,0
bench_ledger_reject_07,0,terminal,11,11,9,0
bench_ledger_reject_08,0,creation,9,9,1,0
bench_ledger_reject_08,0,after:StudentAgent.t_SubmitEvidence,10,10,4,0
bench_ledger_reject_08,0,after:EvidenceNet.t_LMS_Submit,10,10,4,0
bench_ledger_reject_08,0,after:EvidenceNet.t_Review_Request,10,10,4,0
bench_ledger_reject_08,0,after:ProfessorAgent.t_StartReview,10,10,4,0
bench_ledger_reject_08,0,after:ProfessorAgent.t_AssessEvidence,10,10,4,0
bench_ledger_reject_08,0,after:ProfessorAgent.t_ApproveEvidence,10,10,5,0
bench_ledger_reject_08,0,after:UniversityAgent.t_VerifyEvidence,10,10,5,0
bench_ledger_reject_08,0,after:UniversityAgent.t_RequestCredential,11,11,7,0
bench_ledger_reject_08,0,after:CompetencyNet.t_Verification_Pass,11,11,7,0
bench_ledger_reject_08,0,after:UniversityAgent.t_IssueCredential,11,11,8,0
bench_ledger_reject_08,0,after:StudentAgent.t_WaitCredential,11,11,8,0
bench_ledger_reject_08,0,after:StudentAgent.t_ReceiveCredential,11,11,8,0
bench_ledger_reject_08,0,after:StudentAgent.t_AcceptCredential,11,11,9,0
bench_ledger_reject_08,0,after:HEDULedgerNet.t_Order,11,11,9,0
bench_ledger_reject_08,0,after:HEDULedgerNet.t_Reject,11,11,9,0
bench_ledger_reject_08,0,terminal,11,11,9,0
bench_ledger_reject_09,0,creation,9,9,1,0
bench_ledger_reject_09,0,after:StudentAgent.t_SubmitEvidence,10,10,4,0
bench_ledger_reject_09,0,after:EvidenceNet.t_LMS_Submit,10,10,4,0
bench_ledger_reject_09,0,after:EvidenceNet.t_Review_Request,10,10,4,0
bench_ledger_reject_09,0,after:ProfessorAgent.t_StartReview,10,10,4,0
bench_ledger_reject_09,0,after:ProfessorAgent.t_AssessEvidence,10,10,4,0
bench_ledger_reject_09,0,after:ProfessorAgent.t_ApproveEvidence,10,10,5,0
bench_ledger_reject_09,0,after:UniversityAgent.t_VerifyEvidence,10,10,5,0
bench_ledger_reject_09,0,after:UniversityAgent.t_RequestCredential,11,11,7,0
bench_ledger_reject_09,0,after:CompetencyNet.t_Verification_Pass,11,11,7,0
bench_ledger_reject_09,0,after:UniversityAgent.t_IssueCredential,11,11,8,0
bench_ledger_reject_09,0,after:StudentAgent.t_WaitCredential,11,11,8,0
bench_ledger_reject_09,0,after:StudentAgent.t_ReceiveCredential,11,11,8,0
bench_ledger_reject_09,0,after:StudentAgent.t_AcceptCredential,11,11,9,0
bench_ledger_reject_09,0,after:HEDULedgerNet.t_Order,11,11,9,0
bench_ledger_reject_09,0,after:HEDULedgerNet.t_Reject,11,11,9,0
bench_ledger_reject_09,0,terminal,11,11,9,0
bench_ledger_reject_10,0,creation,9,9,1,0
bench_ledger_reject_10,0,after:StudentAgent.t_SubmitEvidence,10,10,4,0
bench_ledger_reject_10,0,after:EvidenceNet.t_LMS_Submit,10,10,4,0
bench_ledger_reject_10,0,after:EvidenceNet.t_Review_Request,10,10,4,0
bench_ledger_reject_10,0,after:ProfessorAgent.t_StartReview,10,10,4,0
bench_ledger_reject_10,0,after:ProfessorAgent.t_AssessEvidence,10,10,4,0
bench_ledger_reject_10,0,after:ProfessorAgent.t_ApproveEvidence,10,10,5,0
bench_ledger_reject_10,0,after:UniversityAgent.t_VerifyEvidence,10,10,5,0
bench_ledger_reject_10,0,after:UniversityAgent.t_RequestCredential,11,11,7,0
bench_ledger_reject_10,0,after:CompetencyNet.t_Verification_Pass,11,11,7,0
bench_ledger_reject_10,0,after:UniversityAgent.t_IssueCredential,11,11,8,0
bench_ledger_reject_10,0,after:StudentAgent.t_WaitCredential,11,11,8,0
bench_ledger_reject_10,0,after:StudentAgent.t_ReceiveCredential,11,11,8,0
bench_ledger_reject_10,0,after:StudentAgent.t_AcceptCredential,11,11,9,0
bench_ledger_reject_10,0,after:HEDULedgerNet.t_Order,11,11,9,0
bench_ledger_reject_10,0,after:HEDULedgerNet.t_Reject,11,11,9,0
bench_ledger_reject_10,0,terminal,11,11,9,0
bench_ledger_reject_11,0,creation,9,9,1,0
bench_ledger_reject_11,0,after:StudentAgent.t_SubmitEvidence,10,10,4,0
bench_ledger_reject_11,0,after:EvidenceNet.t_LMS_Submit,10,10,4,0
bench_ledger_reject_11,0,after:EvidenceNet.t_Review_Request,10,10,4,0
bench_ledger_reject_11,0,after:ProfessorAgent.t_StartReview,10,10,4,0
bench_ledger_reject_11,0,after:ProfessorAgent.t_AssessEvidence,10,10,4,0
bench_ledger_reject_11,0,after:ProfessorAgent.t_ApproveEvidence,10,10,5,0
bench_ledger_reject_11,0,after:UniversityAgent.t_VerifyEvidence,10,10,5,0
bench_ledger_reject_11,0,after:UniversityAgent.t_RequestCredential,11,11,7,0
bench_ledger_reject_11,0,after:CompetencyNet.t_Verification_Pass,11,11,7,0
bench_ledger_reject_11,0,after:UniversityAgent.t_IssueCredential,11,11,8,0
bench_ledger_reject_11,0,after:StudentAgent.t_WaitCredential,11,11,8,0
bench_ledger_reject_11,0,after:StudentAgent.t_ReceiveCredential,11,11,8,0
bench_ledger_reject_11,0,after:StudentAgent.t_AcceptCredential,11,11,9,0
bench_ledger_reject_11,0,after:HEDULedgerNet.t_Order,11,11,9,0
bench_ledger_reject_11,0,after:HEDULedgerNet.t_Reject,11,11,9,0
bench_ledger_reject_11,0,terminal,11,11,9,0
bench_ledger_reject_12,0,creation,9,9,1,0
bench_ledger_reject_12,0,after:StudentAgent.t_SubmitEvidence,10,10,4,0
bench_ledger_reject_12,0,after:EvidenceNet.t_LMS_Submit,10,10,4,0
bench_ledger_reject_12,0,after:EvidenceNet.t_Review_Request,10,10,4,0
bench_ledger_reject_12,0,after:ProfessorAgent.t_StartReview,10,10,4,0
bench_ledger_reject_12,0,after:ProfessorAgent.t_AssessEvidence,10,10,4,0
bench_ledger_reject_12,0,after:ProfessorAgent.t_ApproveEvidence,10,10,5,0
bench_ledger_reject_12,0,after:UniversityAgent.t_VerifyEvidence,10,10,5,0
bench_ledger_reject_12,0,after:UniversityAgent.t_RequestCredential,11,11,7,0
bench_ledger_reject_12,0,after:CompetencyNet.t_Verification_Pass,11,11,7,0
bench_ledger_reject_12,0,after:UniversityAgent.t_IssueCredential,11,11,8,0
bench_ledger_reject_12,0,after:StudentAgent.t_WaitCredential,11,11,8,0
bench_ledger_reject_12,0,after:StudentAgent.t_ReceiveCredential,11,11,8,0
bench_ledger_reject_12,0,after:StudentAgent.t_AcceptCredential,11,11,9,0
bench_ledger_reject_12,0,after:HEDULedgerNet.t_Order,11,11,9,0
bench_ledger_reject_12,0,after:HEDULedgerNet.t_Reject,11,11,9,0
bench_ledger_reject_12,0,terminal,11,11,9,0
bench_ledger_reject_13,0,creation,9,9,1,0
bench_ledger_reject_13,0,after:StudentAgent.t_SubmitEvidence,10,10,4,0
bench_ledger_reject_13,0,after:EvidenceNet.t_LMS_Submit,10,10,4,0
bench_ledger_reject_13,0,after:EvidenceNet.t_Review_Request,10,10,4,0
bench_ledger_reject_13,0,after:ProfessorAgent.t_StartReview,10,10,4,0
bench_ledger_reject_13,0,after:ProfessorAgent.t_AssessEvidence,10,10,4,0
bench_ledger_reject_13,0,after:ProfessorAgent.t_ApproveEvidence,10,10,5,0
bench_ledger_reject_13,0,after:UniversityAgent.t_VerifyEvidence,10,10,5,0
bench_ledger_reject_13,0,after:UniversityAgent.t_RequestCredential,11,11,7,0
bench_ledger_reject_13,0,after:CompetencyNet.t_Verification_Pass,11,11,7,0
bench_ledger_reject_13,0,after:UniversityAgent.t_IssueCredential,11,11,8,0
bench_ledger_reject_13,0,after:StudentAgent.t_WaitCredential,11,11,8,0
bench_ledger_reject_13,0,after:StudentAgent.t_ReceiveCredential,11,11,8,0
bench_ledger_reject_13,0,after:StudentAgent.t_AcceptCredential,11,11,9,0
bench_ledger_reject_13,0,after:HEDULedgerNet.t_Order,11,11,9,0
bench_ledger_reject_13,0,after:HEDULedgerNet.t_Reject,11,11,9,0
bench_ledger_reject_13,0,terminal,11,11,9,0
bench_ledger_reject_14,0,creation,9,9,1,0
bench_ledger_reject_14,0,after:StudentAgent.t_SubmitEvidence,10,10,4,0
bench_ledger_reject_14,0,after:EvidenceNet.t_LMS_Submit,10,10,4,0
bench_ledger_reject_14,0,after:EvidenceNet.t_Review_Request,10,10,4,0
bench_ledger_reject_14,0,after:ProfessorAgent.t_StartReview,10,10,4,0
bench_ledger_reject_14,0,after:ProfessorAgent.t_AssessEvidence,10,10,4,0
bench_ledger_reject_14,0,after:ProfessorAgent.t_ApproveEvidence,10,10,5,0
bench_ledger_reject_14,0,after:UniversityAgent.t_VerifyEvidence,10,10,5,0
bench_ledger_reject_14,0,after:UniversityAgent.t_RequestCredential,11,11,7,0
bench_ledger_reject_14,0,after:CompetencyNet.t_Verification_Pass,11,11,7,0
bench_ledger_reject_14,0,after:UniversityAgent.t_IssueCredential,11,11,8,0
bench_ledger_reject_14,0,after:StudentAgent.t_WaitCredential,11,11,8,0
bench_ledger_reject_14,0,after:StudentAgent.t_ReceiveCredential,11,11,8,0
bench_ledger_reject_14,0,after:StudentAgent.t_AcceptCredential,11,11,9,0
bench_ledger_reject_14,0,after:HEDULedgerNet.t_Order,11,11,9,0
bench_ledger_reject_14,0,after:HEDULedgerNet.t_Reject,11,11,9,0
bench_ledger_reject_14,0,terminal,11,11,9,0
bench_ledger_reject_15,0,creation,9,9,1,0
bench_ledger_reject_15,0,after:StudentAgent.t_SubmitEvidence,10,10,4,0
bench_ledger_reject_15,0,after:EvidenceNet.t_LMS_Submit,10,10,4,0
bench_ledger_reject_15,0,after:EvidenceNet.t_Review_Request,10,10,4,0
bench_ledger_reject_15,0,after:ProfessorAgent.t_StartReview,10,10,4,0
bench_ledger_reject_15,0,after:ProfessorAgent.t_AssessEvidence,10,10,4,0
bench_ledger_reject_15,0,after:ProfessorAgent.t_ApproveEvidence,10,10,5,0
bench_ledger_reject_15,0,after:UniversityAgent.t_VerifyEvidence,10,10,5,0
bench_ledger_reject_15,0,after:UniversityAgent.t_RequestCredential,11,11,7,0
bench_ledger_reject_15,0,after:CompetencyNet.t_Verification_Pass,11,11,7,0
bench_ledger_reject_15,0,after:UniversityAgent.t_IssueCredential,11,11,8,0
bench_ledger_reject_15,0,after:StudentAgent.t_WaitCredential,11,11,8,0
bench_ledger_reject_15,0,after:StudentAgent.t_ReceiveCredential,11,11,8,0
bench_ledger_reject_15,0,after:StudentAgent.t_AcceptCredential,11,11,9,0
bench_ledger_reject_15,0,after:HEDULedgerNet.t_Order,11,11,9,0
bench_ledger_reject_15,0,after:HEDULedgerNet.t_Reject,11,11,9,0
bench_ledger_reject_15,0,terminal,11,11,9,0
bench_ledger_reject_16,0,creation,9,9,1,0
bench_ledger_reject_16,0,after:StudentAgent.t_SubmitEvidence,10,10,4,0
bench_ledger_reject_16,0,after:EvidenceNet.t_LMS_Submit,10,10,4,0
bench_ledger_reject_16,0,after:EvidenceNet.t_Review_Request,10,10,4,0
bench_ledger_reject_16,0,after:ProfessorAgent.t_StartReview,10,10,4,0
bench_ledger_reject_16,0,after:ProfessorAgent.t_AssessEvidence,10,10,4,0
bench_ledger_reject_16,0,after:ProfessorAgent.t_ApproveEvidence,10,10,5,0
bench_ledger_reject_16,0,after:UniversityAgent.t_VerifyEvidence,10,10,5,0
bench_ledger_reject_16,0,after:UniversityAgent.t_RequestCredential,11,11,7,0
bench_ledger_reject_16,0,after:CompetencyNet.t_Verification_Pass,11,11,7,0
bench_ledger_reject_16,0,after:UniversityAgent.t_IssueCredential,11,11,8,0
bench_ledger_reject_16,0,after:StudentAgent.t_WaitCredential,11,11,8,0
bench_ledger_reject_16,0,after:StudentAgent.t_ReceiveCredential,11,11,8,0
bench_ledger_reject_16,0,after:StudentAgent.t_AcceptCredential,11,11,9,0
bench_ledger_reject_16,0,after:HEDULedgerNet.t_Order,11,11,9,0
bench_ledger_reject_16,0,after:HEDULedgerNet.t_Reject,11,11,9,0
bench_ledger_reject_16,0,terminal,11,11,9,0
bench_ledger_reject_17,0,creation,9,9,1,0
bench_ledger_reject_17,0,after:StudentAgent.t_SubmitEvidence,10,10,4,0
bench_ledger_reject_17,0,after:EvidenceNet.t_LMS_Submit,10,10,4,0
bench_ledger_reject_17,0,after:EvidenceNet.t_Review_Request,10,10,4,0
bench_ledger_reject_17,0,after:ProfessorAgent.t_StartReview,10,10,4,0
bench_ledger_reject_17,0,after:ProfessorAgent.t_AssessEvidence,10,10,4,0
bench_ledger_reject_17,0,after:ProfessorAgent.t_ApproveEvidence,10,10,5,0
bench_ledger_reject_17,0,after:UniversityAgent.t_VerifyEvidence,10,10,5,0
bench_ledger_reject_17,0,after:UniversityAgent.t_RequestCredential,11,11,7,0
bench_ledger_reject_17,0,after:CompetencyNet.t_Verification_Pass,11,11,7,0
bench_ledger_reject_17,0,after:UniversityAgent.t_IssueCredential,11,11,8,0
bench_ledger_reject_17,0,after:StudentAgent.t_WaitCredential,11,11,8,0
bench_ledger_reject_17,0,after:StudentAgent.t_ReceiveCredential,11,11,8,0
bench_ledger_reject_17,0,after:StudentAgent.t_AcceptCredential,11,11,9,0
bench_ledger_reject_17,0,after:HEDULedgerNet.t_Order,11,11,9,0
bench_ledger_reject_17,0,after:HEDULedgerNet.t_Reject,11,11,9,0
bench_ledger_reject_17,0,terminal,11,11,9,0
bench_ledger_reject_18,0,creation,9,9,1,0
bench_ledger_reject_18,0,after:StudentAgent.t_SubmitEvidence,10,10,4,0
bench_ledger_reject_18,0,after:EvidenceNet.t_LMS_Submit,10,10,4,0
bench_ledger_reject_18,0,after:EvidenceNet.t_Review_Request,10,10,4,0
bench_ledger_reject_18,0,after:ProfessorAgent.t_StartReview,10,10,4,0
bench_ledger_reject_18,0,after:ProfessorAgent.t_AssessEvidence,10,10,4,0
bench_ledger_reject_18,0,after:ProfessorAgent.t_ApproveEvidence,10,10,5,0
bench_ledger_reject_18,0,after:UniversityAgent.t_VerifyEvidence,10,10,5,0
bench_ledger_reject_18,0,after:UniversityAgent.t_RequestCredential,11,11,7,0
bench_ledger_reject_18,0,after:CompetencyNet.t_Verification_Pass,11,11,7,0
bench_ledger_reject_18,0,after:UniversityAgent.t_IssueCredential,11,11,8,0
bench_ledger_reject_18,0,after:StudentAgent.t_WaitCredential,11,11,8,0
bench_ledger_reject_18,0,after:StudentAgent.t_ReceiveCredential,11,11,8,0
bench_ledger_reject_18,0,after:StudentAgent.t_AcceptCredential,11,11,9,0
bench_ledger_reject_18,0,after:HEDULedgerNet.t_Order,11,11,9,0
bench_ledger_reject_18,0,after:HEDULedgerNet.t_Reject,11,11,9,0
bench_ledger_reject_18,0,terminal,11,11,9,0
bench_ledger_reject_19,0,creation,9,9,1,0
bench_ledger_reject_19,0,after:StudentAgent.t_SubmitEvidence,10,10,4,0
bench_ledger_reject_19,0,after:EvidenceNet.t_LMS_Submit,10,10,4,0
bench_ledger_reject_19,0,after:EvidenceNet.t_Review_Request,10,10,4,0
bench_ledger_reject_19,0,after:ProfessorAgent.t_StartReview,10,10,4,0
bench_ledger_reject_19,0,after:ProfessorAgent.t_AssessEvidence,10,10,4,0
bench_ledger_reject_19,0,after:ProfessorAgent.t_ApproveEvidence,10,10,5,0
bench_ledger_reject_19,0,after:UniversityAgent.t_VerifyEvidence,10,10,5,0
bench_ledger_reject_19,0,after:UniversityAgent.t_RequestCredential,11,11,7,0
bench_ledger_reject_19,0,after:CompetencyNet.t_Verification_Pass,11,11,7,0
bench_ledger_reject_19,0,after:UniversityAgent.t_IssueCredential,11,11,8,0
bench_ledger_reject_19,0,after:StudentAgent.t_WaitCredential,11,11,8,0
bench_ledger_reject_19,0,after:StudentAgent.t_ReceiveCredential,11,11,8,0
bench_ledger_reject_19,0,after:StudentAgent.t_AcceptCredential,11,11,9,0
bench_ledger_reject_19,0,after:HEDULedgerNet.t_Order,11,11,9,0
bench_ledger_reject_19,0,after:HEDULedgerNet.t_Reject,11,11,9,0
bench_ledger_reject_19,0,terminal,11,11,9,0
bench_ledger_reject_20,0,creation,9,9,1,0
bench_ledger_reject_20,0,after:StudentAgent.t_SubmitEvidence,10,10,4,0
bench_ledger_reject_20,0,after:EvidenceNet.t_LMS_Submit,10,10,4,0
bench_ledger_reject_20,0,after:EvidenceNet.t_Review_Request,10,10,4,0
bench_ledger_reject_20,0,after:ProfessorAgent.t_StartReview,10,10,4,0
bench_ledger_reject_20,0,after:ProfessorAgent.t_AssessEvidence,10,10,4,0
bench_ledger_reject_20,0,after:ProfessorAgent.t_ApproveEvidence,10,10,5,0
bench_ledger_reject_20,0,after:UniversityAgent.t_VerifyEvidence,10,10,5,0
bench_ledger_reject_20,0,after:UniversityAgent.t_RequestCredential,11,11,7,0
bench_ledger_reject_20,0,after:CompetencyNet.t_Verification_Pass,11,11,7,0
bench_ledger_reject_20,0,after:UniversityAgent.t_IssueCredential,11,11,8,0
bench_ledger_reject_20,0,after:StudentAgent.t_WaitCredential,11,11,8,0
bench_ledger_reject_20,0,after:StudentAgent.t_ReceiveCredential,11,11,8,0
bench_ledger_reject_20,0,after:StudentAgent.t_AcceptCredential,11,11,9,0
bench_ledger_reject_20,0,after:HEDULedgerNet.t_Order,11,11,9,0
bench_ledger_reject_20,0,after:HEDULedgerNet.t_Reject,11,11,9,0
bench_ledger_reject_20,0,terminal,11,11,9,0
bench_ledger_reject_21,0,creation,9,9,1,0
bench_ledger_reject_21,0,after:StudentAgent.t_SubmitEvidence,10,10,4,0
bench_ledger_reject_21,0,after:EvidenceNet.t_LMS_Submit,10,10,4,0
bench_ledger_reject_21,0,after:EvidenceNet.t_Review_Request,10,10,4,0
bench_ledger_reject_21,0,after:ProfessorAgent.t_StartReview,10,10,4,0
bench_ledger_reject_21,0,after:ProfessorAgent.t_AssessEvidence,10,10,4,0
bench_ledger_reject_21,0,after:ProfessorAgent.t_ApproveEvidence,10,10,5,0
bench_ledger_reject_21,0,after:UniversityAgent.t_VerifyEvidence,10,10,5,0
bench_ledger_reject_21,0,after:UniversityAgent.t_RequestCredential,11,11,7,0
bench_ledger_reject_21,0,after:CompetencyNet.t_Verification_Pass,11,11,7,0
bench_ledger_reject_21,0,after:UniversityAgent.t_IssueCredential,11,11,8,0
bench_ledger_reject_21,0,after:StudentAgent.t_WaitCredential,11,11,8,0
bench_ledger_reject_21,0,after:StudentAgent.t_ReceiveCredential,11,11,8,0
bench_ledger_reject_21,0,after:StudentAgent.t_AcceptCredential,11,11,9,0
bench_ledger_reject_21,0,after:HEDULedgerNet.t_Order,11,11,9,0
bench_ledger_reject_21,0,after:HEDULedgerNet.t_Reject,11,11,9,0
bench_ledger_reject_21,0,terminal,11,11,9,0
bench_ledger_reject_22,0,creation,9,9,1,0
bench_ledger_reject_22,0,after:StudentAgent.t_SubmitEvidence,10,10,4,0
bench_ledger_reject_22,0,after:EvidenceNet.t_LMS_Submit,10,10,4,0
bench_ledger_reject_22,0,after:EvidenceNet.t_Review_Request,10,10,4,0
bench_ledger_reject_22,0,after:ProfessorAgent.t_StartReview,10,10,4,0
bench_ledger_reject_22,0,after:ProfessorAgent.t_AssessEvidence,10,10,4,0
bench_ledger_reject_22,0,after:ProfessorAgent.t_ApproveEvidence,10,10,5,0
bench_ledger_reject_22,0,after:UniversityAgent.t_VerifyEvidence,10,10,5,0
bench_ledger_reject_22,0,after:UniversityAgent.t_RequestCredential,11,11,7,0
bench_ledger_reject_22,0,after:CompetencyNet.t_Verification_Pass,11,11,7,0
bench_ledger_reject_22,0,after:UniversityAgent.t_IssueCredential,11,11,8,0
bench_ledger_reject_22,0,after:StudentAgent.t_WaitCredential,11,11,8,0
bench_ledger_reject_22,0,after:StudentAgent.t_ReceiveCredential,11,11,8,0
bench_ledger_reject_22,0,after:StudentAgent.t_AcceptCredential,11,11,9,0
bench_ledger_reject_22,0,after:HEDULedgerNet.t_Order,11,11,9,0
bench_ledger_reject_22,0,after:HEDULedgerNet.t_Reject,11,11,9,0
bench_ledger_reject_22,0,terminal,11,11,9,0
bench_ledger_reject_23,0,creation,9,9,1,0
bench_ledger_reject_23,0,after:StudentAgent.t_SubmitEvidence,10,10,4,0
bench_ledger_reject_23,0,after:EvidenceNet.t_LMS_Submit,10,10,4,0
bench_ledger_reject_23,0,after:EvidenceNet.t_Review_Request,10,10,4,0
bench_ledger_reject_23,0,after:ProfessorAgent.t_StartReview,10,10,4,0
bench_ledger_reject_23,0,after:ProfessorAgent.t_AssessEvidence,10,10,4,0
bench_ledger_reject_23,0,after:ProfessorAgent.t_ApproveEvidence,10,10,5,0
bench_ledger_reject_23,0,after:UniversityAgent.t_VerifyEvidence,10,10,5,0
bench_ledger_reject_23,0,after:UniversityAgent.t_RequestCredential,11,11,7,0
bench_ledger_reject_23,0,after:CompetencyNet.t_Verification_Pass,11,11,7,0
bench_ledger_reject_23,0,after:UniversityAgent.t_IssueCredential,11,11,8,0
bench_ledger_reject_23,0,after:StudentAgent.t_WaitCredential,11,11,8,0
bench_ledger_reject_23,0,after:StudentAgent.t_ReceiveCredential,11,11,8,0
bench_ledger_reject_23,0,after:StudentAgent.t_AcceptCredential,11,11,9,0
bench_ledger_reject_23,0,after:HEDULedgerNet.t_Order,11,11,9,0
bench_ledger_reject_23,0,after:HEDULedgerNet.t_Reject,11,11,9,0
bench_ledger_reject_23,0,terminal,11,11,9,0
bench_ledger_reject_24,0,creation,9,9,1,0
bench_ledger_reject_24,0,after:StudentAgent.t_SubmitEvidence,10,10,4,0
bench_ledger_reject_24,0,after:EvidenceNet.t_LMS_Submit,10,10,4,0
bench_ledger_reject_24,0,after:EvidenceNet.t_Review_Request,10,10,4,0
bench_ledger_reject_24,0,after:ProfessorAgent.t_StartReview,10,10,4,0
bench_ledger_reject_24,0,after:ProfessorAgent.t_AssessEvidence,10,10,4,0
bench_ledger_reject_24,0,after:ProfessorAgent.t_ApproveEvidence,10,10,5,0
bench_ledger_reject_24,0,after:UniversityAgent.t_VerifyEvidence,10,10,5,0
bench_ledger_reject_24,0,after:UniversityAgent.t_RequestCredential,11,11,7,0
bench_ledger_reject_24,0,after:CompetencyNet.t_Verification_Pass,11,11,7,0
bench_ledger_reject_24,0,after:UniversityAgent.t_IssueCredential,11,11,8,0
bench_ledger_reject_24,0,after:StudentAgent.t_WaitCredential,11,11,8,0
bench_ledger_reject_24,0,after:StudentAgent.t_ReceiveCredential,11,11,8,0
bench_ledger_reject_24,0,after:StudentAgent.t_AcceptCredential,11,11,9,0
bench_ledger_reject_24,0,after:HEDULedgerNet.t_Order,11,11,9,0
bench_ledger_reject_24,0,after:HEDULedgerNet.t_Reject,11,11,9,0
bench_ledger_reject_24,0,terminal,11,11,9,0
bench_ledger_reject_25,0,creation,9,9,1,0
bench_ledger_reject_25,0,after:StudentAgent.t_SubmitEvidence,10,10,4,0
bench_ledger_reject_25,0,after:EvidenceNet.t_LMS_Submit,10,10,4,0
bench_ledger_reject_25,0,after:EvidenceNet.t_Review_Request,10,10,4,0
bench_ledger_reject_25,0,after:ProfessorAgent.t_StartReview,10,10,4,0
bench_ledger_reject_25,0,after:ProfessorAgent.t_AssessEvidence,10,10,4,0
bench_ledger_reject_25,0,after:ProfessorAgent.t_ApproveEvidence,10,10,5,0
bench_ledger_reject_25,0,after:UniversityAgent.t_VerifyEvidence,10,10,5,0
bench_ledger_reject_25,0,after:UniversityAgent.t_RequestCredential,11,11,7,0
bench_ledger_reject_25,0,after:CompetencyNet.t_Verification_Pass,11,11,7,0
bench_ledger_reject_25,0,after:UniversityAgent.t_IssueCredential,11,11,8,0
bench_ledger_reject_25,0,after:StudentAgent.t_WaitCredential,11,11,8,0
bench_ledger_reject_25,0,after:StudentAgent.t_ReceiveCredential,11,11,8,0
bench_ledger_reject_25,0,after:StudentAgent.t_AcceptCredential,11,11,9,0
bench_ledger_reject_25,0,after:HEDULedgerNet.t_Order,11,11,9,0
bench_ledger_reject_25,0,after:HEDULedgerNet.t_Reject,11,11,9,0
bench_ledger_reject_25,0,terminal,11,11,9,0
bench_ledger_reject_26,0,creation,9,9,1,0
bench_ledger_reject_26,0,after:StudentAgent.t_SubmitEvidence,10,10,4,0
bench_ledger_reject_26,0,after:EvidenceNet.t_LMS_Submit,10,10,4,0
bench_ledger_reject_26,0,after:EvidenceNet.t_Review_Request,10,10,4,0
bench_ledger_reject_26,0,after:ProfessorAgent.t_StartReview,10,10,4,0
bench_ledger_reject_26,0,after:ProfessorAgent.t_AssessEvidence,10,10,4,0
bench_ledger_reject_26,0,after:ProfessorAgent.t_ApproveEvidence,10,10,5,0
bench_ledger_reject_26,0,after:UniversityAgent.t_VerifyEvidence,10,10,5,0
bench_ledger_reject_26,0,after:UniversityAgent.t_RequestCredential,11,11,7,0
bench_ledger_reject_26,0,after:CompetencyNet.t_Verification_Pass,11,11,7,0
bench_ledger_reject_26,0,after:UniversityAgent.t_IssueCredential,11,11,8,0
bench_ledger_reject_26,0,after:StudentAgent.t_WaitCredential,11,11,8,0
bench_ledger_reject_26,0,after:StudentAgent.t_ReceiveCredential,11,11,8,0
bench_ledger_reject_26,0,after:StudentAgent.t_AcceptCredential,11,11,9,0
bench_ledger_reject_26,0,after:HEDULedgerNet.t_Order,11,11,9,0
bench_ledger_reject_26,0,after:HEDULedgerNet.t_Reject,11,11,9,0
bench_ledger_reject_26,0,terminal,11,11,9,0
bench_ledger_reject_27,0,creation,9,9,1,0
bench_ledger_reject_27,0,after:StudentAgent.t_SubmitEvidence,10,10,4,0
bench_ledger_reject_27,0,after:EvidenceNet.t_LMS_Submit,10,10,4,0
bench_ledger_reject_27,0,after:EvidenceNet.t_Review_Request,10,10,4,0
bench_ledger_reject_27,0,after:ProfessorAgent.t_StartReview,10,10,4,0
bench_ledger_reject_27,0,after:ProfessorAgent.t_AssessEvidence,10,10,4,0
bench_ledger_reject_27,0,after:ProfessorAgent.t_ApproveEvidence,10,10,5,0
bench_ledger_reject_27,0,after:UniversityAgent.t_VerifyEvidence,10,10,5,0
bench_ledger_reject_27,0,after:UniversityAgent.t_RequestCredential,11,11,7,0
bench_ledger_reject_27,0,after:CompetencyNet.t_Verification_Pass,11,11,7,0
bench_ledger_reject_27,0,after:UniversityAgent.t_IssueCredential,11,11,8,0
bench_ledger_reject_27,0,after:StudentAgent.t_WaitCredential,11,11,8,0
bench_ledger_reject_27,0,after:StudentAgent.t_ReceiveCredential,11,11,8,0
bench_ledger_reject_27,0,after:StudentAgent.t_AcceptCredential,11,11,9,0
bench_ledger_reject_27,0,after:HEDULedgerNet.t_Order,11,11,9,0
bench_ledger_reject_27,0,after:HEDULedgerNet.t_Reject,11,11,9,0
bench_ledger_reject_27,0,terminal,11,11,9,0
bench_ledger_reject_28,0,creation,9,9,1,0
bench_ledger_reject_28,0,after:StudentAgent.t_SubmitEvidence,10,10,4,0
bench_ledger_reject_28,0,after:EvidenceNet.t_LMS_Submit,10,10,4,0
bench_ledger_reject_28,0,after:EvidenceNet.t_Review_Request,10,10,4,0
bench_ledger_reject_28,0,after:ProfessorAgent.t_StartReview,10,10,4,0
bench_ledger_reject_28,0,after:ProfessorAgent.t_AssessEvidence,10,10,4,0
bench_ledger_reject_28,0,after:ProfessorAgent.t_ApproveEvidence,10,10,5,0
bench_ledger_reject_28,0,after:UniversityAgent.t_VerifyEvidence,10,10,5,0
bench_ledger_reject_28,0,after:UniversityAgent.t_RequestCredential,11,11,7,0
bench_ledger_reject_28,0,after:CompetencyNet.t_Verification_Pass,11,11,7,0
bench_ledger_reject_28,0,after:UniversityAgent.t_IssueCredential,11,11,8,0
bench_ledger_reject_28,0,after:StudentAgent.t_WaitCredential,11,11,8,0
bench_ledger_reject_28,0,after:StudentAgent.t_ReceiveCredential,11,11,8,0
bench_ledger_reject_28,0,after:StudentAgent.t_AcceptCredential,11,11,9,0
bench_ledger_reject_28,0,after:HEDULedgerNet.t_Order,11,11,9,0
bench_ledger_reject_28,0,after:HEDULedgerNet.t_Reject,11,11,9,0
bench_ledger_reject_28,0,terminal,11,11,9,0
bench_ledger_reject_29,0,creation,9,9,1,0
bench_ledger_reject_29,0,after:StudentAgent.t_SubmitEvidence,10,10,4,0
bench_ledger_reject_29,0,after:EvidenceNet.t_LMS_Submit,10,10,4,0
bench_ledger_reject_29,0,after:EvidenceNet.t_Review_Request,10,10,4,0
bench_ledger_reject_29,0,after:ProfessorAgent.t_StartReview,10,10,4,0
bench_ledger_reject_29,0,after:ProfessorAgent.t_AssessEvidence,10,10,4,0
bench_ledger_reject_29,0,after:ProfessorAgent.t_ApproveEvidence,10,10,5,0
bench_ledger_reject_29,0,after:UniversityAgent.t_VerifyEvidence,10,10,5,0
bench_ledger_reject_29,0,after:UniversityAgent.t_RequestCredential,11,11,7,0
bench_ledger_reject_29,0,after:CompetencyNet.t_Verification_Pass,11,11,7,0
bench_ledger_reject_29,0,after:UniversityAgent.t_IssueCredential,11,11,8,0
bench_ledger_reject_29,0,after:StudentAgent.t_WaitCredential,11,11,8,0
bench_ledger_reject_29,0,after:StudentAgent.t_ReceiveCredential,11,11,8,0
bench_ledger_reject_29,0,after:StudentAgent.t_AcceptCredential,11,11,9,0
bench_ledger_reject_29,0,after:HEDULedgerNet.t_Order,11,11,9,0
bench_ledger_reject_29,0,after:HEDULedgerNet.t_Reject,11,11,9,0
bench_ledger_reject_29,0,terminal,11,11,9,0
bench_ledger_reject_30,0,creation,9,9,1,0
bench_ledger_reject_30,0,after:StudentAgent.t_SubmitEvidence,10,10,4,0
bench_ledger_reject_30,0,after:EvidenceNet.t_LMS_Submit,10,10,4,0
bench_ledger_reject_30,0,after:EvidenceNet.t_Review_Request,10,10,4,0
bench_ledger_reject_30,0,after:ProfessorAgent.t_StartReview,10,10,4,0
bench_ledger_reject_30,0,after:ProfessorAgent.t_AssessEvidence,10,10,4,0
bench_ledger_reject_30,0,after:ProfessorAgent.t_ApproveEvidence,10,10,5,0
bench_ledger_reject_30,0,after:UniversityAgent.t_VerifyEvidence,10,10,5,0
bench_ledger_reject_30,0,after:UniversityAgent.t_RequestCredential,11,11,7,0
bench_ledger_reject_30,0,after:CompetencyNet.t_Verification_Pass,11,11,7,0
bench_ledger_reject_30,0,after:UniversityAgent.t_IssueCredential,11,11,8,0
bench_ledger_reject_30,0,after:StudentAgent.t_WaitCredential,11,11,8,0
bench_ledger_reject_30,0,after:StudentAgent.t_ReceiveCredential,11,11,8,0
bench_ledger_reject_30,0,after:StudentAgent.t_AcceptCredential,11,11,9,0
bench_ledger_reject_30,0,after:HEDULedgerNet.t_Order,11,11,9,0
bench_ledger_reject_30,0,after:HEDULedgerNet.t_Reject,11,11,9,0
bench_ledger_reject_30,0,terminal,11,11,9,0
bench_bad_signature_01,0,creation,9,9,1,0
bench_bad_signature_01,0,after:StudentAgent.t_SubmitEvidence,10,10,4,0
bench_bad_signature_01,0,after:EvidenceNet.t_LMS_Submit,10,10,4,0
bench_bad_signature_01,0,after:EvidenceNet.t_Review_Request,10,10,4,0
bench_bad_signature_01,0,after:ProfessorAgent.t_StartReview,10,10,4,0
bench_bad_signature_01,0,after:ProfessorAgent.t_AssessEvidence,10,10,4,0
bench_bad_signature_01,0,after:ProfessorAgent.t_ApproveEvidence,10,10,5,0
bench_bad_signature_01,0,after:UniversityAgent.t_VerifyEvidence,10,10,5,0
bench_bad_signature_01,0,after:UniversityAgent.t_RequestCredential,11,11,7,0
bench_bad_signature_01,0,after:CompetencyNet.t_Verification_Pass,11,11,7,0
bench_bad_signature_01,0,after:UniversityAgent.t_IssueCredential,11,11,8,0
bench_bad_signature_01,0,after:StudentAgent.t_WaitCredential,11,11,8,0
bench_bad_signature_01,0,after:StudentAgent.t_ReceiveCredential,11,11,8,0
bench_bad_signature_01,0,after:StudentAgent.t_DenyInvalidSignature,11,11,8,0
bench_bad_signature_01,0,terminal,11,11,8,0
bench_bad_signature_02,0,creation,9,9,1,0
bench_bad_signature_02,0,after:StudentAgent.t_SubmitEvidence,10,10,4,0
bench_bad_signature_02,0,after:EvidenceNet.t_LMS_Submit,10,10,4,0
bench_bad_signature_02,0,after:EvidenceNet.t_Review_Request,10,10,4,0
bench_bad_signature_02,0,after:ProfessorAgent.t_StartReview,10,10,4,0
bench_bad_signature_02,0,after:ProfessorAgent.t_AssessEvidence,10,10,4,0
bench_bad_signature_02,0,after:ProfessorAgent.t_ApproveEvidence,10,10,5,0
bench_bad_signature_02,0,after:UniversityAgent.t_VerifyEvidence,10,10,5,0
bench_bad_signature_02,0,after:UniversityAgent.t_RequestCredential,11,11,7,0
bench_bad_signature_02,0,after:CompetencyNet.t_Verification_Pass,11,11,7,0
bench_bad_signature_02,0,after:UniversityAgent.t_IssueCredential,11,11,8,0
bench_bad_signature_02,0,after:StudentAgent.t_WaitCredential,11,11,8,0
bench_bad_signature_02,0,after:StudentAgent.t_ReceiveCredential,11,11,8,0
bench_bad_signature_02,0,after:StudentAgent.t_DenyInvalidSignature,11,11,8,0
bench_bad_signature_02,0,terminal,11,11,8,0
bench_bad_signature_03,0,creation,9,9,1,0
bench_bad_signature_03,0,after:StudentAgent.t_SubmitEvidence,10,10,4,0
bench_bad_signature_03,0,after:EvidenceNet.t_LMS_Submit,10,10,4,0
bench_bad_signature_03,0,after:EvidenceNet.t_Review_Request,10,10,4,0
bench_bad_signature_03,0,after:ProfessorAgent.t_StartReview,10,10,4,0
bench_bad_signature_03,0,after:ProfessorAgent.t_AssessEvidence,10,10,4,0
bench_bad_signature_03,0,after:ProfessorAgent.t_ApproveEvidence,10,10,5,0
bench_bad_signature_03,0,after:UniversityAgent.t_VerifyEvidence,10,10,5,0
bench_bad_signature_03,0,after:UniversityAgent.t_RequestCredential,11,11,7,0
bench_bad_signature_03,0,after:CompetencyNet.t_Verification_Pass,11,11,7,0
bench_bad_signature_03,0,after:UniversityAgent.t_IssueCredential,11,11,8,0
bench_bad_signature_03,0,after:StudentAgent.t_WaitCredential,11,11,8,0
bench_bad_signature_03,0,after:StudentAgent.t_ReceiveCredential,11,11,8,0
bench_bad_signature_03,0,after:StudentAgent.t_DenyInvalidSignature,11,11,8,0
bench_bad_signature_03,0,terminal,11,11,8,0
bench_bad_signature_04,0,creation,9,9,1,0
bench_bad_signature_04,0,after:StudentAgent.t_SubmitEvidence,10,10,4,0
bench_bad_signature_04,0,after:EvidenceNet.t_LMS_Submit,10,10,4,0
bench_bad_signature_04,0,after:EvidenceNet.t_Review_Request,10,10,4,0
bench_bad_signature_04,0,after:ProfessorAgent.t_StartReview,10,10,4,0
bench_bad_signature_04,0,after:ProfessorAgent.t_AssessEvidence,10,10,4,0
bench_bad_signature_04,0,after:ProfessorAgent.t_ApproveEvidence,10,10,5,0
bench_bad_signature_04,0,after:UniversityAgent.t_VerifyEvidence,10,10,5,0
bench_bad_signature_04,0,after:UniversityAgent.t_RequestCredential,11,11,7,0
bench_bad_signature_04,0,after:CompetencyNet.t_Verification_Pass,11,11,7,0
bench_bad_signature_04,0,after:UniversityAgent.t_IssueCredential,11,11,8,0
bench_bad_signature_04,0,after:StudentAgent.t_WaitCredential,11,11,8,0
bench_bad_signature_04,0,after:StudentAgent.t_ReceiveCredential,11,11,8,0
bench_bad_signature_04,0,after:StudentAgent.t_DenyInvalidSignature,11,11,8,0
bench_bad_signature_04,0,terminal,11,11,8,0
bench_bad_signature_05,0,creation,9,9,1,0
bench_bad_signature_05,0,after:StudentAgent.t_SubmitEvidence,10,10,4,0
bench_bad_signature_05,0,after:EvidenceNet.t_LMS_Submit,10,10,4,0
bench_bad_signature_05,0,after:EvidenceNet.t_Review_Request,10,10,4,0
bench_bad_signature_05,0,after:ProfessorAgent.t_StartReview,10,10,4,0
bench_bad_signature_05,0,after:ProfessorAgent.t_AssessEvidence,10,10,4,0
bench_bad_signature_05,0,after:ProfessorAgent.t_ApproveEvidence,10,10,5,0
bench_bad_signature_05,0,after:UniversityAgent.t_VerifyEvidence,10,10,5,0
bench_bad_signature_05,0,after:UniversityAgent.t_RequestCredential,11,11,7,0
bench_bad_signature_05,0,after:CompetencyNet.t_Verification_Pass,11,11,7,0
bench_bad_signature_05,0,after:UniversityAgent.t_IssueCredential,11,11,8,0
bench_bad_signature_05,0,after:StudentAgent.t_WaitCredential,11,11,8,0
bench_bad_signature_05,0,after:StudentAgent.t_ReceiveCredential,11,11,8,0
bench_bad_signature_05,0,after:StudentAgent.t_DenyInvalidSignature,11,11,8,0
bench_bad_signature_05,0,terminal,11,11,8,0
bench_bad_signature_06,0,creation,9,9,1,0
bench_bad_signature_06,0,after:StudentAgent.t_SubmitEvidence,10,10,4,0
bench_bad_signature_06,0,after:EvidenceNet.t_LMS_Submit,10,10,4,0
bench_bad_signature_06,0,after:EvidenceNet.t_Review_Request,10,10,4,0
bench_bad_signature_06,0,after:ProfessorAgent.t_StartReview,10,10,4,0
bench_bad_signature_06,0,after:ProfessorAgent.t_AssessEvidence,10,10,4,0
bench_bad_signature_06,0,after:ProfessorAgent.t_ApproveEvidence,10,10,5,0
bench_bad_signature_06,0,after:UniversityAgent.t_VerifyEvidence,10,10,5,0
bench_bad_signature_06,0,after:UniversityAgent.t_RequestCredential,11,11,7,0
bench_bad_signature_06,0,after:CompetencyNet.t_Verification_Pass,11,11,7,0
bench_bad_signature_06,0,after:UniversityAgent.t_IssueCredential,11,11,8,0
bench_bad_signature_06,0,after:StudentAgent.t_WaitCredential,11,11,8,0
bench_bad_signature_06,0,after:StudentAgent.t_ReceiveCredential,11,11,8,0
bench_bad_signature_06,0,after:StudentAgent.t_DenyInvalidSignature,11,11,8,0
bench_bad_signature_06,0,terminal,11,11,8,0
bench_bad_signature_07,0,creation,9,9,1,0
bench_bad_signature_07,0,after:StudentAgent.t_SubmitEvidence,10,10,4,0
bench_bad_signature_07,0,after:EvidenceNet.t_LMS_Submit,10,10,4,0
bench_bad_signature_07,0,after:EvidenceNet.t_Review_Request,10,10,4,0
bench_bad_signature_07,0,after:ProfessorAgent.t_StartReview,10,10,4,0
bench_bad_signature_07,0,after:ProfessorAgent.t_AssessEvidence,10,10,4,0
bench_bad_signature_07,0,after:ProfessorAgent.t_ApproveEvidence,10,10,5,0
bench_bad_signature_07,0,after:UniversityAgent.t_VerifyEvidence,10,10,5,0
bench_bad_signature_07,0,after:UniversityAgent.t_RequestCredential,11,11,7,0
bench_bad_signature_07,0,after:CompetencyNet.t_Verification_Pass,11,11,7,0
bench_bad_signature_07,0,after:UniversityAgent.t_IssueCredential,11,11,8,0
bench_bad_signature_07,0,after:StudentAgent.t_WaitCredential,11,11,8,0
bench_bad_signature_07,0,after:StudentAgent.t_ReceiveCredential,11,11,8,0
bench_bad_signature_07,0,after:StudentAgent.t_DenyInvalidSignature,11,11,8,0
bench_bad_signature_07,0,terminal,11,11,8,0
bench_bad_signature_08,0,creation,9,9,1,0
bench_bad_signature_08,0,after:StudentAgent.t_SubmitEvidence,10,10,4,0
bench_bad_signature_08,0,after:EvidenceNet.t_LMS_Submit,10,10,4,0
bench_bad_signature_08,0,after:EvidenceNet.t_Review_Request,10,10,4,0
bench_bad_signature_08,0,after:ProfessorAgent.t_StartReview,10,10,4,0
bench_bad_signature_08,0,after:ProfessorAgent.t_AssessEvidence,10,10,4,0
bench_bad_signature_08,0,after:ProfessorAgent.t_ApproveEvidence,10,10,5,0
bench_bad_signature_08,0,after:UniversityAgent.t_VerifyEvidence,10,10,5,0
bench_bad_signature_08,0,after:UniversityAgent.t_RequestCredential,11,11,7,0
bench_bad_signature_08,0,after:CompetencyNet.t_Verification_Pass,11,11,7,0
bench_bad_signature_08,0,after:UniversityAgent.t_IssueCredential,11,11,8,0
bench_bad_signature_08,0,after:StudentAgent.t_WaitCredential,11,11,8,0
bench_bad_signature_08,0,after:StudentAgent.t_ReceiveCredential,11,11,8,0
bench_bad_signature_08,0,after:StudentAgent.t_DenyInvalidSignature,11,11,8,0
bench_bad_signature_08,0,terminal,11,11,8,0
bench_bad_signature_09,0,creation,9,9,1,0
bench_bad_signature_09,0,after:StudentAgent.t_SubmitEvidence,10,10,4,0
bench_bad_signature_09,0,after:EvidenceNet.t_LMS_Submit,10,10,4,0
bench_bad_signature_09,0,after:EvidenceNet.t_Review_Request,10,10,4,0
bench_bad_signature_09,0,after:ProfessorAgent.t_StartReview,10,10,4,0
bench_bad_signature_09,0,after:ProfessorAgent.t_AssessEvidence,10,10,4,0
bench_bad_signature_09,0,after:ProfessorAgent.t_ApproveEvidence,10,10,5,0
bench_bad_signature_09,0,after:UniversityAgent.t_VerifyEvidence,10,10,5,0
bench_bad_signature_09,0,after:UniversityAgent.t_RequestCredential,11,11,7,0
bench_bad_signature_09,0,after:CompetencyNet.t_Verification_Pass,11,11,7,0
bench_bad_signature_09,0,after:UniversityAgent.t_IssueCredential,11,11,8,0
bench_bad_signature_09,0,after:StudentAgent.t_WaitCredential,11,11,8,0
bench_bad_signature_09,0,after:StudentAgent.t_ReceiveCredential,11,11,8,0
bench_bad_signature_09,0,after:StudentAgent.t_DenyInvalidSignature,11,11,8,0
bench_bad_signature_09,0,terminal,11,11,8,0
bench_bad_signature_10,0,creation,9,9,1,0
bench_bad_signature_10,0,after:StudentAgent.t_SubmitEvidence,10,10,4,0
bench_bad_signature_10,0,after:EvidenceNet.t_LMS_Submit,10,10,4,0
bench_bad_signature_10,0,after:EvidenceNet.t_Review_Request,10,10,4,0
bench_bad_signature_10,0,after:ProfessorAgent.t_StartReview,10,10,4,0
bench_bad_signature_10,0,after:ProfessorAgent.t_AssessEvidence,10,10,4,0
bench_bad_signature_10,0,after:ProfessorAgent.t_ApproveEvidence,10,10,5,0
bench_bad_signature_10,0,after:UniversityAgent.t_VerifyEvidence,10,10,5,0
bench_bad_signature_10,0,after:UniversityAgent.t_RequestCredential,11,11,7,0
bench_bad_signature_10,0,after:CompetencyNet.t_Verification_Pass,11,11,7,0
bench_bad_signature_10,0,after:UniversityAgent.t_IssueCredential,11,11,8,0
bench_bad_signature_10,0,after:StudentAgent.t_WaitCredential,11,11,8,0
bench_bad_signature_10,0,after:StudentAgent.t_ReceiveCredential,11,11,8,0
bench_bad_signature_10,0,after:StudentAgent.t_DenyInvalidSignature,11,11,8,0
bench_bad_signature_10,0,terminal,11,11,8,0
bench_bad_signature_11,0,creation,9,9,1,0
bench_bad_signature_11,0,after:StudentAgent.t_SubmitEvidence,10,10,4,0
bench_bad_signature_11,0,after:EvidenceNet.t_LMS_Submit,10,10,4,0
bench_bad_signature_11,0,after:EvidenceNet.t_Review_Request,10,10,4,0
bench_bad_signature_11,0,after:ProfessorAgent.t_StartReview,10,10,4,0
bench_bad_signature_11,0,after:ProfessorAgent.t_AssessEvidence,10,10,4,0
bench_bad_signature_11,0,after:ProfessorAgent.t_ApproveEvidence,10,10,5,0
bench_bad_signature_11,0,after:UniversityAgent.t_VerifyEvidence,10,10,5,0
bench_bad_signature_11,0,after:UniversityAgent.t_RequestCredential,11,11,7,0
bench_bad_signature_11,0,after:CompetencyNet.t_Verification_Pass,11,11,7,0
bench_bad_signature_11,0,after:UniversityAgent.t_IssueCredential,11,11,8,0
bench_bad_signature_11,0,after:StudentAgent.t_WaitCredential,11,11,8,0
bench_bad_signature_11,0,after:StudentAgent.t_ReceiveCredential,11,11,8,0
bench_bad_signature_11,0,after:StudentAgent.t_DenyInvalidSignature,11,11,8,0
bench_bad_signature_11,0,terminal,11,11,8,0
bench_bad_signature_12,0,creation,9,9,1,0
bench_bad_signature_12,0,after:StudentAgent.t_SubmitEvidence,10,10,4,0
bench_bad_signature_12,0,after:EvidenceNet.t_LMS_Submit,10,10,4,0
bench_bad_signature_12,0,after:EvidenceNet.t_Review_Request,10,10,4,0
bench_bad_signature_12,0,after:ProfessorAgent.t_StartReview,10,10,4,0
bench_bad_signature_12,0,after:ProfessorAgent.t_AssessEvidence,10,10,4,0
bench_bad_signature_12,0,after:ProfessorAgent.t_ApproveEvidence,10,10,5,0
bench_bad_signature_12,0,after:UniversityAgent.t_VerifyEvidence,10,10,5,0
bench_bad_signature_12,0,after:UniversityAgent.t_RequestCredential,11,11,7,0
bench_bad_signature_12,0,after:CompetencyNet.t_Verification_Pass,11,11,7,0
bench_bad_signature_12,0,after:UniversityAgent.t_IssueCredential,11,11,8,0
bench_bad_signature_12,0,after:StudentAgent.t_WaitCredential,11,11,8,0
bench_bad_signature_12,0,after:StudentAgent.t_ReceiveCredential,11,11,8,0
bench_bad_signature_12,0,after:StudentAgent.t_DenyInvalidSignature,11,11,8,0
bench_bad_signature_12,0,terminal,11,11,8,0
bench_bad_signature_13,0,creation,9,9,1,0
bench_bad_signature_13,0,after:StudentAgent.t_SubmitEvidence,10,10,4,0
bench_bad_signature_13,0,after:EvidenceNet.t_LMS_Submit,10,10,4,0
bench_bad_signature_13,0,after:EvidenceNet.t_Review_Request,10,10,4,0
bench_bad_signature_13,0,after:ProfessorAgent.t_StartReview,10,10,4,0
bench_bad_signature_13,0,after:ProfessorAgent.t_AssessEvidence,10,10,4,0
bench_bad_signature_13,0,after:ProfessorAgent.t_ApproveEvidence,10,10,5,0
bench_bad_signature_13,0,after:UniversityAgent.t_VerifyEvidence,10,10,5,0
bench_bad_signature_13,0,after:UniversityAgent.t_RequestCredential,11,11,7,0
bench_bad_signature_13,0,after:CompetencyNet.t_Verification_Pass,11,11,7,0
bench_bad_signature_13,0,after:UniversityAgent.t_IssueCredential,11,11,8,0
bench_bad_signature_13,0,after:StudentAgent.t_WaitCredential,11,11,8,0
bench_bad_signature_13,0,after:StudentAgent.t_ReceiveCredential,11,11,8,0
bench_bad_signature_13,0,after:StudentAgent.t_DenyInvalidSignature,11,11,8,0
bench_bad_signature_13,0,terminal,11,11,8,0
bench_bad_signature_14,0,creation,9,9,1,0
bench_bad_signature_14,0,after:StudentAgent.t_SubmitEvidence,10,10,4,0
bench_bad_signature_14,0,after:EvidenceNet.t_LMS_Submit,10,10,4,0
bench_bad_signature_14,0,after:EvidenceNet.t_Review_Request,10,10,4,0
bench_bad_signature_14,0,after:ProfessorAgent.t_StartReview,10,10,4,0
bench_bad_signature_14,0,after:ProfessorAgent.t_AssessEvidence,10,10,4,0
bench_bad_signature_14,0,after:ProfessorAgent.t_ApproveEvidence,10,10,5,0
bench_bad_signature_14,0,after:UniversityAgent.t_VerifyEvidence,10,10,5,0
bench_bad_signature_14,0,after:UniversityAgent.t_RequestCredential,11,11,7,0
bench_bad_signature_14,0,after:CompetencyNet.t_Verification_Pass,11,11,7,0
bench_bad_signature_14,0,after:UniversityAgent.t_IssueCredential,11,11,8,0
bench_bad_signature_14,0,after:StudentAgent.t_WaitCredential,11,11,8,0
bench_bad_signature_14,0,after:StudentAgent.t_ReceiveCredential,11,11,8,0
bench_bad_signature_14,0,after:StudentAgent.t_DenyInvalidSignature,11,11,8,0
bench_bad_signature_14,0,terminal,11,11,8,0
bench_bad_signature_15,0,creation,9,9,1,0
bench_bad_signature_15,0,after:StudentAgent.t_SubmitEvidence,10,10,4,0
bench_bad_signature_15,0,after:EvidenceNet.t_LMS_Submit,10,10,4,0
bench_bad_signature_15,0,after:EvidenceNet.t_Review_Request,10,10,4,0
bench_bad_signature_15,0,after:ProfessorAgent.t_StartReview,10,10,4,0
bench_bad_signature_15,0,after:ProfessorAgent.t_AssessEvidence,10,10,4,0
bench_bad_signature_15,0,after:ProfessorAgent.t_ApproveEvidence,10,10,5,0
bench_bad_signature_15,0,after:UniversityAgent.t_VerifyEvidence,10,10,5,0
bench_bad_signature_15,0,after:UniversityAgent.t_RequestCredential,11,11,7,0
bench_bad_signature_15,0,after:CompetencyNet.t_Verification_Pass,11,11,7,0
bench_bad_signature_15,0,after:UniversityAgent.t_IssueCredential,11,11,8,0
bench_bad_signature_15,0,after:StudentAgent.t_WaitCredential,11,11,8,0
bench_bad_signature_15,0,after:StudentAgent.t_ReceiveCredential,11,11,8,0
bench_bad_signature_15,0,after:StudentAgent.t_DenyInvalidSignature,11,11,8,0
bench_bad_signature_15,0,terminal,11,11,8,0
bench_bad_signature_16,0,creation,9,9,1,0
bench_bad_signature_16,0,after:StudentAgent.t_SubmitEvidence,10,10,4,0
bench_bad_signature_16,0,after:EvidenceNet.t_LMS_Submit,10,10,4,0
bench_bad_signature_16,0,after:EvidenceNet.t_Review_Request,10,10,4,0
bench_bad_signature_16,0,after:ProfessorAgent.t_StartReview,10,10,4,0
bench_bad_signature_16,0,after:ProfessorAgent.t_AssessEvidence,10,10,4,0
bench_bad_signature_16,0,after:ProfessorAgent.t_ApproveEvidence,10,10,5,0
bench_bad_signature_16,0,after:UniversityAgent.t_VerifyEvidence,10,10,5,0
bench_bad_signature_16,0,after:UniversityAgent.t_RequestCredential,11,11,7,0
bench_bad_signature_16,0,after:CompetencyNet.t_Verification_Pass,11,11,7,0
bench_bad_signature_16,0,after:UniversityAgent.t_IssueCredential,11,11,8,0
bench_bad_signature_16,0,after:StudentAgent.t_WaitCredential,11,11,8,0
bench_bad_signature_16,0,after:StudentAgent.t_ReceiveCredential,11,11,8,0
bench_bad_signature_16,0,after:StudentAgent.t_DenyInvalidSignature,11,11,8,0
bench_bad_signature_16,0,terminal,11,11,8,0
bench_bad_signature_17,0,creation,9,9,1,0
bench_bad_signature_17,0,after:StudentAgent.t_SubmitEvidence,10,10,4,0
bench_bad_signature_17,0,after:EvidenceNet.t_LMS_Submit,10,10,4,0
bench_bad_signature_17,0,after:EvidenceNet.t_Review_Request,10,10,4,0
bench_bad_signature_17,0,after:ProfessorAgent.t_StartReview,10,10,4,0
bench_bad_signature_17,0,after:ProfessorAgent.t_AssessEvidence,10,10,4,0
bench_bad_signature_17,0,after:ProfessorAgent.t_ApproveEvidence,10,10,5,0
bench_bad_signature_17,0,after:UniversityAgent.t_VerifyEvidence,10,10,5,0
bench_bad_signature_17,0,after:UniversityAgent.t_RequestCredential,11,11,7,0
bench_bad_signature_17,0,after:CompetencyNet.t_Verification_Pass,11,11,7,0
bench_bad_signature_17,0,after:UniversityAgent.t_IssueCredential,11,11,8,0
bench_bad_signature_17,0,after:StudentAgent.t_WaitCredential,11,11,8,0
bench_bad_signature_17,0,after:StudentAgent.t_ReceiveCredential,11,11,8,0
bench_bad_signature_17,0,after:StudentAgent.t_DenyInvalidSignature,11,11,8,0
bench_bad_signature_17,0,terminal,11,11,8,0
bench_bad_signature_18,0,creation,9,9,1,0
bench_bad_signature_18,0,after:StudentAgent.t_SubmitEvidence,10,10,4,0
bench_bad_signature_18,0,after:EvidenceNet.t_LMS_Submit,10,10,4,0
bench_bad_signature_18,0,after:EvidenceNet.t_Review_Request,10,10,4,0
bench_bad_signature_18,0,after:ProfessorAgent.t_StartReview,10,10,4,0
bench_bad_signature_18,0,after:ProfessorAgent.t_AssessEvidence,10,10,4,0
bench_bad_signature_18,0,after:ProfessorAgent.t_ApproveEvidence,10,10,5,0
bench_bad_signature_18,0,after:UniversityAgent.t_VerifyEvidence,10,10,5,0
bench_bad_signature_18,0,after:UniversityAgent.t_RequestCredential,11,11,7,0
bench_bad_signature_18,0,after:CompetencyNet.t_Verification_Pass,11,11,7,0
bench_bad_signature_18,0,after:UniversityAgent.t_IssueCredential,11,11,8,0
bench_bad_signature_18,0,after:StudentAgent.t_WaitCredential,11,11,8,0
bench_bad_signature_18,0,after:StudentAgent.t_ReceiveCredential,11,11,8,0
bench_bad_signature_18,0,after:StudentAgent.t_DenyInvalidSignature,11,11,8,0
bench_bad_signature_18,0,terminal,11,11,8,0
bench_bad_signature_19,0,creation,9,9,1,0
bench_bad_signature_19,0,after:StudentAgent.t_SubmitEvidence,10,10,4,0
bench_bad_signature_19,0,after:EvidenceNet.t_LMS_Submit,10,10,4,0
bench_bad_signature_19,0,after:EvidenceNet.t_Review_Request,10,10,4,0
bench_bad_signature_19,0,after:ProfessorAgent.t_StartReview,10,10,4,0
bench_bad_signature_19,0,after:ProfessorAgent.t_AssessEvidence,10,10,4,0
bench_bad_signature_19,0,after:ProfessorAgent.t_ApproveEvidence,10,10,5,0
bench_bad_signature_19,0,after:UniversityAgent.t_VerifyEvidence,10,10,5,0
bench_bad_signature_19,0,after:UniversityAgent.t_RequestCredential,11,11,7,0
bench_bad_signature_19,0,after:CompetencyNet.t_Verification_Pass,11,11,7,0
bench_bad_signature_19,0,after:UniversityAgent.t_IssueCredential,11,11,8,0
bench_bad_signature_19,0,after:StudentAgent.t_WaitCredential,11,11,8,0
bench_bad_signature_19,0,after:StudentAgent.t_ReceiveCredential,11,11,8,0
bench_bad_signature_19,0,after:StudentAgent.t_DenyInvalidSignature,11,11,8,0
bench_bad_signature_19,0,terminal,11,11,8,0
bench_bad_signature_20,0,creation,9,9,1,0
bench_bad_signature_20,0,after:StudentAgent.t_SubmitEvidence,10,10,4,0
bench_bad_signature_20,0,after:EvidenceNet.t_LMS_Submit,10,10,4,0
bench_bad_signature_20,0,after:EvidenceNet.t_Review_Request,10,10,4,0
bench_bad_signature_20,0,after:ProfessorAgent.t_StartReview,10,10,4,0
bench_bad_signature_20,0,after:ProfessorAgent.t_AssessEvidence,10,10,4,0
bench_bad_signature_20,0,after:ProfessorAgent.t_ApproveEvidence,10,10,5,0
bench_bad_signature_20,0,after:UniversityAgent.t_VerifyEvidence,10,10,5,0
bench_bad_signature_20,0,after:UniversityAgent.t_RequestCredential,11,11,7,0
bench_bad_signature_20,0,after:CompetencyNet.t_Verification_Pass,11,11,7,0
bench_bad_signature_20,0,after:UniversityAgent.t_IssueCredential,11,11,8,0
bench_bad_signature_20,0,after:StudentAgent.t_WaitCredential,11,11,8,0
bench_bad_signature_20,0,after:StudentAgent.t_ReceiveCredential,11,11,8,0
bench_bad_signature_20,0,after:StudentAgent.t_DenyInvalidSignature,11,11,8,0
bench_bad_signature_20,0,terminal,11,11,8,0
bench_bad_signature_21,0,creation,9,9,1,0
bench_bad_signature_21,0,after:StudentAgent.t_SubmitEvidence,10,10,4,0
bench_bad_signature_21,0,after:EvidenceNet.t_LMS_Submit,10,10,4,0
bench_bad_signature_21,0,after:EvidenceNet.t_Review_Request,10,10,4,0
bench_bad_signature_21,0,after:ProfessorAgent.t_StartReview,10,10,4,0
bench_bad_signature_21,0,after:ProfessorAgent.t_AssessEvidence,10,10,4,0
bench_bad_signature_21,0,after:ProfessorAgent.t_ApproveEvidence,10,10,5,0
bench_bad_signature_21,0,after:UniversityAgent.t_VerifyEvidence,10,10,5,0
bench_bad_signature_21,0,after:UniversityAgent.t_RequestCredential,11,11,7,0
bench_bad_signature_21,0,after:CompetencyNet.t_Verification_Pass,11,11,7,0
bench_bad_signature_21,0,after:UniversityAgent.t_IssueCredential,11,11,8,0
bench_bad_signature_21,0,after:StudentAgent.t_WaitCredential,11,11,8,0
bench_bad_signature_21,0,after:StudentAgent.t_ReceiveCredential,11,11,8,0
bench_bad_signature_21,0,after:StudentAgent.t_DenyInvalidSignature,11,11,8,0
bench_bad_signature_21,0,terminal,11,11,8,0
bench_bad_signature_22,0,creation,9,9,1,0
bench_bad_signature_22,0,after:StudentAgent.t_SubmitEvidence,10,10,4,0
bench_bad_signature_22,0,after:EvidenceNet.t_LMS_Submit,10,10,4,0
bench_bad_signature_22,0,after:EvidenceNet.t_Review_Request,10,10,4,0
bench_bad_signature_22,0,after:ProfessorAgent.t_StartReview,10,10,4,0
bench_bad_signature_22,0,after:ProfessorAgent.t_AssessEvidence,10,10,4,0
bench_bad_signature_22,0,after:ProfessorAgent.t_ApproveEvidence,10,10,5,0
bench_bad_signature_22,0,after:UniversityAgent.t_VerifyEvidence,10,10,5,0
bench_bad_signature_22,0,after:UniversityAgent.t_RequestCredential,11,11,7,0
bench_bad_signature_22,0,after:CompetencyNet.t_Verification_Pass,11,11,7,0
bench_bad_signature_22,0,after:UniversityAgent.t_IssueCredential,11,11,8,0
bench_bad_signature_22,0,after:StudentAgent.t_WaitCredential,11,11,8,0
bench_bad_signature_22,0,after:StudentAgent.t_ReceiveCredential,11,11,8,0
bench_bad_signature_22,0,after:StudentAgent.t_DenyInvalidSignature,11,11,8,0
bench_bad_signature_22,0,terminal,11,11,8,0
bench_bad_signature_23,0,creation,9,9,1,0
bench_bad_signature_23,0,after:StudentAgent.t_SubmitEvidence,10,10,4,0
bench_bad_signature_23,0,after:EvidenceNet.t_LMS_Submit,10,10,4,0
bench_bad_signature_23,0,after:EvidenceNet.t_Review_Request,10,10,4,0
bench_bad_signature_23,0,after:ProfessorAgent.t_StartReview,10,10,4,0
bench_bad_signature_23,0,after:ProfessorAgent.t_AssessEvidence,10,10,4,0
bench_bad_signature_23,0,after:ProfessorAgent.t_ApproveEvidence,10,10,5,0
bench_bad_signature_23,0,after:UniversityAgent.t_VerifyEvidence,10,10,5,0
bench_bad_signature_23,0,after:UniversityAgent.t_RequestCredential,11,11,7,0
bench_bad_signature_23,0,after:CompetencyNet.t_Verification_Pass,11,11,7,0
bench_bad_signature_23,0,after:UniversityAgent.t_IssueCredential,11,11,8,0
bench_bad_signature_23,0,after:StudentAgent.t_WaitCredential,11,11,8,0
bench_bad_signature_23,0,after:StudentAgent.t_ReceiveCredential,11,11,8,0
bench_bad_signature_23,0,after:StudentAgent.t_DenyInvalidSignature,11,11,8,0
bench_bad_signature_23,0,terminal,11,11,8,0
bench_bad_signature_24,0,creation,9,9,1,0
bench_bad_signature_24,0,after:StudentAgent.t_SubmitEvidence,10,10,4,0
bench_bad_signature_24,0,after:EvidenceNet.t_LMS_Submit,10,10,4,0
bench_bad_signature_24,0,after:EvidenceNet.t_Review_Request,10,10,4,0
bench_bad_signature_24,0,after:ProfessorAgent.t_StartReview,10,10,4,0
bench_bad_signature_24,0,after:ProfessorAgent.t_AssessEvidence,10,10,4,0
bench_bad_signature_24,0,after:ProfessorAgent.t_ApproveEvidence,10,10,5,0
bench_bad_signature_24,0,after:UniversityAgent.t_VerifyEvidence,10,10,5,0
bench_bad_signature_24,0,after:UniversityAgent.t_RequestCredential,11,11,7,0
bench_bad_signature_24,0,after:CompetencyNet.t_Verification_Pass,11,11,7,0
bench_bad_signature_24,0,after:UniversityAgent.t_IssueCredential,11,11,8,0
bench_bad_signature_24,0,after:StudentAgent.t_WaitCredential,11,11,8,0
bench_bad_signature_24,0,after:StudentAgent.t_ReceiveCredential,11,11,8,0
bench_bad_signature_24,0,after:StudentAgent.t_DenyInvalidSignature,11,11,8,0
bench_bad_signature_24,0,terminal,11,11,8,0
bench_bad_signature_25,0,creation,9,9,1,0
bench_bad_signature_25,0,after:StudentAgent.t_SubmitEvidence,10,10,4,0
bench_bad_signature_25,0,after:EvidenceNet.t_LMS_Submit,10,10,4,0
bench_bad_signature_25,0,after:EvidenceNet.t_Review_Request,10,10,4,0
bench_bad_signature_25,0,after:ProfessorAgent.t_StartReview,10,10,4,0
bench_bad_signature_25,0,after:ProfessorAgent.t_AssessEvidence,10,10,4,0
bench_bad_signature_25,0,after:ProfessorAgent.t_ApproveEvidence,10,10,5,0
bench_bad_signature_25,0,after:UniversityAgent.t_VerifyEvidence,10,10,5,0
bench_bad_signature_25,0,after:UniversityAgent.t_RequestCredential,11,11,7,0
bench_bad_signature_25,0,after:CompetencyNet.t_Verification_Pass,11,11,7,0
bench_bad_signature_25,0,after:UniversityAgent.t_IssueCredential,11,11,8,0
bench_bad_signature_25,0,after:StudentAgent.t_WaitCredential,11,11,8,0
bench_bad_signature_25,0,after:StudentAgent.t_ReceiveCredential,11,11,8,0
bench_bad_signature_25,0,after:StudentAgent.t_DenyInvalidSignature,11,11,8,0
bench_bad_signature_25,0,terminal,11,11,8,0
bench_bad_signature_26,0,creation,9,9,1,0
bench_bad_signature_26,0,after:StudentAgent.t_SubmitEvidence,10,10,4,0
bench_bad_signature_26,0,after:EvidenceNet.t_LMS_Submit,10,10,4,0
bench_bad_signature_26,0,after:EvidenceNet.t_Review_Request,10,10,4,0
bench_bad_signature_26,0,after:ProfessorAgent.t_StartReview,10,10,4,0
bench_bad_signature_26,0,after:ProfessorAgent.t_AssessEvidence,10,10,4,0
bench_bad_signature_26,0,after:ProfessorAgent.t_ApproveEvidence,10,10,5,0
bench_bad_signature_26,0,after:UniversityAgent.t_VerifyEvidence,10,10,5,0
bench_bad_signature_26,0,after:UniversityAgent.t_RequestCredential,11,11,7,0
bench_bad_signature_26,0,after:CompetencyNet.t_Verification_Pass,11,11,7,0
bench_bad_signature_26,0,after:UniversityAgent.t_IssueCredential,11,11,8,0
bench_bad_signature_26,0,after:StudentAgent.t_WaitCredential,11,11,8,0
bench_bad_signature_26,0,after:StudentAgent.t_ReceiveCredential,11,11,8,0
bench_bad_signature_26,0,after:StudentAgent.t_DenyInvalidSignature,11,11,8,0
bench_bad_signature_26,0,terminal,11,11,8,0
bench_bad_signature_27,0,creation,9,9,1,0
bench_bad_signature_27,0,after:StudentAgent.t_SubmitEvidence,10,10,4,0
bench_bad_signature_27,0,after:EvidenceNet.t_LMS_Submit,10,10,4,0
bench_bad_signature_27,0,after:EvidenceNet.t_Review_Request,10,10,4,0
bench_bad_signature_27,0,after:ProfessorAgent.t_StartReview,10,10,4,0
bench_bad_signature_27,0,after:ProfessorAgent.t_AssessEvidence,10,10,4,0
bench_bad_signature_27,0,after:ProfessorAgent.t_ApproveEvidence,10,10,5,0
bench_bad_signature_27,0,after:UniversityAgent.t_VerifyEvidence,10,10,5,0
bench_bad_signature_27,0,after:UniversityAgent.t_RequestCredential,11,11,7,0
bench_bad_signature_27,0,after:CompetencyNet.t_Verification_Pass,11,11,7,0
bench_bad_signature_27,0,after:UniversityAgent.t_IssueCredential,11,11,8,0
bench_bad_signature_27,0,after:StudentAgent.t_WaitCredential,11,11,8,0
bench_bad_signature_27,0,after:StudentAgent.t_ReceiveCredential,11,11,8,0
bench_bad_signature_27,0,after:StudentAgent.t_DenyInvalidSignature,11,11,8,0
bench_bad_signature_27,0,terminal,11,11,8,0
bench_bad_signature_28,0,creation,9,9,1,0
bench_bad_signature_28,0,after:StudentAgent.t_SubmitEvidence,10,10,4,0
bench_bad_signature_28,0,after:EvidenceNet.t_LMS_Submit,10,10,4,0
bench_bad_signature_28,0,after:EvidenceNet.t_Review_Request,10,10,4,0
bench_bad_signature_28,0,after:ProfessorAgent.t_StartReview,10,10,4,0
bench_bad_signature_28,0,after:ProfessorAgent.t_AssessEvidence,10,10,4,0
bench_bad_signature_28,0,after:ProfessorAgent.t_ApproveEvidence,10,10,5,0
bench_bad_signature_28,0,after:UniversityAgent.t_VerifyEvidence,10,10,5,0
bench_bad_signature_28,0,after:UniversityAgent.t_RequestCredential,11,11,7,0
bench_bad_signature_28,0,after:CompetencyNet.t_Verification_Pass,11,11,7,0
bench_bad_signature_28,0,after:UniversityAgent.t_IssueCredential,11,11,8,0
bench_bad_signature_28,0,after:StudentAgent.t_WaitCredential,11,11,8,0
bench_bad_signature_28,0,after:StudentAgent.t_ReceiveCredential,11,11,8,0
bench_bad_signature_28,0,after:StudentAgent.t_DenyInvalidSignature,11,11,8,0
bench_bad_signature_28,0,terminal,11,11,8,0
bench_bad_signature_29,0,creation,9,9,1,0
bench_bad_signature_29,0,after:StudentAgent.t_SubmitEvidence,10,10,4,0
bench_bad_signature_29,0,after:EvidenceNet.t_LMS_Submit,10,10,4,0
bench_bad_signature_29,0,after:EvidenceNet.t_Review_Request,10,10,4,0
bench_bad_signature_29,0,after:ProfessorAgent.t_StartReview,10,10,4,0
bench_bad_signature_29,0,after:ProfessorAgent.t_AssessEvidence,10,10,4,0
bench_bad_signature_29,0,after:ProfessorAgent.t_ApproveEvidence,10,10,5,0
bench_bad_signature_29,0,after:UniversityAgent.t_VerifyEvidence,10,10,5,0
bench_bad_signature_29,0,after:UniversityAgent.t_RequestCredential,11,11,7,0
bench_bad_signature_29,0,after:CompetencyNet.t_Verification_Pass,11,11,7,0
bench_bad_signature_29,0,after:UniversityAgent.t_IssueCredential,11,11,8,0
bench_bad_signature_29,0,after:StudentAgent.t_WaitCredential,11,11,8,0
bench_bad_signature_29,0,after:StudentAgent.t_ReceiveCredential,11,11,8,0
bench_bad_signature_29,0,after:StudentAgent.t_DenyInvalidSignature,11,11,8,0
bench_bad_signature_29,0,terminal,11,11,8,0
bench_bad_signature_30,0,creation,9,9,1,0
bench_bad_signature_30,0,after:StudentAgent.t_SubmitEvidence,10,10,4,0
bench_bad_signature_30,0,after:EvidenceNet.t_LMS_Submit,10,10,4,0
bench_bad_signature_30,0,after:EvidenceNet.t_Review_Request,10,10,4,0
bench_bad_signature_30,0,after:ProfessorAgent.t_StartReview,10,10,4,0
bench_bad_signature_30,0,after:ProfessorAgent.t_AssessEvidence,10,10,4,0
bench_bad_signature_30,0,after:ProfessorAgent.t_ApproveEvidence,10,10,5,0
bench_bad_signature_30,0,after:UniversityAgent.t_VerifyEvidence,10,10,5,0
bench_bad_signature_30,0,after:UniversityAgent.t_RequestCredential,11,11,7,0
bench_bad_signature_30,0,after:CompetencyNet.t_Verification_Pass,11,11,7,0
bench_bad_signature_30,0,after:UniversityAgent.t_IssueCredential,11,11,8,0
bench_bad_signature_30,0,after:StudentAgent.t_WaitCredential,11,11,8,0
bench_bad_signature_30,0,after:StudentAgent.t_ReceiveCredential,11,11,8,0
bench_bad_signature_30,0,after:StudentAgent.t_DenyInvalidSignature,11,11,8,0
bench_bad_signature_30,0,terminal,11,11,8,0
bench_bad_issuer_signature_01,0,creation,9,9,1,0
bench_bad_issuer_signature_01,0,after:StudentAgent.t_SubmitEvidence,10,10,4,0
bench_bad_issuer_signature_01,0,after:EvidenceNet.t_LMS_Submit,10,10,4,0
bench_bad_issuer_signature_01,0,after:EvidenceNet.t_Review_Request,10,10,4,0
bench_bad_issuer_signature_01,0,after:ProfessorAgent.t_StartReview,10,10,4,0
bench_bad_issuer_signature_01,0,after:ProfessorAgent.t_AssessEvidence,10,10,4,0
bench_bad_issuer_signature_01,0,after:ProfessorAgent.t_ApproveEvidence,10,10,5,0
bench_bad_issuer_signature_01,0,after:UniversityAgent.t_VerifyEvidence,10,10,5,0
bench_bad_issuer_signature_01,0,after:UniversityAgent.t_RequestCredential,11,11,7,0
bench_bad_issuer_signature_01,0,after:CompetencyNet.t_Verification_Pass,11,11,7,0
bench_bad_issuer_signature_01,0,after:UniversityAgent.t_IssueCredential,11,11,8,0
bench_bad_issuer_signature_01,0,after:StudentAgent.t_WaitCredential,11,11,8,0
bench_bad_issuer_signature_01,0,after:StudentAgent.t_ReceiveCredential,11,11,8,0
bench_bad_issuer_signature_01,0,after:CompetencyNet.t_DenyInvalidIssuerSignature,11,11,8,0
bench_bad_issuer_signature_01,0,terminal,11,11,8,0
bench_bad_issuer_signature_02,0,creation,9,9,1,0
bench_bad_issuer_signature_02,0,after:StudentAgent.t_SubmitEvidence,10,10,4,0
bench_bad_issuer_signature_02,0,after:EvidenceNet.t_LMS_Submit,10,10,4,0
bench_bad_issuer_signature_02,0,after:EvidenceNet.t_Review_Request,10,10,4,0
bench_bad_issuer_signature_02,0,after:ProfessorAgent.t_StartReview,10,10,4,0
bench_bad_issuer_signature_02,0,after:ProfessorAgent.t_AssessEvidence,10,10,4,0
bench_bad_issuer_signature_02,0,after:ProfessorAgent.t_ApproveEvidence,10,10,5,0
bench_bad_issuer_signature_02,0,after:UniversityAgent.t_VerifyEvidence,10,10,5,0
bench_bad_issuer_signature_02,0,after:UniversityAgent.t_RequestCredential,11,11,7,0
bench_bad_issuer_signature_02,0,after:CompetencyNet.t_Verification_Pass,11,11,7,0
bench_bad_issuer_signature_02,0,after:UniversityAgent.t_IssueCredential,11,11,8,0
bench_bad_issuer_signature_02,0,after:StudentAgent.t_WaitCredential,11,11,8,0
bench_bad_issuer_signature_02,0,after:StudentAgent.t_ReceiveCredential,11,11,8,0
bench_bad_issuer_signature_02,0,after:CompetencyNet.t_DenyInvalidIssuerSignature,11,11,8,0
bench_bad_issuer_signature_02,0,terminal,11,11,8,0
bench_bad_issuer_signature_03,0,creation,9,9,1,0
bench_bad_issuer_signature_03,0,after:StudentAgent.t_SubmitEvidence,10,10,4,0
bench_bad_issuer_signature_03,0,after:EvidenceNet.t_LMS_Submit,10,10,4,0
bench_bad_issuer_signature_03,0,after:EvidenceNet.t_Review_Request,10,10,4,0
bench_bad_issuer_signature_03,0,after:ProfessorAgent.t_StartReview,10,10,4,0
bench_bad_issuer_signature_03,0,after:ProfessorAgent.t_AssessEvidence,10,10,4,0
bench_bad_issuer_signature_03,0,after:ProfessorAgent.t_ApproveEvidence,10,10,5,0
bench_bad_issuer_signature_03,0,after:UniversityAgent.t_VerifyEvidence,10,10,5,0
bench_bad_issuer_signature_03,0,after:UniversityAgent.t_RequestCredential,11,11,7,0
bench_bad_issuer_signature_03,0,after:CompetencyNet.t_Verification_Pass,11,11,7,0
bench_bad_issuer_signature_03,0,after:UniversityAgent.t_IssueCredential,11,11,8,0
bench_bad_issuer_signature_03,0,after:StudentAgent.t_WaitCredential,11,11,8,0
bench_bad_issuer_signature_03,0,after:StudentAgent.t_ReceiveCredential,11,11,8,0
bench_bad_issuer_signature_03,0,after:CompetencyNet.t_DenyInvalidIssuerSignature,11,11,8,0
bench_bad_issuer_signature_03,0,terminal,11,11,8,0
bench_bad_issuer_signature_04,0,creation,9,9,1,0
bench_bad_issuer_signature_04,0,after:StudentAgent.t_SubmitEvidence,10,10,4,0
bench_bad_issuer_signature_04,0,after:EvidenceNet.t_LMS_Submit,10,10,4,0
bench_bad_issuer_signature_04,0,after:EvidenceNet.t_Review_Request,10,10,4,0
bench_bad_issuer_signature_04,0,after:ProfessorAgent.t_StartReview,10,10,4,0
bench_bad_issuer_signature_04,0,after:ProfessorAgent.t_AssessEvidence,10,10,4,0
bench_bad_issuer_signature_04,0,after:ProfessorAgent.t_ApproveEvidence,10,10,5,0
bench_bad_issuer_signature_04,0,after:UniversityAgent.t_VerifyEvidence,10,10,5,0
bench_bad_issuer_signature_04,0,after:UniversityAgent.t_RequestCredential,11,11,7,0
bench_bad_issuer_signature_04,0,after:CompetencyNet.t_Verification_Pass,11,11,7,0
bench_bad_issuer_signature_04,0,after:UniversityAgent.t_IssueCredential,11,11,8,0
bench_bad_issuer_signature_04,0,after:StudentAgent.t_WaitCredential,11,11,8,0
bench_bad_issuer_signature_04,0,after:StudentAgent.t_ReceiveCredential,11,11,8,0
bench_bad_issuer_signature_04,0,after:CompetencyNet.t_DenyInvalidIssuerSignature,11,11,8,0
bench_bad_issuer_signature_04,0,terminal,11,11,8,0
bench_bad_issuer_signature_05,0,creation,9,9,1,0
bench_bad_issuer_signature_05,0,after:StudentAgent.t_SubmitEvidence,10,10,4,0
bench_bad_issuer_signature_05,0,after:EvidenceNet.t_LMS_Submit,10,10,4,0
bench_bad_issuer_signature_05,0,after:EvidenceNet.t_Review_Request,10,10,4,0
bench_bad_issuer_signature_05,0,after:ProfessorAgent.t_StartReview,10,10,4,0
bench_bad_issuer_signature_05,0,after:ProfessorAgent.t_AssessEvidence,10,10,4,0
bench_bad_issuer_signature_05,0,after:ProfessorAgent.t_ApproveEvidence,10,10,5,0
bench_bad_issuer_signature_05,0,after:UniversityAgent.t_VerifyEvidence,10,10,5,0
bench_bad_issuer_signature_05,0,after:UniversityAgent.t_RequestCredential,11,11,7,0
bench_bad_issuer_signature_05,0,after:CompetencyNet.t_Verification_Pass,11,11,7,0
bench_bad_issuer_signature_05,0,after:UniversityAgent.t_IssueCredential,11,11,8,0
bench_bad_issuer_signature_05,0,after:StudentAgent.t_WaitCredential,11,11,8,0
bench_bad_issuer_signature_05,0,after:StudentAgent.t_ReceiveCredential,11,11,8,0
bench_bad_issuer_signature_05,0,after:CompetencyNet.t_DenyInvalidIssuerSignature,11,11,8,0
bench_bad_issuer_signature_05,0,terminal,11,11,8,0
bench_bad_issuer_signature_06,0,creation,9,9,1,0
bench_bad_issuer_signature_06,0,after:StudentAgent.t_SubmitEvidence,10,10,4,0
bench_bad_issuer_signature_06,0,after:EvidenceNet.t_LMS_Submit,10,10,4,0
bench_bad_issuer_signature_06,0,after:EvidenceNet.t_Review_Request,10,10,4,0
bench_bad_issuer_signature_06,0,after:ProfessorAgent.t_StartReview,10,10,4,0
bench_bad_issuer_signature_06,0,after:ProfessorAgent.t_AssessEvidence,10,10,4,0
bench_bad_issuer_signature_06,0,after:ProfessorAgent.t_ApproveEvidence,10,10,5,0
bench_bad_issuer_signature_06,0,after:UniversityAgent.t_VerifyEvidence,10,10,5,0
bench_bad_issuer_signature_06,0,after:UniversityAgent.t_RequestCredential,11,11,7,0
bench_bad_issuer_signature_06,0,after:CompetencyNet.t_Verification_Pass,11,11,7,0
bench_bad_issuer_signature_06,0,after:UniversityAgent.t_IssueCredential,11,11,8,0
bench_bad_issuer_signature_06,0,after:StudentAgent.t_WaitCredential,11,11,8,0
bench_bad_issuer_signature_06,0,after:StudentAgent.t_ReceiveCredential,11,11,8,0
bench_bad_issuer_signature_06,0,after:CompetencyNet.t_DenyInvalidIssuerSignature,11,11,8,0
bench_bad_issuer_signature_06,0,terminal,11,11,8,0
bench_bad_issuer_signature_07,0,creation,9,9,1,0
bench_bad_issuer_signature_07,0,after:StudentAgent.t_SubmitEvidence,10,10,4,0
bench_bad_issuer_signature_07,0,after:EvidenceNet.t_LMS_Submit,10,10,4,0
bench_bad_issuer_signature_07,0,after:EvidenceNet.t_Review_Request,10,10,4,0
bench_bad_issuer_signature_07,0,after:ProfessorAgent.t_StartReview,10,10,4,0
bench_bad_issuer_signature_07,0,after:ProfessorAgent.t_AssessEvidence,10,10,4,0
bench_bad_issuer_signature_07,0,after:ProfessorAgent.t_ApproveEvidence,10,10,5,0
bench_bad_issuer_signature_07,0,after:UniversityAgent.t_VerifyEvidence,10,10,5,0
bench_bad_issuer_signature_07,0,after:UniversityAgent.t_RequestCredential,11,11,7,0
bench_bad_issuer_signature_07,0,after:CompetencyNet.t_Verification_Pass,11,11,7,0
bench_bad_issuer_signature_07,0,after:UniversityAgent.t_IssueCredential,11,11,8,0
bench_bad_issuer_signature_07,0,after:StudentAgent.t_WaitCredential,11,11,8,0
bench_bad_issuer_signature_07,0,after:StudentAgent.t_ReceiveCredential,11,11,8,0
bench_bad_issuer_signature_07,0,after:CompetencyNet.t_DenyInvalidIssuerSignature,11,11,8,0
bench_bad_issuer_signature_07,0,terminal,11,11,8,0
bench_bad_issuer_signature_08,0,creation,9,9,1,0
bench_bad_issuer_signature_08,0,after:StudentAgent.t_SubmitEvidence,10,10,4,0
bench_bad_issuer_signature_08,0,after:EvidenceNet.t_LMS_Submit,10,10,4,0
bench_bad_issuer_signature_08,0,after:EvidenceNet.t_Review_Request,10,10,4,0
bench_bad_issuer_signature_08,0,after:ProfessorAgent.t_StartReview,10,10,4,0
bench_bad_issuer_signature_08,0,after:ProfessorAgent.t_AssessEvidence,10,10,4,0
bench_bad_issuer_signature_08,0,after:ProfessorAgent.t_ApproveEvidence,10,10,5,0
bench_bad_issuer_signature_08,0,after:UniversityAgent.t_VerifyEvidence,10,10,5,0
bench_bad_issuer_signature_08,0,after:UniversityAgent.t_RequestCredential,11,11,7,0
bench_bad_issuer_signature_08,0,after:CompetencyNet.t_Verification_Pass,11,11,7,0
bench_bad_issuer_signature_08,0,after:UniversityAgent.t_IssueCredential,11,11,8,0
bench_bad_issuer_signature_08,0,after:StudentAgent.t_WaitCredential,11,11,8,0
bench_bad_issuer_signature_08,0,after:StudentAgent.t_ReceiveCredential,11,11,8,0
bench_bad_issuer_signature_08,0,after:CompetencyNet.t_DenyInvalidIssuerSignature,11,11,8,0
bench_bad_issuer_signature_08,0,terminal,11,11,8,0
bench_bad_issuer_signature_09,0,creation,9,9,1,0
bench_bad_issuer_signature_09,0,after:StudentAgent.t_SubmitEvidence,10,10,4,0
bench_bad_issuer_signature_09,0,after:EvidenceNet.t_LMS_Submit,10,10,4,0
bench_bad_issuer_signature_09,0,after:EvidenceNet.t_Review_Request,10,10,4,0
bench_bad_issuer_signature_09,0,after:ProfessorAgent.t_StartReview,10,10,4,0
bench_bad_issuer_signature_09,0,after:ProfessorAgent.t_AssessEvidence,10,10,4,0
bench_bad_issuer_signature_09,0,after:ProfessorAgent.t_ApproveEvidence,10,10,5,0
bench_bad_issuer_signature_09,0,after:UniversityAgent.t_VerifyEvidence,10,10,5,0
bench_bad_issuer_signature_09,0,after:UniversityAgent.t_RequestCredential,11,11,7,0
bench_bad_issuer_signature_09,0,after:CompetencyNet.t_Verification_Pass,11,11,7,0
bench_bad_issuer_signature_09,0,after:UniversityAgent.t_IssueCredential,11,11,8,0
bench_bad_issuer_signature_09,0,after:StudentAgent.t_WaitCredential,11,11,8,0
bench_bad_issuer_signature_09,0,after:StudentAgent.t_ReceiveCredential,11,11,8,0
bench_bad_issuer_signature_09,0,after:CompetencyNet.t_DenyInvalidIssuerSignature,11,11,8,0
bench_bad_issuer_signature_09,0,terminal,11,11,8,0
bench_bad_issuer_signature_10,0,creation,9,9,1,0
bench_bad_issuer_signature_10,0,after:StudentAgent.t_SubmitEvidence,10,10,4,0
bench_bad_issuer_signature_10,0,after:EvidenceNet.t_LMS_Submit,10,10,4,0
bench_bad_issuer_signature_10,0,after:EvidenceNet.t_Review_Request,10,10,4,0
bench_bad_issuer_signature_10,0,after:ProfessorAgent.t_StartReview,10,10,4,0
bench_bad_issuer_signature_10,0,after:ProfessorAgent.t_AssessEvidence,10,10,4,0
bench_bad_issuer_signature_10,0,after:ProfessorAgent.t_ApproveEvidence,10,10,5,0
bench_bad_issuer_signature_10,0,after:UniversityAgent.t_VerifyEvidence,10,10,5,0
bench_bad_issuer_signature_10,0,after:UniversityAgent.t_RequestCredential,11,11,7,0
bench_bad_issuer_signature_10,0,after:CompetencyNet.t_Verification_Pass,11,11,7,0
bench_bad_issuer_signature_10,0,after:UniversityAgent.t_IssueCredential,11,11,8,0
bench_bad_issuer_signature_10,0,after:StudentAgent.t_WaitCredential,11,11,8,0
bench_bad_issuer_signature_10,0,after:StudentAgent.t_ReceiveCredential,11,11,8,0
bench_bad_issuer_signature_10,0,after:CompetencyNet.t_DenyInvalidIssuerSignature,11,11,8,0
bench_bad_issuer_signature_10,0,terminal,11,11,8,0
bench_bad_issuer_signature_11,0,creation,9,9,1,0
bench_bad_issuer_signature_11,0,after:StudentAgent.t_SubmitEvidence,10,10,4,0
bench_bad_issuer_signature_11,0,after:EvidenceNet.t_LMS_Submit,10,10,4,0
bench_bad_issuer_signature_11,0,after:EvidenceNet.t_Review_Request,10,10,4,0
bench_bad_issuer_signature_11,0,after:ProfessorAgent.t_StartReview,10,10,4,0
bench_bad_issuer_signature_11,0,after:ProfessorAgent.t_AssessEvidence,10,10,4,0
bench_bad_issuer_signature_11,0,after:ProfessorAgent.t_ApproveEvidence,10,10,5,0
bench_bad_issuer_signature_11,0,after:UniversityAgent.t_VerifyEvidence,10,10,5,0
bench_bad_issuer_signature_11,0,after:UniversityAgent.t_RequestCredential,11,11,7,0
bench_bad_issuer_signature_11,0,after:CompetencyNet.t_Verification_Pass,11,11,7,0
bench_bad_issuer_signature_11,0,after:UniversityAgent.t_IssueCredential,11,11,8,0
bench_bad_issuer_signature_11,0,after:StudentAgent.t_WaitCredential,11,11,8,0
bench_bad_issuer_signature_11,0,after:StudentAgent.t_ReceiveCredential,11,11,8,0
bench_bad_issuer_signature_11,0,after:CompetencyNet.t_DenyInvalidIssuerSignature,11,11,8,0
bench_bad_issuer_signature_11,0,terminal,11,11,8,0
bench_bad_issuer_signature_12,0,creation,9,9,1,0
bench_bad_issuer_signature_12,0,after:StudentAgent.t_SubmitEvidence,10,10,4,0
bench_bad_issuer_signature_12,0,after:EvidenceNet.t_LMS_Submit,10,10,4,0
bench_bad_issuer_signature_12,0,after:EvidenceNet.t_Review_Request,10,10,4,0
bench_bad_issuer_signature_12,0,after:ProfessorAgent.t_StartReview,10,10,4,0
bench_bad_issuer_signature_12,0,after:ProfessorAgent.t_AssessEvidence,10,10,4,0
bench_bad_issuer_signature_12,0,after:ProfessorAgent.t_ApproveEvidence,10,10,5,0
bench_bad_issuer_signature_12,0,after:UniversityAgent.t_VerifyEvidence,10,10,5,0
bench_bad_issuer_signature_12,0,after:UniversityAgent.t_RequestCredential,11,11,7,0
bench_bad_issuer_signature_12,0,after:CompetencyNet.t_Verification_Pass,11,11,7,0
bench_bad_issuer_signature_12,0,after:UniversityAgent.t_IssueCredential,11,11,8,0
bench_bad_issuer_signature_12,0,after:StudentAgent.t_WaitCredential,11,11,8,0
bench_bad_issuer_signature_12,0,after:StudentAgent.t_ReceiveCredential,11,11,8,0
bench_bad_issuer_signature_12,0,after:CompetencyNet.t_DenyInvalidIssuerSignature,11,11,8,0
bench_bad_issuer_signature_12,0,terminal,11,11,8,0
bench_bad_issuer_signature_13,0,creation,9,9,1,0
bench_bad_issuer_signature_13,0,after:StudentAgent.t_SubmitEvidence,10,10,4,0
bench_bad_issuer_signature_13,0,after:EvidenceNet.t_LMS_Submit,10,10,4,0
bench_bad_issuer_signature_13,0,after:EvidenceNet.t_Review_Request,10,10,4,0
bench_bad_issuer_signature_13,0,after:ProfessorAgent.t_StartReview,10,10,4,0
bench_bad_issuer_signature_13,0,after:ProfessorAgent.t_AssessEvidence,10,10,4,0
bench_bad_issuer_signature_13,0,after:ProfessorAgent.t_ApproveEvidence,10,10,5,0
bench_bad_issuer_signature_13,0,after:UniversityAgent.t_VerifyEvidence,10,10,5,0
bench_bad_issuer_signature_13,0,after:UniversityAgent.t_RequestCredential,11,11,7,0
bench_bad_issuer_signature_13,0,after:CompetencyNet.t_Verification_Pass,11,11,7,0
bench_bad_issuer_signature_13,0,after:UniversityAgent.t_IssueCredential,11,11,8,0
bench_bad_issuer_signature_13,0,after:StudentAgent.t_WaitCredential,11,11,8,0
bench_bad_issuer_signature_13,0,after:StudentAgent.t_ReceiveCredential,11,11,8,0
bench_bad_issuer_signature_13,0,after:CompetencyNet.t_DenyInvalidIssuerSignature,11,11,8,0
bench_bad_issuer_signature_13,0,terminal,11,11,8,0
bench_bad_issuer_signature_14,0,creation,9,9,1,0
bench_bad_issuer_signature_14,0,after:StudentAgent.t_SubmitEvidence,10,10,4,0
bench_bad_issuer_signature_14,0,after:EvidenceNet.t_LMS_Submit,10,10,4,0
bench_bad_issuer_signature_14,0,after:EvidenceNet.t_Review_Request,10,10,4,0
bench_bad_issuer_signature_14,0,after:ProfessorAgent.t_StartReview,10,10,4,0
bench_bad_issuer_signature_14,0,after:ProfessorAgent.t_AssessEvidence,10,10,4,0
bench_bad_issuer_signature_14,0,after:ProfessorAgent.t_ApproveEvidence,10,10,5,0
bench_bad_issuer_signature_14,0,after:UniversityAgent.t_VerifyEvidence,10,10,5,0
bench_bad_issuer_signature_14,0,after:UniversityAgent.t_RequestCredential,11,11,7,0
bench_bad_issuer_signature_14,0,after:CompetencyNet.t_Verification_Pass,11,11,7,0
bench_bad_issuer_signature_14,0,after:UniversityAgent.t_IssueCredential,11,11,8,0
bench_bad_issuer_signature_14,0,after:StudentAgent.t_WaitCredential,11,11,8,0
bench_bad_issuer_signature_14,0,after:StudentAgent.t_ReceiveCredential,11,11,8,0
bench_bad_issuer_signature_14,0,after:CompetencyNet.t_DenyInvalidIssuerSignature,11,11,8,0
bench_bad_issuer_signature_14,0,terminal,11,11,8,0
bench_bad_issuer_signature_15,0,creation,9,9,1,0
bench_bad_issuer_signature_15,0,after:StudentAgent.t_SubmitEvidence,10,10,4,0
bench_bad_issuer_signature_15,0,after:EvidenceNet.t_LMS_Submit,10,10,4,0
bench_bad_issuer_signature_15,0,after:EvidenceNet.t_Review_Request,10,10,4,0
bench_bad_issuer_signature_15,0,after:ProfessorAgent.t_StartReview,10,10,4,0
bench_bad_issuer_signature_15,0,after:ProfessorAgent.t_AssessEvidence,10,10,4,0
bench_bad_issuer_signature_15,0,after:ProfessorAgent.t_ApproveEvidence,10,10,5,0
bench_bad_issuer_signature_15,0,after:UniversityAgent.t_VerifyEvidence,10,10,5,0
bench_bad_issuer_signature_15,0,after:UniversityAgent.t_RequestCredential,11,11,7,0
bench_bad_issuer_signature_15,0,after:CompetencyNet.t_Verification_Pass,11,11,7,0
bench_bad_issuer_signature_15,0,after:UniversityAgent.t_IssueCredential,11,11,8,0
bench_bad_issuer_signature_15,0,after:StudentAgent.t_WaitCredential,11,11,8,0
bench_bad_issuer_signature_15,0,after:StudentAgent.t_ReceiveCredential,11,11,8,0
bench_bad_issuer_signature_15,0,after:CompetencyNet.t_DenyInvalidIssuerSignature,11,11,8,0
bench_bad_issuer_signature_15,0,terminal,11,11,8,0
bench_bad_issuer_signature_16,0,creation,9,9,1,0
bench_bad_issuer_signature_16,0,after:StudentAgent.t_SubmitEvidence,10,10,4,0
bench_bad_issuer_signature_16,0,after:EvidenceNet.t_LMS_Submit,10,10,4,0
bench_bad_issuer_signature_16,0,after:EvidenceNet.t_Review_Request,10,10,4,0
bench_bad_issuer_signature_16,0,after:ProfessorAgent.t_StartReview,10,10,4,0
bench_bad_issuer_signature_16,0,after:ProfessorAgent.t_AssessEvidence,10,10,4,0
bench_bad_issuer_signature_16,0,after:ProfessorAgent.t_ApproveEvidence,10,10,5,0
bench_bad_issuer_signature_16,0,after:UniversityAgent.t_VerifyEvidence,10,10,5,0
bench_bad_issuer_signature_16,0,after:UniversityAgent.t_RequestCredential,11,11,7,0
bench_bad_issuer_signature_16,0,after:CompetencyNet.t_Verification_Pass,11,11,7,0
bench_bad_issuer_signature_16,0,after:UniversityAgent.t_IssueCredential,11,11,8,0
bench_bad_issuer_signature_16,0,after:StudentAgent.t_WaitCredential,11,11,8,0
bench_bad_issuer_signature_16,0,after:StudentAgent.t_ReceiveCredential,11,11,8,0
bench_bad_issuer_signature_16,0,after:CompetencyNet.t_DenyInvalidIssuerSignature,11,11,8,0
bench_bad_issuer_signature_16,0,terminal,11,11,8,0
bench_bad_issuer_signature_17,0,creation,9,9,1,0
bench_bad_issuer_signature_17,0,after:StudentAgent.t_SubmitEvidence,10,10,4,0
bench_bad_issuer_signature_17,0,after:EvidenceNet.t_LMS_Submit,10,10,4,0
bench_bad_issuer_signature_17,0,after:EvidenceNet.t_Review_Request,10,10,4,0
bench_bad_issuer_signature_17,0,after:ProfessorAgent.t_StartReview,10,10,4,0
bench_bad_issuer_signature_17,0,after:ProfessorAgent.t_AssessEvidence,10,10,4,0
bench_bad_issuer_signature_17,0,after:ProfessorAgent.t_ApproveEvidence,10,10,5,0
bench_bad_issuer_signature_17,0,after:UniversityAgent.t_VerifyEvidence,10,10,5,0
bench_bad_issuer_signature_17,0,after:UniversityAgent.t_RequestCredential,11,11,7,0
bench_bad_issuer_signature_17,0,after:CompetencyNet.t_Verification_Pass,11,11,7,0
bench_bad_issuer_signature_17,0,after:UniversityAgent.t_IssueCredential,11,11,8,0
bench_bad_issuer_signature_17,0,after:StudentAgent.t_WaitCredential,11,11,8,0
bench_bad_issuer_signature_17,0,after:StudentAgent.t_ReceiveCredential,11,11,8,0
bench_bad_issuer_signature_17,0,after:CompetencyNet.t_DenyInvalidIssuerSignature,11,11,8,0
bench_bad_issuer_signature_17,0,terminal,11,11,8,0
bench_bad_issuer_signature_18,0,creation,9,9,1,0
bench_bad_issuer_signature_18,0,after:StudentAgent.t_SubmitEvidence,10,10,4,0
bench_bad_issuer_signature_18,0,after:EvidenceNet.t_LMS_Submit,10,10,4,0
bench_bad_issuer_signature_18,0,after:EvidenceNet.t_Review_Request,10,10,4,0
bench_bad_issuer_signature_18,0,after:ProfessorAgent.t_StartReview,10,10,4,0
bench_bad_issuer_signature_18,0,after:ProfessorAgent.t_AssessEvidence,10,10,4,0
bench_bad_issuer_signature_18,0,after:ProfessorAgent.t_ApproveEvidence,10,10,5,0
bench_bad_issuer_signature_18,0,after:UniversityAgent.t_VerifyEvidence,10,10,5,0
bench_bad_issuer_signature_18,0,after:UniversityAgent.t_RequestCredential,11,11,7,0
bench_bad_issuer_signature_18,0,after:CompetencyNet.t_Verification_Pass,11,11,7,0
bench_bad_issuer_signature_18,0,after:UniversityAgent.t_IssueCredential,11,11,8,0
bench_bad_issuer_signature_18,0,after:StudentAgent.t_WaitCredential,11,11,8,0
bench_bad_issuer_signature_18,0,after:StudentAgent.t_ReceiveCredential,11,11,8,0
bench_bad_issuer_signature_18,0,after:CompetencyNet.t_DenyInvalidIssuerSignature,11,11,8,0
bench_bad_issuer_signature_18,0,terminal,11,11,8,0
bench_bad_issuer_signature_19,0,creation,9,9,1,0
bench_bad_issuer_signature_19,0,after:StudentAgent.t_SubmitEvidence,10,10,4,0
bench_bad_issuer_signature_19,0,after:EvidenceNet.t_LMS_Submit,10,10,4,0
bench_bad_issuer_signature_19,0,after:EvidenceNet.t_Review_Request,10,10,4,0
bench_bad_issuer_signature_19,0,after:ProfessorAgent.t_StartReview,10,10,4,0
bench_bad_issuer_signature_19,0,after:ProfessorAgent.t_AssessEvidence,10,10,4,0
bench_bad_issuer_signature_19,0,after:ProfessorAgent.t_ApproveEvidence,10,10,5,0
bench_bad_issuer_signature_19,0,after:UniversityAgent.t_VerifyEvidence,10,10,5,0
bench_bad_issuer_signature_19,0,after:UniversityAgent.t_RequestCredential,11,11,7,0
bench_bad_issuer_signature_19,0,after:CompetencyNet.t_Verification_Pass,11,11,7,0
bench_bad_issuer_signature_19,0,after:UniversityAgent.t_IssueCredential,11,11,8,0
bench_bad_issuer_signature_19,0,after:StudentAgent.t_WaitCredential,11,11,8,0
bench_bad_issuer_signature_19,0,after:StudentAgent.t_ReceiveCredential,11,11,8,0
bench_bad_issuer_signature_19,0,after:CompetencyNet.t_DenyInvalidIssuerSignature,11,11,8,0
bench_bad_issuer_signature_19,0,terminal,11,11,8,0
bench_bad_issuer_signature_20,0,creation,9,9,1,0
bench_bad_issuer_signature_20,0,after:StudentAgent.t_SubmitEvidence,10,10,4,0
bench_bad_issuer_signature_20,0,after:EvidenceNet.t_LMS_Submit,10,10,4,0
bench_bad_issuer_signature_20,0,after:EvidenceNet.t_Review_Request,10,10,4,0
bench_bad_issuer_signature_20,0,after:ProfessorAgent.t_StartReview,10,10,4,0
bench_bad_issuer_signature_20,0,after:ProfessorAgent.t_AssessEvidence,10,10,4,0
bench_bad_issuer_signature_20,0,after:ProfessorAgent.t_ApproveEvidence,10,10,5,0
bench_bad_issuer_signature_20,0,after:UniversityAgent.t_VerifyEvidence,10,10,5,0
bench_bad_issuer_signature_20,0,after:UniversityAgent.t_RequestCredential,11,11,7,0
bench_bad_issuer_signature_20,0,after:CompetencyNet.t_Verification_Pass,11,11,7,0
bench_bad_issuer_signature_20,0,after:UniversityAgent.t_IssueCredential,11,11,8,0
bench_bad_issuer_signature_20,0,after:StudentAgent.t_WaitCredential,11,11,8,0
bench_bad_issuer_signature_20,0,after:StudentAgent.t_ReceiveCredential,11,11,8,0
bench_bad_issuer_signature_20,0,after:CompetencyNet.t_DenyInvalidIssuerSignature,11,11,8,0
bench_bad_issuer_signature_20,0,terminal,11,11,8,0
bench_bad_issuer_signature_21,0,creation,9,9,1,0
bench_bad_issuer_signature_21,0,after:StudentAgent.t_SubmitEvidence,10,10,4,0
bench_bad_issuer_signature_21,0,after:EvidenceNet.t_LMS_Submit,10,10,4,0
bench_bad_issuer_signature_21,0,after:EvidenceNet.t_Review_Request,10,10,4,0
bench_bad_issuer_signature_21,0,after:ProfessorAgent.t_StartReview,10,10,4,0
bench_bad_issuer_signature_21,0,after:ProfessorAgent.t_AssessEvidence,10,10,4,0
bench_bad_issuer_signature_21,0,after:ProfessorAgent.t_ApproveEvidence,10,10,5,0
bench_bad_issuer_signature_21,0,after:UniversityAgent.t_VerifyEvidence,10,10,5,0
bench_bad_issuer_signature_21,0,after:UniversityAgent.t_RequestCredential,11,11,7,0
bench_bad_issuer_signature_21,0,after:CompetencyNet.t_Verification_Pass,11,11,7,0
bench_bad_issuer_signature_21,0,after:UniversityAgent.t_IssueCredential,11,11,8,0
bench_bad_issuer_signature_21,0,after:StudentAgent.t_WaitCredential,11,11,8,0
bench_bad_issuer_signature_21,0,after:StudentAgent.t_ReceiveCredential,11,11,8,0
bench_bad_issuer_signature_21,0,after:CompetencyNet.t_DenyInvalidIssuerSignature,11,11,8,0
bench_bad_issuer_signature_21,0,terminal,11,11,8,0
bench_bad_issuer_signature_22,0,creation,9,9,1,0
bench_bad_issuer_signature_22,0,after:StudentAgent.t_SubmitEvidence,10,10,4,0
bench_bad_issuer_signature_22,0,after:EvidenceNet.t_LMS_Submit,10,10,4,0
bench_bad_issuer_signature_22,0,after:EvidenceNet.t_Review_Request,10,10,4,0
bench_bad_issuer_signature_22,0,after:ProfessorAgent.t_StartReview,10,10,4,0
bench_bad_issuer_signature_22,0,after:ProfessorAgent.t_AssessEvidence,10,10,4,0
bench_bad_issuer_signature_22,0,after:ProfessorAgent.t_ApproveEvidence,10,10,5,0
bench_bad_issuer_signature_22,0,after:UniversityAgent.t_VerifyEvidence,10,10,5,0
bench_bad_issuer_signature_22,0,after:UniversityAgent.t_RequestCredential,11,11,7,0
bench_bad_issuer_signature_22,0,after:CompetencyNet.t_Verification_Pass,11,11,7,0
bench_bad_issuer_signature_22,0,after:UniversityAgent.t_IssueCredential,11,11,8,0
bench_bad_issuer_signature_22,0,after:StudentAgent.t_WaitCredential,11,11,8,0
bench_bad_issuer_signature_22,0,after:StudentAgent.t_ReceiveCredential,11,11,8,0
bench_bad_issuer_signature_22,0,after:CompetencyNet.t_DenyInvalidIssuerSignature,11,11,8,0
bench_bad_issuer_signature_22,0,terminal,11,11,8,0
bench_bad_issuer_signature_23,0,creation,9,9,1,0
bench_bad_issuer_signature_23,0,after:StudentAgent.t_SubmitEvidence,10,10,4,0
bench_bad_issuer_signature_23,0,after:EvidenceNet.t_LMS_Submit,10,10,4,0
bench_bad_issuer_signature_23,0,after:EvidenceNet.t_Review_Request,10,10,4,0
bench_bad_issuer_signature_23,0,after:ProfessorAgent.t_StartReview,10,10,4,0
bench_bad_issuer_signature_23,0,after:ProfessorAgent.t_AssessEvidence,10,10,4,0
bench_bad_issuer_signature_23,0,after:ProfessorAgent.t_ApproveEvidence,10,10,5,0
bench_bad_issuer_signature_23,0,after:UniversityAgent.t_VerifyEvidence,10,10,5,0
bench_bad_issuer_signature_23,0,after:UniversityAgent.t_RequestCredential,11,11,7,0
bench_bad_issuer_signature_23,0,after:CompetencyNet.t_Verification_Pass,11,11,7,0
bench_bad_issuer_signature_23,0,after:UniversityAgent.t_IssueCredential,11,11,8,0
bench_bad_issuer_signature_23,0,after:StudentAgent.t_WaitCredential,11,11,8,0
bench_bad_issuer_signature_23,0,after:StudentAgent.t_ReceiveCredential,11,11,8,0
bench_bad_issuer_signature_23,0,after:CompetencyNet.t_DenyInvalidIssuerSignature,11,11,8,0
bench_bad_issuer_signature_23,0,terminal,11,11,8,0
bench_bad_issuer_signature_24,0,creation,9,9,1,0
bench_bad_issuer_signature_24,0,after:StudentAgent.t_SubmitEvidence,10,10,4,0
bench_bad_issuer_signature_24,0,after:EvidenceNet.t_LMS_Submit,10,10,4,0
bench_bad_issuer_signature_24,0,after:EvidenceNet.t_Review_Request,10,10,4,0
bench_bad_issuer_signature_24,0,after:ProfessorAgent.t_StartReview,10,10,4,0
bench_bad_issuer_signature_24,0,after:ProfessorAgent.t_AssessEvidence,10,10,4,0
bench_bad_issuer_signature_24,0,after:ProfessorAgent.t_ApproveEvidence,10,10,5,0
bench_bad_issuer_signature_24,0,after:UniversityAgent.t_VerifyEvidence,10,10,5,0
bench_bad_issuer_signature_24,0,after:UniversityAgent.t_RequestCredential,11,11,7,0
bench_bad_issuer_signature_24,0,after:CompetencyNet.t_Verification_Pass,11,11,7,0
bench_bad_issuer_signature_24,0,after:UniversityAgent.t_IssueCredential,11,11,8,0
bench_bad_issuer_signature_24,0,after:StudentAgent.t_WaitCredential,11,11,8,0
bench_bad_issuer_signature_24,0,after:StudentAgent.t_ReceiveCredential,11,11,8,0
bench_bad_issuer_signature_24,0,after:CompetencyNet.t_DenyInvalidIssuerSignature,11,11,8,0
bench_bad_issuer_signature_24,0,terminal,11,11,8,0
bench_bad_issuer_signature_25,0,creation,9,9,1,0
bench_bad_issuer_signature_25,0,after:StudentAgent.t_SubmitEvidence,10,10,4,0
bench_bad_issuer_signature_25,0,after:EvidenceNet.t_LMS_Submit,10,10,4,0
bench_bad_issuer_signature_25,0,after:EvidenceNet.t_Review_Request,10,10,4,0
bench_bad_issuer_signature_25,0,after:ProfessorAgent.t_StartReview,10,10,4,0
bench_bad_issuer_signature_25,0,after:ProfessorAgent.t_AssessEvidence,10,10,4,0
bench_bad_issuer_signature_25,0,after:ProfessorAgent.t_ApproveEvidence,10,10,5,0
bench_bad_issuer_signature_25,0,after:UniversityAgent.t_VerifyEvidence,10,10,5,0
bench_bad_issuer_signature_25,0,after:UniversityAgent.t_RequestCredential,11,11,7,0
bench_bad_issuer_signature_25,0,after:CompetencyNet.t_Verification_Pass,11,11,7,0
bench_bad_issuer_signature_25,0,after:UniversityAgent.t_IssueCredential,11,11,8,0
bench_bad_issuer_signature_25,0,after:StudentAgent.t_WaitCredential,11,11,8,0
bench_bad_issuer_signature_25,0,after:StudentAgent.t_ReceiveCredential,11,11,8,0
bench_bad_issuer_signature_25,0,after:CompetencyNet.t_DenyInvalidIssuerSignature,11,11,8,0
bench_bad_issuer_signature_25,0,terminal,11,11,8,0
bench_bad_issuer_signature_26,0,creation,9,9,1,0
bench_bad_issuer_signature_26,0,after:StudentAgent.t_SubmitEvidence,10,10,4,0
bench_bad_issuer_signature_26,0,after:EvidenceNet.t_LMS_Submit,10,10,4,0
bench_bad_issuer_signature_26,0,after:EvidenceNet.t_Review_Request,10,10,4,0
bench_bad_issuer_signature_26,0,after:ProfessorAgent.t_StartReview,10,10,4,0
bench_bad_issuer_signature_26,0,after:ProfessorAgent.t_AssessEvidence,10,10,4,0
bench_bad_issuer_signature_26,0,after:ProfessorAgent.t_ApproveEvidence,10,10,5,0
bench_bad_issuer_signature_26,0,after:UniversityAgent.t_VerifyEvidence,10,10,5,0
bench_bad_issuer_signature_26,0,after:UniversityAgent.t_RequestCredential,11,11,7,0
bench_bad_issuer_signature_26,0,after:CompetencyNet.t_Verification_Pass,11,11,7,0
bench_bad_issuer_signature_26,0,after:UniversityAgent.t_IssueCredential,11,11,8,0
bench_bad_issuer_signature_26,0,after:StudentAgent.t_WaitCredential,11,11,8,0
bench_bad_issuer_signature_26,0,after:StudentAgent.t_ReceiveCredential,11,11,8,0
bench_bad_issuer_signature_26,0,after:CompetencyNet.t_DenyInvalidIssuerSignature,11,11,8,0
bench_bad_issuer_signature_26,0,terminal,11,11,8,0
bench_bad_issuer_signature_27,0,creation,9,9,1,0
bench_bad_issuer_signature_27,0,after:StudentAgent.t_SubmitEvidence,10,10,4,0
bench_bad_issuer_signature_27,0,after:EvidenceNet.t_LMS_Submit,10,10,4,0
bench_bad_issuer_signature_27,0,after:EvidenceNet.t_Review_Request,10,10,4,0
bench_bad_issuer_signature_27,0,after:ProfessorAgent.t_StartReview,10,10,4,0
bench_bad_issuer_signature_27,0,after:ProfessorAgent.t_AssessEvidence,10,10,4,0
bench_bad_issuer_signature_27,0,after:ProfessorAgent.t_ApproveEvidence,10,10,5,0
bench_bad_issuer_signature_27,0,after:UniversityAgent.t_VerifyEvidence,10,10,5,0
bench_bad_issuer_signature_27,0,after:UniversityAgent.t_RequestCredential,11,11,7,0
bench_bad_issuer_signature_27,0,after:CompetencyNet.t_Verification_Pass,11,11,7,0
bench_bad_issuer_signature_27,0,after:UniversityAgent.t_IssueCredential,11,11,8,0
bench_bad_issuer_signature_27,0,after:StudentAgent.t_WaitCredential,11,11,8,0
bench_bad_issuer_signature_27,0,after:StudentAgent.t_ReceiveCredential,11,11,8,0
bench_bad_issuer_signature_27,0,after:CompetencyNet.t_DenyInvalidIssuerSignature,11,11,8,0
bench_bad_issuer_signature_27,0,terminal,11,11,8,0
bench_bad_issuer_signature_28,0,creation,9,9,1,0
bench_bad_issuer_signature_28,0,after:StudentAgent.t_SubmitEvidence,10,10,4,0
bench_bad_issuer_signature_28,0,after:EvidenceNet.t_LMS_Submit,10,10,4,0
bench_bad_issuer_signature_28,0,after:EvidenceNet.t_Review_Request,10,10,4,0
bench_bad_issuer_signature_28,0,after:ProfessorAgent.t_StartReview,10,10,4,0
bench_bad_issuer_signature_28,0,after:ProfessorAgent.t_AssessEvidence,10,10,4,0
bench_bad_issuer_signature_28,0,after:ProfessorAgent.t_ApproveEvidence,10,10,5,0
bench_bad_issuer_signature_28,0,after:UniversityAgent.t_VerifyEvidence,10,10,5,0
bench_bad_issuer_signature_28,0,after:UniversityAgent.t_RequestCredential,11,11,7,0
bench_bad_issuer_signature_28,0,after:CompetencyNet.t_Verification_Pass,11,11,7,0
bench_bad_issuer_signature_28,0,after:UniversityAgent.t_IssueCredential,11,11,8,0
bench_bad_issuer_signature_28,0,after:StudentAgent.t_WaitCredential,11,11,8,0
bench_bad_issuer_signature_28,0,after:StudentAgent.t_ReceiveCredential,11,11,8,0
bench_bad_issuer_signature_28,0,after:CompetencyNet.t_DenyInvalidIssuerSignature,11,11,8,0
bench_bad_issuer_signature_28,0,terminal,11,11,8,0
bench_bad_issuer_signature_29,0,creation,9,9,1,0
bench_bad_issuer_signature_29,0,after:StudentAgent.t_SubmitEvidence,10,10,4,0
bench_bad_issuer_signature_29,0,after:EvidenceNet.t_LMS_Submit,10,10,4,0
bench_bad_issuer_signature_29,0,after:EvidenceNet.t_Review_Request,10,10,4,0
bench_bad_issuer_signature_29,0,after:ProfessorAgent.t_StartReview,10,10,4,0
bench_bad_issuer_signature_29,0,after:ProfessorAgent.t_AssessEvidence,10,10,4,0
bench_bad_issuer_signature_29,0,after:ProfessorAgent.t_ApproveEvidence,10,10,5,0
bench_bad_issuer_signature_29,0,after:UniversityAgent.t_VerifyEvidence,10,10,5,0
bench_bad_issuer_signature_29,0,after:UniversityAgent.t_RequestCredential,11,11,7,0
bench_bad_issuer_signature_29,0,after:CompetencyNet.t_Verification_Pass,11,11,7,0
bench_bad_issuer_signature_29,0,after:UniversityAgent.t_IssueCredential,11,11,8,0
bench_bad_issuer_signature_29,0,after:StudentAgent.t_WaitCredential,11,11,8,0
bench_bad_issuer_signature_29,0,after:StudentAgent.t_ReceiveCredential,11,11,8,0
bench_bad_issuer_signature_29,0,after:CompetencyNet.t_DenyInvalidIssuerSignature,11,11,8,0
bench_bad_issuer_signature_29,0,terminal,11,11,8,0
bench_bad_issuer_signature_30,0,creation,9,9,1,0
bench_bad_issuer_signature_30,0,after:StudentAgent.t_SubmitEvidence,10,10,4,0
bench_bad_issuer_signature_30,0,after:EvidenceNet.t_LMS_Submit,10,10,4,0
bench_bad_issuer_signature_30,0,after:EvidenceNet.t_Review_Request,10,10,4,0
bench_bad_issuer_signature_30,0,after:ProfessorAgent.t_StartReview,10,10,4,0
bench_bad_issuer_signature_30,0,after:ProfessorAgent.t_AssessEvidence,10,10,4,0
bench_bad_issuer_signature_30,0,after:ProfessorAgent.t_ApproveEvidence,10,10,5,0
bench_bad_issuer_signature_30,0,after:UniversityAgent.t_VerifyEvidence,10,10,5,0
bench_bad_issuer_signature_30,0,after:UniversityAgent.t_RequestCredential,11,11,7,0
bench_bad_issuer_signature_30,0,after:CompetencyNet.t_Verification_Pass,11,11,7,0
bench_bad_issuer_signature_30,0,after:UniversityAgent.t_IssueCredential,11,11,8,0
bench_bad_issuer_signature_30,0,after:StudentAgent.t_WaitCredential,11,11,8,0
bench_bad_issuer_signature_30,0,after:StudentAgent.t_ReceiveCredential,11,11,8,0
bench_bad_issuer_signature_30,0,after:CompetencyNet.t_DenyInvalidIssuerSignature,11,11,8,0
bench_bad_issuer_signature_30,0,terminal,11,11,8,0
bench_grade_reject_waiting_01,0,creation,9,9,1,0
bench_grade_reject_waiting_01,0,after:StudentAgent.t_SubmitEvidence,10,10,4,0
bench_grade_reject_waiting_01,0,after:EvidenceNet.t_LMS_Submit,10,10,4,0
bench_grade_reject_waiting_01,0,after:EvidenceNet.t_Review_Request,10,10,4,0
bench_grade_reject_waiting_01,0,after:ProfessorAgent.t_StartReview,10,10,4,0
bench_grade_reject_waiting_01,0,after:ProfessorAgent.t_AssessEvidence,10,10,4,0
bench_grade_reject_waiting_01,0,after:StudentAgent.t_WaitCredential,10,10,4,0
bench_grade_reject_waiting_01,0,after:ProfessorAgent.t_RejectEvidence,10,10,4,0
bench_grade_reject_waiting_01,0,terminal,10,10,4,0
bench_grade_reject_waiting_02,0,creation,9,9,1,0
bench_grade_reject_waiting_02,0,after:StudentAgent.t_SubmitEvidence,10,10,4,0
bench_grade_reject_waiting_02,0,after:EvidenceNet.t_LMS_Submit,10,10,4,0
bench_grade_reject_waiting_02,0,after:EvidenceNet.t_Review_Request,10,10,4,0
bench_grade_reject_waiting_02,0,after:ProfessorAgent.t_StartReview,10,10,4,0
bench_grade_reject_waiting_02,0,after:ProfessorAgent.t_AssessEvidence,10,10,4,0
bench_grade_reject_waiting_02,0,after:StudentAgent.t_WaitCredential,10,10,4,0
bench_grade_reject_waiting_02,0,after:ProfessorAgent.t_RejectEvidence,10,10,4,0
bench_grade_reject_waiting_02,0,terminal,10,10,4,0
bench_grade_reject_waiting_03,0,creation,9,9,1,0
bench_grade_reject_waiting_03,0,after:StudentAgent.t_SubmitEvidence,10,10,4,0
bench_grade_reject_waiting_03,0,after:EvidenceNet.t_LMS_Submit,10,10,4,0
bench_grade_reject_waiting_03,0,after:EvidenceNet.t_Review_Request,10,10,4,0
bench_grade_reject_waiting_03,0,after:ProfessorAgent.t_StartReview,10,10,4,0
bench_grade_reject_waiting_03,0,after:ProfessorAgent.t_AssessEvidence,10,10,4,0
bench_grade_reject_waiting_03,0,after:StudentAgent.t_WaitCredential,10,10,4,0
bench_grade_reject_waiting_03,0,after:ProfessorAgent.t_RejectEvidence,10,10,4,0
bench_grade_reject_waiting_03,0,terminal,10,10,4,0
bench_grade_reject_waiting_04,0,creation,9,9,1,0
bench_grade_reject_waiting_04,0,after:StudentAgent.t_SubmitEvidence,10,10,4,0
bench_grade_reject_waiting_04,0,after:EvidenceNet.t_LMS_Submit,10,10,4,0
bench_grade_reject_waiting_04,0,after:EvidenceNet.t_Review_Request,10,10,4,0
bench_grade_reject_waiting_04,0,after:ProfessorAgent.t_StartReview,10,10,4,0
bench_grade_reject_waiting_04,0,after:ProfessorAgent.t_AssessEvidence,10,10,4,0
bench_grade_reject_waiting_04,0,after:StudentAgent.t_WaitCredential,10,10,4,0
bench_grade_reject_waiting_04,0,after:ProfessorAgent.t_RejectEvidence,10,10,4,0
bench_grade_reject_waiting_04,0,terminal,10,10,4,0
bench_grade_reject_waiting_05,0,creation,9,9,1,0
bench_grade_reject_waiting_05,0,after:StudentAgent.t_SubmitEvidence,10,10,4,0
bench_grade_reject_waiting_05,0,after:EvidenceNet.t_LMS_Submit,10,10,4,0
bench_grade_reject_waiting_05,0,after:EvidenceNet.t_Review_Request,10,10,4,0
bench_grade_reject_waiting_05,0,after:ProfessorAgent.t_StartReview,10,10,4,0
bench_grade_reject_waiting_05,0,after:ProfessorAgent.t_AssessEvidence,10,10,4,0
bench_grade_reject_waiting_05,0,after:StudentAgent.t_WaitCredential,10,10,4,0
bench_grade_reject_waiting_05,0,after:ProfessorAgent.t_RejectEvidence,10,10,4,0
bench_grade_reject_waiting_05,0,terminal,10,10,4,0
bench_grade_reject_waiting_06,0,creation,9,9,1,0
bench_grade_reject_waiting_06,0,after:StudentAgent.t_SubmitEvidence,10,10,4,0
bench_grade_reject_waiting_06,0,after:EvidenceNet.t_LMS_Submit,10,10,4,0
bench_grade_reject_waiting_06,0,after:EvidenceNet.t_Review_Request,10,10,4,0
bench_grade_reject_waiting_06,0,after:ProfessorAgent.t_StartReview,10,10,4,0
bench_grade_reject_waiting_06,0,after:ProfessorAgent.t_AssessEvidence,10,10,4,0
bench_grade_reject_waiting_06,0,after:StudentAgent.t_WaitCredential,10,10,4,0
bench_grade_reject_waiting_06,0,after:ProfessorAgent.t_RejectEvidence,10,10,4,0
bench_grade_reject_waiting_06,0,terminal,10,10,4,0
bench_grade_reject_waiting_07,0,creation,9,9,1,0
bench_grade_reject_waiting_07,0,after:StudentAgent.t_SubmitEvidence,10,10,4,0
bench_grade_reject_waiting_07,0,after:EvidenceNet.t_LMS_Submit,10,10,4,0
bench_grade_reject_waiting_07,0,after:EvidenceNet.t_Review_Request,10,10,4,0
bench_grade_reject_waiting_07,0,after:ProfessorAgent.t_StartReview,10,10,4,0
bench_grade_reject_waiting_07,0,after:ProfessorAgent.t_AssessEvidence,10,10,4,0
bench_grade_reject_waiting_07,0,after:StudentAgent.t_WaitCredential,10,10,4,0
bench_grade_reject_waiting_07,0,after:ProfessorAgent.t_RejectEvidence,10,10,4,0
bench_grade_reject_waiting_07,0,terminal,10,10,4,0
bench_grade_reject_waiting_08,0,creation,9,9,1,0
bench_grade_reject_waiting_08,0,after:StudentAgent.t_SubmitEvidence,10,10,4,0
bench_grade_reject_waiting_08,0,after:EvidenceNet.t_LMS_Submit,10,10,4,0
bench_grade_reject_waiting_08,0,after:EvidenceNet.t_Review_Request,10,10,4,0
bench_grade_reject_waiting_08,0,after:ProfessorAgent.t_StartReview,10,10,4,0
bench_grade_reject_waiting_08,0,after:ProfessorAgent.t_AssessEvidence,10,10,4,0
bench_grade_reject_waiting_08,0,after:StudentAgent.t_WaitCredential,10,10,4,0
bench_grade_reject_waiting_08,0,after:ProfessorAgent.t_RejectEvidence,10,10,4,0
bench_grade_reject_waiting_08,0,terminal,10,10,4,0
bench_grade_reject_waiting_09,0,creation,9,9,1,0
bench_grade_reject_waiting_09,0,after:StudentAgent.t_SubmitEvidence,10,10,4,0
bench_grade_reject_waiting_09,0,after:EvidenceNet.t_LMS_Submit,10,10,4,0
bench_grade_reject_waiting_09,0,after:EvidenceNet.t_Review_Request,10,10,4,0
bench_grade_reject_waiting_09,0,after:ProfessorAgent.t_StartReview,10,10,4,0
bench_grade_reject_waiting_09,0,after:ProfessorAgent.t_AssessEvidence,10,10,4,0
bench_grade_reject_waiting_09,0,after:StudentAgent.t_WaitCredential,10,10,4,0
bench_grade_reject_waiting_09,0,after:ProfessorAgent.t_RejectEvidence,10,10,4,0
bench_grade_reject_waiting_09,0,terminal,10,10,4,0
bench_grade_reject_waiting_10,0,creation,9,9,1,0
bench_grade_reject_waiting_10,0,after:StudentAgent.t_SubmitEvidence,10,10,4,0
bench_grade_reject_waiting_10,0,after:EvidenceNet.t_LMS_Submit,10,10,4,0
bench_grade_reject_waiting_10,0,after:EvidenceNet.t_Review_Request,10,10,4,0
bench_grade_reject_waiting_10,0,after:ProfessorAgent.t_StartReview,10,10,4,0
bench_grade_reject_waiting_10,0,after:ProfessorAgent.t_AssessEvidence,10,10,4,0
bench_grade_reject_waiting_10,0,after:StudentAgent.t_WaitCredential,10,10,4,0
bench_grade_reject_waiting_10,0,after:ProfessorAgent.t_RejectEvidence,10,10,4,0
bench_grade_reject_waiting_10,0,terminal,10,10,4,0
bench_grade_reject_waiting_11,0,creation,9,9,1,0
bench_grade_reject_waiting_11,0,after:StudentAgent.t_SubmitEvidence,10,10,4,0
bench_grade_reject_waiting_11,0,after:EvidenceNet.t_LMS_Submit,10,10,4,0
bench_grade_reject_waiting_11,0,after:EvidenceNet.t_Review_Request,10,10,4,0
bench_grade_reject_waiting_11,0,after:ProfessorAgent.t_StartReview,10,10,4,0
bench_grade_reject_waiting_11,0,after:ProfessorAgent.t_AssessEvidence,10,10,4,0
bench_grade_reject_waiting_11,0,after:StudentAgent.t_WaitCredential,10,10,4,0
bench_grade_reject_waiting_11,0,after:ProfessorAgent.t_RejectEvidence,10,10,4,0
bench_grade_reject_waiting_11,0,terminal,10,10,4,0
bench_grade_reject_waiting_12,0,creation,9,9,1,0
bench_grade_reject_waiting_12,0,after:StudentAgent.t_SubmitEvidence,10,10,4,0
bench_grade_reject_waiting_12,0,after:EvidenceNet.t_LMS_Submit,10,10,4,0
bench_grade_reject_waiting_12,0,after:EvidenceNet.t_Review_Request,10,10,4,0
bench_grade_reject_waiting_12,0,after:ProfessorAgent.t_StartReview,10,10,4,0
bench_grade_reject_waiting_12,0,after:ProfessorAgent.t_AssessEvidence,10,10,4,0
bench_grade_reject_waiting_12,0,after:StudentAgent.t_WaitCredential,10,10,4,0
bench_grade_reject_waiting_12,0,after:ProfessorAgent.t_RejectEvidence,10,10,4,0
bench_grade_reject_waiting_12,0,terminal,10,10,4,0
bench_grade_reject_waiting_13,0,creation,9,9,1,0
bench_grade_reject_waiting_13,0,after:StudentAgent.t_SubmitEvidence,10,10,4,0
bench_grade_reject_waiting_13,0,after:EvidenceNet.t_LMS_Submit,10,10,4,0
bench_grade_reject_waiting_13,0,after:EvidenceNet.t_Review_Request,10,10,4,0
bench_grade_reject_waiting_13,0,after:ProfessorAgent.t_StartReview,10,10,4,0
bench_grade_reject_waiting_13,0,after:ProfessorAgent.t_AssessEvidence,10,10,4,0
bench_grade_reject_waiting_13,0,after:StudentAgent.t_WaitCredential,10,10,4,0
bench_grade_reject_waiting_13,0,after:ProfessorAgent.t_RejectEvidence,10,10,4,0
bench_grade_reject_waiting_13,0,terminal,10,10,4,0
bench_grade_reject_waiting_14,0,creation,9,9,1,0
bench_grade_reject_waiting_14,0,after:StudentAgent.t_SubmitEvidence,10,10,4,0
bench_grade_reject_waiting_14,0,after:EvidenceNet.t_LMS_Submit,10,10,4,0
bench_grade_reject_waiting_14,0,after:EvidenceNet.t_Review_Request,10,10,4,0
bench_grade_reject_waiting_14,0,after:ProfessorAgent.t_StartReview,10,10,4,0
bench_grade_reject_waiting_14,0,after:ProfessorAgent.t_AssessEvidence,10,10,4,0
bench_grade_reject_waiting_14,0,after:StudentAgent.t_WaitCredential,10,10,4,0
bench_grade_reject_waiting_14,0,after:ProfessorAgent.t_RejectEvidence,10,10,4,0
bench_grade_reject_waiting_14,0,terminal,10,10,4,0
bench_grade_reject_waiting_15,0,creation,9,9,1,0
bench_grade_reject_waiting_15,0,after:StudentAgent.t_SubmitEvidence,10,10,4,0
bench_grade_reject_waiting_15,0,after:EvidenceNet.t_LMS_Submit,10,10,4,0
bench_grade_reject_waiting_15,0,after:EvidenceNet.t_Review_Request,10,10,4,0
bench_grade_reject_waiting_15,0,after:ProfessorAgent.t_StartReview,10,10,4,0
bench_grade_reject_waiting_15,0,after:ProfessorAgent.t_AssessEvidence,10,10,4,0
bench_grade_reject_waiting_15,0,after:StudentAgent.t_WaitCredential,10,10,4,0
bench_grade_reject_waiting_15,0,after:ProfessorAgent.t_RejectEvidence,10,10,4,0
bench_grade_reject_waiting_15,0,terminal,10,10,4,0
bench_grade_reject_waiting_16,0,creation,9,9,1,0
bench_grade_reject_waiting_16,0,after:StudentAgent.t_SubmitEvidence,10,10,4,0
bench_grade_reject_waiting_16,0,after:EvidenceNet.t_LMS_Submit,10,10,4,0
bench_grade_reject_waiting_16,0,after:EvidenceNet.t_Review_Request,10,10,4,0
bench_grade_reject_waiting_16,0,after:ProfessorAgent.t_StartReview,10,10,4,0
bench_grade_reject_waiting_16,0,after:ProfessorAgent.t_AssessEvidence,10,10,4,0
bench_grade_reject_waiting_16,0,after:StudentAgent.t_WaitCredential,10,10,4,0
bench_grade_reject_waiting_16,0,after:ProfessorAgent.t_RejectEvidence,10,10,4,0
bench_grade_reject_waiting_16,0,terminal,10,10,4,0
bench_grade_reject_waiting_17,0,creation,9,9,1,0
bench_grade_reject_waiting_17,0,after:StudentAgent.t_SubmitEvidence,10,10,4,0
bench_grade_reject_waiting_17,0,after:EvidenceNet.t_LMS_Submit,10,10,4,0
bench_grade_reject_waiting_17,0,after:EvidenceNet.t_Review_Request,10,10,4,0
bench_grade_reject_waiting_17,0,after:ProfessorAgent.t_StartReview,10,10,4,0
bench_grade_reject_waiting_17,0,after:ProfessorAgent.t_AssessEvidence,10,10,4,0
bench_grade_reject_waiting_17,0,after:StudentAgent.t_WaitCredential,10,10,4,0
bench_grade_reject_waiting_17,0,after:ProfessorAgent.t_RejectEvidence,10,10,4,0
bench_grade_reject_waiting_17,0,terminal,10,10,4,0
bench_grade_reject_waiting_18,0,creation,9,9,1,0
bench_grade_reject_waiting_18,0,after:StudentAgent.t_SubmitEvidence,10,10,4,0
bench_grade_reject_waiting_18,0,after:EvidenceNet.t_LMS_Submit,10,10,4,0
bench_grade_reject_waiting_18,0,after:EvidenceNet.t_Review_Request,10,10,4,0
bench_grade_reject_waiting_18,0,after:ProfessorAgent.t_StartReview,10,10,4,0
bench_grade_reject_waiting_18,0,after:ProfessorAgent.t_AssessEvidence,10,10,4,0
bench_grade_reject_waiting_18,0,after:StudentAgent.t_WaitCredential,10,10,4,0
bench_grade_reject_waiting_18,0,after:ProfessorAgent.t_RejectEvidence,10,10,4,0
bench_grade_reject_waiting_18,0,terminal,10,10,4,0
bench_grade_reject_waiting_19,0,creation,9,9,1,0
bench_grade_reject_waiting_19,0,after:StudentAgent.t_SubmitEvidence,10,10,4,0
bench_grade_reject_waiting_19,0,after:EvidenceNet.t_LMS_Submit,10,10,4,0
bench_grade_reject_waiting_19,0,after:EvidenceNet.t_Review_Request,10,10,4,0
bench_grade_reject_waiting_19,0,after:ProfessorAgent.t_StartReview,10,10,4,0
bench_grade_reject_waiting_19,0,after:ProfessorAgent.t_AssessEvidence,10,10,4,0
bench_grade_reject_waiting_19,0,after:StudentAgent.t_WaitCredential,10,10,4,0
bench_grade_reject_waiting_19,0,after:ProfessorAgent.t_RejectEvidence,10,10,4,0
bench_grade_reject_waiting_19,0,terminal,10,10,4,0
bench_grade_reject_waiting_20,0,creation,9,9,1,0
bench_grade_reject_waiting_20,0,after:StudentAgent.t_SubmitEvidence,10,10,4,0
bench_grade_reject_waiting_20,0,after:EvidenceNet.t_LMS_Submit,10,10,4,0
bench_grade_reject_waiting_20,0,after:EvidenceNet.t_Review_Request,10,10,4,0
bench_grade_reject_waiting_20,0,after:ProfessorAgent.t_StartReview,10,10,4,0
bench_grade_reject_waiting_20,0,after:ProfessorAgent.t_AssessEvidence,10,10,4,0
bench_grade_reject_waiting_20,0,after:StudentAgent.t_WaitCredential,10,10,4,0
bench_grade_reject_waiting_20,0,after:ProfessorAgent.t_RejectEvidence,10,10,4,0
bench_grade_reject_waiting_20,0,terminal,10,10,4,0
bench_grade_reject_waiting_21,0,creation,9,9,1,0
bench_grade_reject_waiting_21,0,after:StudentAgent.t_SubmitEvidence,10,10,4,0
bench_grade_reject_waiting_21,0,after:EvidenceNet.t_LMS_Submit,10,10,4,0
bench_grade_reject_waiting_21,0,after:EvidenceNet.t_Review_Request,10,10,4,0
bench_grade_reject_waiting_21,0,after:ProfessorAgent.t_StartReview,10,10,4,0
bench_grade_reject_waiting_21,0,after:ProfessorAgent.t_AssessEvidence,10,10,4,0
bench_grade_reject_waiting_21,0,after:StudentAgent.t_WaitCredential,10,10,4,0
bench_grade_reject_waiting_21,0,after:ProfessorAgent.t_RejectEvidence,10,10,4,0
bench_grade_reject_waiting_21,0,terminal,10,10,4,0
bench_grade_reject_waiting_22,0,creation,9,9,1,0
bench_grade_reject_waiting_22,0,after:StudentAgent.t_SubmitEvidence,10,10,4,0
bench_grade_reject_waiting_22,0,after:EvidenceNet.t_LMS_Submit,10,10,4,0
bench_grade_reject_waiting_22,0,after:EvidenceNet.t_Review_Request,10,10,4,0
bench_grade_reject_waiting_22,0,after:ProfessorAgent.t_StartReview,10,10,4,0
bench_grade_reject_waiting_22,0,after:ProfessorAgent.t_AssessEvidence,10,10,4,0
bench_grade_reject_waiting_22,0,after:StudentAgent.t_WaitCredential,10,10,4,0
bench_grade_reject_waiting_22,0,after:ProfessorAgent.t_RejectEvidence,10,10,4,0
bench_grade_reject_waiting_22,0,terminal,10,10,4,0
bench_grade_reject_waiting_23,0,creation,9,9,1,0
bench_grade_reject_waiting_23,0,after:StudentAgent.t_SubmitEvidence,10,10,4,0
bench_grade_reject_waiting_23,0,after:EvidenceNet.t_LMS_Submit,10,10,4,0
bench_grade_reject_waiting_23,0,after:EvidenceNet.t_Review_Request,10,10,4,0
bench_grade_reject_waiting_23,0,after:ProfessorAgent.t_StartReview,10,10,4,0
bench_grade_reject_waiting_23,0,after:ProfessorAgent.t_AssessEvidence,10,10,4,0
bench_grade_reject_waiting_23,0,after:StudentAgent.t_WaitCredential,10,10,4,0
bench_grade_reject_waiting_23,0,after:ProfessorAgent.t_RejectEvidence,10,10,4,0
bench_grade_reject_waiting_23,0,terminal,10,10,4,0
bench_grade_reject_waiting_24,0,creation,9,9,1,0
bench_grade_reject_waiting_24,0,after:StudentAgent.t_SubmitEvidence,10,10,4,0
bench_grade_reject_waiting_24,0,after:EvidenceNet.t_LMS_Submit,10,10,4,0
bench_grade_reject_waiting_24,0,after:EvidenceNet.t_Review_Request,10,10,4,0
bench_grade_reject_waiting_24,0,after:ProfessorAgent.t_StartReview,10,10,4,0
bench_grade_reject_waiting_24,0,after:ProfessorAgent.t_AssessEvidence,10,10,4,0
bench_grade_reject_waiting_24,0,after:StudentAgent.t_WaitCredential,10,10,4,0
bench_grade_reject_waiting_24,0,after:ProfessorAgent.t_RejectEvidence,10,10,4,0
bench_grade_reject_waiting_24,0,terminal,10,10,4,0
bench_grade_reject_waiting_25,0,creation,9,9,1,0
bench_grade_reject_waiting_25,0,after:StudentAgent.t_SubmitEvidence,10,10,4,0
bench_grade_reject_waiting_25,0,after:EvidenceNet.t_LMS_Submit,10,10,4,0
bench_grade_reject_waiting_25,0,after:EvidenceNet.t_Review_Request,10,10,4,0
bench_grade_reject_waiting_25,0,after:ProfessorAgent.t_StartReview,10,10,4,0
bench_grade_reject_waiting_25,0,after:ProfessorAgent.t_AssessEvidence,10,10,4,0
bench_grade_reject_waiting_25,0,after:StudentAgent.t_WaitCredential,10,10,4,0
bench_grade_reject_waiting_25,0,after:ProfessorAgent.t_RejectEvidence,10,10,4,0
bench_grade_reject_waiting_25,0,terminal,10,10,4,0
bench_grade_reject_waiting_26,0,creation,9,9,1,0
bench_grade_reject_waiting_26,0,after:StudentAgent.t_SubmitEvidence,10,10,4,0
bench_grade_reject_waiting_26,0,after:EvidenceNet.t_LMS_Submit,10,10,4,0
bench_grade_reject_waiting_26,0,after:EvidenceNet.t_Review_Request,10,10,4,0
bench_grade_reject_waiting_26,0,after:ProfessorAgent.t_StartReview,10,10,4,0
bench_grade_reject_waiting_26,0,after:ProfessorAgent.t_AssessEvidence,10,10,4,0
bench_grade_reject_waiting_26,0,after:StudentAgent.t_WaitCredential,10,10,4,0
bench_grade_reject_waiting_26,0,after:ProfessorAgent.t_RejectEvidence,10,10,4,0
bench_grade_reject_waiting_26,0,terminal,10,10,4,0
bench_grade_reject_waiting_27,0,creation,9,9,1,0
bench_grade_reject_waiting_27,0,after:StudentAgent.t_SubmitEvidence,10,10,4,0
bench_grade_reject_waiting_27,0,after:EvidenceNet.t_LMS_Submit,10,10,4,0
bench_grade_reject_waiting_27,0,after:EvidenceNet.t_Review_Request,10,10,4,0
bench_grade_reject_waiting_27,0,after:ProfessorAgent.t_StartReview,10,10,4,0
bench_grade_reject_waiting_27,0,after:ProfessorAgent.t_AssessEvidence,10,10,4,0
bench_grade_reject_waiting_27,0,after:StudentAgent.t_WaitCredential,10,10,4,0
bench_grade_reject_waiting_27,0,after:ProfessorAgent.t_RejectEvidence,10,10,4,0
bench_grade_reject_waiting_27,0,terminal,10,10,4,0
bench_grade_reject_waiting_28,0,creation,9,9,1,0
bench_grade_reject_waiting_28,0,after:StudentAgent.t_SubmitEvidence,10,10,4,0
bench_grade_reject_waiting_28,0,after:EvidenceNet.t_LMS_Submit,10,10,4,0
bench_grade_reject_waiting_28,0,after:EvidenceNet.t_Review_Request,10,10,4,0
bench_grade_reject_waiting_28,0,after:ProfessorAgent.t_StartReview,10,10,4,0
bench_grade_reject_waiting_28,0,after:ProfessorAgent.t_AssessEvidence,10,10,4,0
bench_grade_reject_waiting_28,0,after:StudentAgent.t_WaitCredential,10,10,4,0
bench_grade_reject_waiting_28,0,after:ProfessorAgent.t_RejectEvidence,10,10,4,0
bench_grade_reject_waiting_28,0,terminal,10,10,4,0
bench_grade_reject_waiting_29,0,creation,9,9,1,0
bench_grade_reject_waiting_29,0,after:StudentAgent.t_SubmitEvidence,10,10,4,0
bench_grade_reject_waiting_29,0,after:EvidenceNet.t_LMS_Submit,10,10,4,0
bench_grade_reject_waiting_29,0,after:EvidenceNet.t_Review_Request,10,10,4,0
bench_grade_reject_waiting_29,0,after:ProfessorAgent.t_StartReview,10,10,4,0
bench_grade_reject_waiting_29,0,after:ProfessorAgent.t_AssessEvidence,10,10,4,0
bench_grade_reject_waiting_29,0,after:StudentAgent.t_WaitCredential,10,10,4,0
bench_grade_reject_waiting_29,0,after:ProfessorAgent.t_RejectEvidence,10,10,4,0
bench_grade_reject_waiting_29,0,terminal,10,10,4,0
bench_grade_reject_waiting_30,0,creation,9,9,1,0
bench_grade_reject_waiting_30,0,after:StudentAgent.t_SubmitEvidence,10,10,4,0
bench_grade_reject_waiting_30,0,after:EvidenceNet.t_LMS_Submit,10,10,4,0
bench_grade_reject_waiting_30,0,after:EvidenceNet.t_Review_Request,10,10,4,0
bench_grade_reject_waiting_30,0,after:ProfessorAgent.t_StartReview,10,10,4,0
bench_grade_reject_waiting_30,0,after:ProfessorAgent.t_AssessEvidence,10,10,4,0
bench_grade_reject_waiting_30,0,after:StudentAgent.t_WaitCredential,10,10,4,0
bench_grade_reject_waiting_30,0,after:ProfessorAgent.t_RejectEvidence,10,10,4,0
bench_grade_reject_waiting_30,0,terminal,10,10,4,0
bench_cancel_submitted_01,0,creation,9,9,1,0
bench_cancel_submitted_01,0,after:StudentAgent.t_SubmitEvidence,10,10,4,0
bench_cancel_submitted_01,0,after:EvidenceNet.t_LMS_Submit,10,10,4,0
bench_cancel_submitted_01,0,after:EvidenceNet.t_Review_Request,10,10,4,0
bench_cancel_submitted_01,0,after:ProfessorAgent.t_StartReview,10,10,4,0
bench_cancel_submitted_01,0,after:ProfessorAgent.t_AssessEvidence,10,10,4,0
bench_cancel_submitted_01,0,after:ProfessorAgent.t_ApproveEvidence,10,10,5,0
bench_cancel_submitted_01,0,after:UniversityAgent.t_VerifyEvidence,10,10,5,0
bench_cancel_submitted_01,0,after:UniversityAgent.t_RequestCredential,11,11,7,0
bench_cancel_submitted_01,0,after:CompetencyNet.t_Verification_Pass,11,11,7,0
bench_cancel_submitted_01,0,after:UniversityAgent.t_IssueCredential,11,11,8,0
bench_cancel_submitted_01,0,after:CompetencyNet.t_SBT_Cancel,11,11,8,0
bench_cancel_submitted_01,0,terminal,11,11,8,0
bench_cancel_submitted_02,0,creation,9,9,1,0
bench_cancel_submitted_02,0,after:StudentAgent.t_SubmitEvidence,10,10,4,0
bench_cancel_submitted_02,0,after:EvidenceNet.t_LMS_Submit,10,10,4,0
bench_cancel_submitted_02,0,after:EvidenceNet.t_Review_Request,10,10,4,0
bench_cancel_submitted_02,0,after:ProfessorAgent.t_StartReview,10,10,4,0
bench_cancel_submitted_02,0,after:ProfessorAgent.t_AssessEvidence,10,10,4,0
bench_cancel_submitted_02,0,after:ProfessorAgent.t_ApproveEvidence,10,10,5,0
bench_cancel_submitted_02,0,after:UniversityAgent.t_VerifyEvidence,10,10,5,0
bench_cancel_submitted_02,0,after:UniversityAgent.t_RequestCredential,11,11,7,0
bench_cancel_submitted_02,0,after:CompetencyNet.t_Verification_Pass,11,11,7,0
bench_cancel_submitted_02,0,after:UniversityAgent.t_IssueCredential,11,11,8,0
bench_cancel_submitted_02,0,after:CompetencyNet.t_SBT_Cancel,11,11,8,0
bench_cancel_submitted_02,0,terminal,11,11,8,0
bench_cancel_submitted_03,0,creation,9,9,1,0
bench_cancel_submitted_03,0,after:StudentAgent.t_SubmitEvidence,10,10,4,0
bench_cancel_submitted_03,0,after:EvidenceNet.t_LMS_Submit,10,10,4,0
bench_cancel_submitted_03,0,after:EvidenceNet.t_Review_Request,10,10,4,0
bench_cancel_submitted_03,0,after:ProfessorAgent.t_StartReview,10,10,4,0
bench_cancel_submitted_03,0,after:ProfessorAgent.t_AssessEvidence,10,10,4,0
bench_cancel_submitted_03,0,after:ProfessorAgent.t_ApproveEvidence,10,10,5,0
bench_cancel_submitted_03,0,after:UniversityAgent.t_VerifyEvidence,10,10,5,0
bench_cancel_submitted_03,0,after:UniversityAgent.t_RequestCredential,11,11,7,0
bench_cancel_submitted_03,0,after:CompetencyNet.t_Verification_Pass,11,11,7,0
bench_cancel_submitted_03,0,after:UniversityAgent.t_IssueCredential,11,11,8,0
bench_cancel_submitted_03,0,after:CompetencyNet.t_SBT_Cancel,11,11,8,0
bench_cancel_submitted_03,0,terminal,11,11,8,0
bench_cancel_submitted_04,0,creation,9,9,1,0
bench_cancel_submitted_04,0,after:StudentAgent.t_SubmitEvidence,10,10,4,0
bench_cancel_submitted_04,0,after:EvidenceNet.t_LMS_Submit,10,10,4,0
bench_cancel_submitted_04,0,after:EvidenceNet.t_Review_Request,10,10,4,0
bench_cancel_submitted_04,0,after:ProfessorAgent.t_StartReview,10,10,4,0
bench_cancel_submitted_04,0,after:ProfessorAgent.t_AssessEvidence,10,10,4,0
bench_cancel_submitted_04,0,after:ProfessorAgent.t_ApproveEvidence,10,10,5,0
bench_cancel_submitted_04,0,after:UniversityAgent.t_VerifyEvidence,10,10,5,0
bench_cancel_submitted_04,0,after:UniversityAgent.t_RequestCredential,11,11,7,0
bench_cancel_submitted_04,0,after:CompetencyNet.t_Verification_Pass,11,11,7,0
bench_cancel_submitted_04,0,after:UniversityAgent.t_IssueCredential,11,11,8,0
bench_cancel_submitted_04,0,after:CompetencyNet.t_SBT_Cancel,11,11,8,0
bench_cancel_submitted_04,0,terminal,11,11,8,0
bench_cancel_submitted_05,0,creation,9,9,1,0
bench_cancel_submitted_05,0,after:StudentAgent.t_SubmitEvidence,10,10,4,0
bench_cancel_submitted_05,0,after:EvidenceNet.t_LMS_Submit,10,10,4,0
bench_cancel_submitted_05,0,after:EvidenceNet.t_Review_Request,10,10,4,0
bench_cancel_submitted_05,0,after:ProfessorAgent.t_StartReview,10,10,4,0
bench_cancel_submitted_05,0,after:ProfessorAgent.t_AssessEvidence,10,10,4,0
bench_cancel_submitted_05,0,after:ProfessorAgent.t_ApproveEvidence,10,10,5,0
bench_cancel_submitted_05,0,after:UniversityAgent.t_VerifyEvidence,10,10,5,0
bench_cancel_submitted_05,0,after:UniversityAgent.t_RequestCredential,11,11,7,0
bench_cancel_submitted_05,0,after:CompetencyNet.t_Verification_Pass,11,11,7,0
bench_cancel_submitted_05,0,after:UniversityAgent.t_IssueCredential,11,11,8,0
bench_cancel_submitted_05,0,after:CompetencyNet.t_SBT_Cancel,11,11,8,0
bench_cancel_submitted_05,0,terminal,11,11,8,0
bench_cancel_submitted_06,0,creation,9,9,1,0
bench_cancel_submitted_06,0,after:StudentAgent.t_SubmitEvidence,10,10,4,0
bench_cancel_submitted_06,0,after:EvidenceNet.t_LMS_Submit,10,10,4,0
bench_cancel_submitted_06,0,after:EvidenceNet.t_Review_Request,10,10,4,0
bench_cancel_submitted_06,0,after:ProfessorAgent.t_StartReview,10,10,4,0
bench_cancel_submitted_06,0,after:ProfessorAgent.t_AssessEvidence,10,10,4,0
bench_cancel_submitted_06,0,after:ProfessorAgent.t_ApproveEvidence,10,10,5,0
bench_cancel_submitted_06,0,after:UniversityAgent.t_VerifyEvidence,10,10,5,0
bench_cancel_submitted_06,0,after:UniversityAgent.t_RequestCredential,11,11,7,0
bench_cancel_submitted_06,0,after:CompetencyNet.t_Verification_Pass,11,11,7,0
bench_cancel_submitted_06,0,after:UniversityAgent.t_IssueCredential,11,11,8,0
bench_cancel_submitted_06,0,after:CompetencyNet.t_SBT_Cancel,11,11,8,0
bench_cancel_submitted_06,0,terminal,11,11,8,0
bench_cancel_submitted_07,0,creation,9,9,1,0
bench_cancel_submitted_07,0,after:StudentAgent.t_SubmitEvidence,10,10,4,0
bench_cancel_submitted_07,0,after:EvidenceNet.t_LMS_Submit,10,10,4,0
bench_cancel_submitted_07,0,after:EvidenceNet.t_Review_Request,10,10,4,0
bench_cancel_submitted_07,0,after:ProfessorAgent.t_StartReview,10,10,4,0
bench_cancel_submitted_07,0,after:ProfessorAgent.t_AssessEvidence,10,10,4,0
bench_cancel_submitted_07,0,after:ProfessorAgent.t_ApproveEvidence,10,10,5,0
bench_cancel_submitted_07,0,after:UniversityAgent.t_VerifyEvidence,10,10,5,0
bench_cancel_submitted_07,0,after:UniversityAgent.t_RequestCredential,11,11,7,0
bench_cancel_submitted_07,0,after:CompetencyNet.t_Verification_Pass,11,11,7,0
bench_cancel_submitted_07,0,after:UniversityAgent.t_IssueCredential,11,11,8,0
bench_cancel_submitted_07,0,after:CompetencyNet.t_SBT_Cancel,11,11,8,0
bench_cancel_submitted_07,0,terminal,11,11,8,0
bench_cancel_submitted_08,0,creation,9,9,1,0
bench_cancel_submitted_08,0,after:StudentAgent.t_SubmitEvidence,10,10,4,0
bench_cancel_submitted_08,0,after:EvidenceNet.t_LMS_Submit,10,10,4,0
bench_cancel_submitted_08,0,after:EvidenceNet.t_Review_Request,10,10,4,0
bench_cancel_submitted_08,0,after:ProfessorAgent.t_StartReview,10,10,4,0
bench_cancel_submitted_08,0,after:ProfessorAgent.t_AssessEvidence,10,10,4,0
bench_cancel_submitted_08,0,after:ProfessorAgent.t_ApproveEvidence,10,10,5,0
bench_cancel_submitted_08,0,after:UniversityAgent.t_VerifyEvidence,10,10,5,0
bench_cancel_submitted_08,0,after:UniversityAgent.t_RequestCredential,11,11,7,0
bench_cancel_submitted_08,0,after:CompetencyNet.t_Verification_Pass,11,11,7,0
bench_cancel_submitted_08,0,after:UniversityAgent.t_IssueCredential,11,11,8,0
bench_cancel_submitted_08,0,after:CompetencyNet.t_SBT_Cancel,11,11,8,0
bench_cancel_submitted_08,0,terminal,11,11,8,0
bench_cancel_submitted_09,0,creation,9,9,1,0
bench_cancel_submitted_09,0,after:StudentAgent.t_SubmitEvidence,10,10,4,0
bench_cancel_submitted_09,0,after:EvidenceNet.t_LMS_Submit,10,10,4,0
bench_cancel_submitted_09,0,after:EvidenceNet.t_Review_Request,10,10,4,0
bench_cancel_submitted_09,0,after:ProfessorAgent.t_StartReview,10,10,4,0
bench_cancel_submitted_09,0,after:ProfessorAgent.t_AssessEvidence,10,10,4,0
bench_cancel_submitted_09,0,after:ProfessorAgent.t_ApproveEvidence,10,10,5,0
bench_cancel_submitted_09,0,after:UniversityAgent.t_VerifyEvidence,10,10,5,0
bench_cancel_submitted_09,0,after:UniversityAgent.t_RequestCredential,11,11,7,0
bench_cancel_submitted_09,0,after:CompetencyNet.t_Verification_Pass,11,11,7,0
bench_cancel_submitted_09,0,after:UniversityAgent.t_IssueCredential,11,11,8,0
bench_cancel_submitted_09,0,after:CompetencyNet.t_SBT_Cancel,11,11,8,0
bench_cancel_submitted_09,0,terminal,11,11,8,0
bench_cancel_submitted_10,0,creation,9,9,1,0
bench_cancel_submitted_10,0,after:StudentAgent.t_SubmitEvidence,10,10,4,0
bench_cancel_submitted_10,0,after:EvidenceNet.t_LMS_Submit,10,10,4,0
bench_cancel_submitted_10,0,after:EvidenceNet.t_Review_Request,10,10,4,0
bench_cancel_submitted_10,0,after:ProfessorAgent.t_StartReview,10,10,4,0
bench_cancel_submitted_10,0,after:ProfessorAgent.t_AssessEvidence,10,10,4,0
bench_cancel_submitted_10,0,after:ProfessorAgent.t_ApproveEvidence,10,10,5,0
bench_cancel_submitted_10,0,after:UniversityAgent.t_VerifyEvidence,10,10,5,0
bench_cancel_submitted_10,0,after:UniversityAgent.t_RequestCredential,11,11,7,0
bench_cancel_submitted_10,0,after:CompetencyNet.t_Verification_Pass,11,11,7,0
bench_cancel_submitted_10,0,after:UniversityAgent.t_IssueCredential,11,11,8,0
bench_cancel_submitted_10,0,after:CompetencyNet.t_SBT_Cancel,11,11,8,0
bench_cancel_submitted_10,0,terminal,11,11,8,0
bench_cancel_submitted_11,0,creation,9,9,1,0
bench_cancel_submitted_11,0,after:StudentAgent.t_SubmitEvidence,10,10,4,0
bench_cancel_submitted_11,0,after:EvidenceNet.t_LMS_Submit,10,10,4,0
bench_cancel_submitted_11,0,after:EvidenceNet.t_Review_Request,10,10,4,0
bench_cancel_submitted_11,0,after:ProfessorAgent.t_StartReview,10,10,4,0
bench_cancel_submitted_11,0,after:ProfessorAgent.t_AssessEvidence,10,10,4,0
bench_cancel_submitted_11,0,after:ProfessorAgent.t_ApproveEvidence,10,10,5,0
bench_cancel_submitted_11,0,after:UniversityAgent.t_VerifyEvidence,10,10,5,0
bench_cancel_submitted_11,0,after:UniversityAgent.t_RequestCredential,11,11,7,0
bench_cancel_submitted_11,0,after:CompetencyNet.t_Verification_Pass,11,11,7,0
bench_cancel_submitted_11,0,after:UniversityAgent.t_IssueCredential,11,11,8,0
bench_cancel_submitted_11,0,after:CompetencyNet.t_SBT_Cancel,11,11,8,0
bench_cancel_submitted_11,0,terminal,11,11,8,0
bench_cancel_submitted_12,0,creation,9,9,1,0
bench_cancel_submitted_12,0,after:StudentAgent.t_SubmitEvidence,10,10,4,0
bench_cancel_submitted_12,0,after:EvidenceNet.t_LMS_Submit,10,10,4,0
bench_cancel_submitted_12,0,after:EvidenceNet.t_Review_Request,10,10,4,0
bench_cancel_submitted_12,0,after:ProfessorAgent.t_StartReview,10,10,4,0
bench_cancel_submitted_12,0,after:ProfessorAgent.t_AssessEvidence,10,10,4,0
bench_cancel_submitted_12,0,after:ProfessorAgent.t_ApproveEvidence,10,10,5,0
bench_cancel_submitted_12,0,after:UniversityAgent.t_VerifyEvidence,10,10,5,0
bench_cancel_submitted_12,0,after:UniversityAgent.t_RequestCredential,11,11,7,0
bench_cancel_submitted_12,0,after:CompetencyNet.t_Verification_Pass,11,11,7,0
bench_cancel_submitted_12,0,after:UniversityAgent.t_IssueCredential,11,11,8,0
bench_cancel_submitted_12,0,after:CompetencyNet.t_SBT_Cancel,11,11,8,0
bench_cancel_submitted_12,0,terminal,11,11,8,0
bench_cancel_submitted_13,0,creation,9,9,1,0
bench_cancel_submitted_13,0,after:StudentAgent.t_SubmitEvidence,10,10,4,0
bench_cancel_submitted_13,0,after:EvidenceNet.t_LMS_Submit,10,10,4,0
bench_cancel_submitted_13,0,after:EvidenceNet.t_Review_Request,10,10,4,0
bench_cancel_submitted_13,0,after:ProfessorAgent.t_StartReview,10,10,4,0
bench_cancel_submitted_13,0,after:ProfessorAgent.t_AssessEvidence,10,10,4,0
bench_cancel_submitted_13,0,after:ProfessorAgent.t_ApproveEvidence,10,10,5,0
bench_cancel_submitted_13,0,after:UniversityAgent.t_VerifyEvidence,10,10,5,0
bench_cancel_submitted_13,0,after:UniversityAgent.t_RequestCredential,11,11,7,0
bench_cancel_submitted_13,0,after:CompetencyNet.t_Verification_Pass,11,11,7,0
bench_cancel_submitted_13,0,after:UniversityAgent.t_IssueCredential,11,11,8,0
bench_cancel_submitted_13,0,after:CompetencyNet.t_SBT_Cancel,11,11,8,0
bench_cancel_submitted_13,0,terminal,11,11,8,0
bench_cancel_submitted_14,0,creation,9,9,1,0
bench_cancel_submitted_14,0,after:StudentAgent.t_SubmitEvidence,10,10,4,0
bench_cancel_submitted_14,0,after:EvidenceNet.t_LMS_Submit,10,10,4,0
bench_cancel_submitted_14,0,after:EvidenceNet.t_Review_Request,10,10,4,0
bench_cancel_submitted_14,0,after:ProfessorAgent.t_StartReview,10,10,4,0
bench_cancel_submitted_14,0,after:ProfessorAgent.t_AssessEvidence,10,10,4,0
bench_cancel_submitted_14,0,after:ProfessorAgent.t_ApproveEvidence,10,10,5,0
bench_cancel_submitted_14,0,after:UniversityAgent.t_VerifyEvidence,10,10,5,0
bench_cancel_submitted_14,0,after:UniversityAgent.t_RequestCredential,11,11,7,0
bench_cancel_submitted_14,0,after:CompetencyNet.t_Verification_Pass,11,11,7,0
bench_cancel_submitted_14,0,after:UniversityAgent.t_IssueCredential,11,11,8,0
bench_cancel_submitted_14,0,after:CompetencyNet.t_SBT_Cancel,11,11,8,0
bench_cancel_submitted_14,0,terminal,11,11,8,0
bench_cancel_submitted_15,0,creation,9,9,1,0
bench_cancel_submitted_15,0,after:StudentAgent.t_SubmitEvidence,10,10,4,0
bench_cancel_submitted_15,0,after:EvidenceNet.t_LMS_Submit,10,10,4,0
bench_cancel_submitted_15,0,after:EvidenceNet.t_Review_Request,10,10,4,0
bench_cancel_submitted_15,0,after:ProfessorAgent.t_StartReview,10,10,4,0
bench_cancel_submitted_15,0,after:ProfessorAgent.t_AssessEvidence,10,10,4,0
bench_cancel_submitted_15,0,after:ProfessorAgent.t_ApproveEvidence,10,10,5,0
bench_cancel_submitted_15,0,after:UniversityAgent.t_VerifyEvidence,10,10,5,0
bench_cancel_submitted_15,0,after:UniversityAgent.t_RequestCredential,11,11,7,0
bench_cancel_submitted_15,0,after:CompetencyNet.t_Verification_Pass,11,11,7,0
bench_cancel_submitted_15,0,after:UniversityAgent.t_IssueCredential,11,11,8,0
bench_cancel_submitted_15,0,after:CompetencyNet.t_SBT_Cancel,11,11,8,0
bench_cancel_submitted_15,0,terminal,11,11,8,0
bench_cancel_submitted_16,0,creation,9,9,1,0
bench_cancel_submitted_16,0,after:StudentAgent.t_SubmitEvidence,10,10,4,0
bench_cancel_submitted_16,0,after:EvidenceNet.t_LMS_Submit,10,10,4,0
bench_cancel_submitted_16,0,after:EvidenceNet.t_Review_Request,10,10,4,0
bench_cancel_submitted_16,0,after:ProfessorAgent.t_StartReview,10,10,4,0
bench_cancel_submitted_16,0,after:ProfessorAgent.t_AssessEvidence,10,10,4,0
bench_cancel_submitted_16,0,after:ProfessorAgent.t_ApproveEvidence,10,10,5,0
bench_cancel_submitted_16,0,after:UniversityAgent.t_VerifyEvidence,10,10,5,0
bench_cancel_submitted_16,0,after:UniversityAgent.t_RequestCredential,11,11,7,0
bench_cancel_submitted_16,0,after:CompetencyNet.t_Verification_Pass,11,11,7,0
bench_cancel_submitted_16,0,after:UniversityAgent.t_IssueCredential,11,11,8,0
bench_cancel_submitted_16,0,after:CompetencyNet.t_SBT_Cancel,11,11,8,0
bench_cancel_submitted_16,0,terminal,11,11,8,0
bench_cancel_submitted_17,0,creation,9,9,1,0
bench_cancel_submitted_17,0,after:StudentAgent.t_SubmitEvidence,10,10,4,0
bench_cancel_submitted_17,0,after:EvidenceNet.t_LMS_Submit,10,10,4,0
bench_cancel_submitted_17,0,after:EvidenceNet.t_Review_Request,10,10,4,0
bench_cancel_submitted_17,0,after:ProfessorAgent.t_StartReview,10,10,4,0
bench_cancel_submitted_17,0,after:ProfessorAgent.t_AssessEvidence,10,10,4,0
bench_cancel_submitted_17,0,after:ProfessorAgent.t_ApproveEvidence,10,10,5,0
bench_cancel_submitted_17,0,after:UniversityAgent.t_VerifyEvidence,10,10,5,0
bench_cancel_submitted_17,0,after:UniversityAgent.t_RequestCredential,11,11,7,0
bench_cancel_submitted_17,0,after:CompetencyNet.t_Verification_Pass,11,11,7,0
bench_cancel_submitted_17,0,after:UniversityAgent.t_IssueCredential,11,11,8,0
bench_cancel_submitted_17,0,after:CompetencyNet.t_SBT_Cancel,11,11,8,0
bench_cancel_submitted_17,0,terminal,11,11,8,0
bench_cancel_submitted_18,0,creation,9,9,1,0
bench_cancel_submitted_18,0,after:StudentAgent.t_SubmitEvidence,10,10,4,0
bench_cancel_submitted_18,0,after:EvidenceNet.t_LMS_Submit,10,10,4,0
bench_cancel_submitted_18,0,after:EvidenceNet.t_Review_Request,10,10,4,0
bench_cancel_submitted_18,0,after:ProfessorAgent.t_StartReview,10,10,4,0
bench_cancel_submitted_18,0,after:ProfessorAgent.t_AssessEvidence,10,10,4,0
bench_cancel_submitted_18,0,after:ProfessorAgent.t_ApproveEvidence,10,10,5,0
bench_cancel_submitted_18,0,after:UniversityAgent.t_VerifyEvidence,10,10,5,0
bench_cancel_submitted_18,0,after:UniversityAgent.t_RequestCredential,11,11,7,0
bench_cancel_submitted_18,0,after:CompetencyNet.t_Verification_Pass,11,11,7,0
bench_cancel_submitted_18,0,after:UniversityAgent.t_IssueCredential,11,11,8,0
bench_cancel_submitted_18,0,after:CompetencyNet.t_SBT_Cancel,11,11,8,0
bench_cancel_submitted_18,0,terminal,11,11,8,0
bench_cancel_submitted_19,0,creation,9,9,1,0
bench_cancel_submitted_19,0,after:StudentAgent.t_SubmitEvidence,10,10,4,0
bench_cancel_submitted_19,0,after:EvidenceNet.t_LMS_Submit,10,10,4,0
bench_cancel_submitted_19,0,after:EvidenceNet.t_Review_Request,10,10,4,0
bench_cancel_submitted_19,0,after:ProfessorAgent.t_StartReview,10,10,4,0
bench_cancel_submitted_19,0,after:ProfessorAgent.t_AssessEvidence,10,10,4,0
bench_cancel_submitted_19,0,after:ProfessorAgent.t_ApproveEvidence,10,10,5,0
bench_cancel_submitted_19,0,after:UniversityAgent.t_VerifyEvidence,10,10,5,0
bench_cancel_submitted_19,0,after:UniversityAgent.t_RequestCredential,11,11,7,0
bench_cancel_submitted_19,0,after:CompetencyNet.t_Verification_Pass,11,11,7,0
bench_cancel_submitted_19,0,after:UniversityAgent.t_IssueCredential,11,11,8,0
bench_cancel_submitted_19,0,after:CompetencyNet.t_SBT_Cancel,11,11,8,0
bench_cancel_submitted_19,0,terminal,11,11,8,0
bench_cancel_submitted_20,0,creation,9,9,1,0
bench_cancel_submitted_20,0,after:StudentAgent.t_SubmitEvidence,10,10,4,0
bench_cancel_submitted_20,0,after:EvidenceNet.t_LMS_Submit,10,10,4,0
bench_cancel_submitted_20,0,after:EvidenceNet.t_Review_Request,10,10,4,0
bench_cancel_submitted_20,0,after:ProfessorAgent.t_StartReview,10,10,4,0
bench_cancel_submitted_20,0,after:ProfessorAgent.t_AssessEvidence,10,10,4,0
bench_cancel_submitted_20,0,after:ProfessorAgent.t_ApproveEvidence,10,10,5,0
bench_cancel_submitted_20,0,after:UniversityAgent.t_VerifyEvidence,10,10,5,0
bench_cancel_submitted_20,0,after:UniversityAgent.t_RequestCredential,11,11,7,0
bench_cancel_submitted_20,0,after:CompetencyNet.t_Verification_Pass,11,11,7,0
bench_cancel_submitted_20,0,after:UniversityAgent.t_IssueCredential,11,11,8,0
bench_cancel_submitted_20,0,after:CompetencyNet.t_SBT_Cancel,11,11,8,0
bench_cancel_submitted_20,0,terminal,11,11,8,0
bench_cancel_submitted_21,0,creation,9,9,1,0
bench_cancel_submitted_21,0,after:StudentAgent.t_SubmitEvidence,10,10,4,0
bench_cancel_submitted_21,0,after:EvidenceNet.t_LMS_Submit,10,10,4,0
bench_cancel_submitted_21,0,after:EvidenceNet.t_Review_Request,10,10,4,0
bench_cancel_submitted_21,0,after:ProfessorAgent.t_StartReview,10,10,4,0
bench_cancel_submitted_21,0,after:ProfessorAgent.t_AssessEvidence,10,10,4,0
bench_cancel_submitted_21,0,after:ProfessorAgent.t_ApproveEvidence,10,10,5,0
bench_cancel_submitted_21,0,after:UniversityAgent.t_VerifyEvidence,10,10,5,0
bench_cancel_submitted_21,0,after:UniversityAgent.t_RequestCredential,11,11,7,0
bench_cancel_submitted_21,0,after:CompetencyNet.t_Verification_Pass,11,11,7,0
bench_cancel_submitted_21,0,after:UniversityAgent.t_IssueCredential,11,11,8,0
bench_cancel_submitted_21,0,after:CompetencyNet.t_SBT_Cancel,11,11,8,0
bench_cancel_submitted_21,0,terminal,11,11,8,0
bench_cancel_submitted_22,0,creation,9,9,1,0
bench_cancel_submitted_22,0,after:StudentAgent.t_SubmitEvidence,10,10,4,0
bench_cancel_submitted_22,0,after:EvidenceNet.t_LMS_Submit,10,10,4,0
bench_cancel_submitted_22,0,after:EvidenceNet.t_Review_Request,10,10,4,0
bench_cancel_submitted_22,0,after:ProfessorAgent.t_StartReview,10,10,4,0
bench_cancel_submitted_22,0,after:ProfessorAgent.t_AssessEvidence,10,10,4,0
bench_cancel_submitted_22,0,after:ProfessorAgent.t_ApproveEvidence,10,10,5,0
bench_cancel_submitted_22,0,after:UniversityAgent.t_VerifyEvidence,10,10,5,0
bench_cancel_submitted_22,0,after:UniversityAgent.t_RequestCredential,11,11,7,0
bench_cancel_submitted_22,0,after:CompetencyNet.t_Verification_Pass,11,11,7,0
bench_cancel_submitted_22,0,after:UniversityAgent.t_IssueCredential,11,11,8,0
bench_cancel_submitted_22,0,after:CompetencyNet.t_SBT_Cancel,11,11,8,0
bench_cancel_submitted_22,0,terminal,11,11,8,0
bench_cancel_submitted_23,0,creation,9,9,1,0
bench_cancel_submitted_23,0,after:StudentAgent.t_SubmitEvidence,10,10,4,0
bench_cancel_submitted_23,0,after:EvidenceNet.t_LMS_Submit,10,10,4,0
bench_cancel_submitted_23,0,after:EvidenceNet.t_Review_Request,10,10,4,0
bench_cancel_submitted_23,0,after:ProfessorAgent.t_StartReview,10,10,4,0
bench_cancel_submitted_23,0,after:ProfessorAgent.t_AssessEvidence,10,10,4,0
bench_cancel_submitted_23,0,after:ProfessorAgent.t_ApproveEvidence,10,10,5,0
bench_cancel_submitted_23,0,after:UniversityAgent.t_VerifyEvidence,10,10,5,0
bench_cancel_submitted_23,0,after:UniversityAgent.t_RequestCredential,11,11,7,0
bench_cancel_submitted_23,0,after:CompetencyNet.t_Verification_Pass,11,11,7,0
bench_cancel_submitted_23,0,after:UniversityAgent.t_IssueCredential,11,11,8,0
bench_cancel_submitted_23,0,after:CompetencyNet.t_SBT_Cancel,11,11,8,0
bench_cancel_submitted_23,0,terminal,11,11,8,0
bench_cancel_submitted_24,0,creation,9,9,1,0
bench_cancel_submitted_24,0,after:StudentAgent.t_SubmitEvidence,10,10,4,0
bench_cancel_submitted_24,0,after:EvidenceNet.t_LMS_Submit,10,10,4,0
bench_cancel_submitted_24,0,after:EvidenceNet.t_Review_Request,10,10,4,0
bench_cancel_submitted_24,0,after:ProfessorAgent.t_StartReview,10,10,4,0
bench_cancel_submitted_24,0,after:ProfessorAgent.t_AssessEvidence,10,10,4,0
bench_cancel_submitted_24,0,after:ProfessorAgent.t_ApproveEvidence,10,10,5,0
bench_cancel_submitted_24,0,after:UniversityAgent.t_VerifyEvidence,10,10,5,0
bench_cancel_submitted_24,0,after:UniversityAgent.t_RequestCredential,11,11,7,0
bench_cancel_submitted_24,0,after:CompetencyNet.t_Verification_Pass,11,11,7,0
bench_cancel_submitted_24,0,after:UniversityAgent.t_IssueCredential,11,11,8,0
bench_cancel_submitted_24,0,after:CompetencyNet.t_SBT_Cancel,11,11,8,0
bench_cancel_submitted_24,0,terminal,11,11,8,0
bench_cancel_submitted_25,0,creation,9,9,1,0
bench_cancel_submitted_25,0,after:StudentAgent.t_SubmitEvidence,10,10,4,0
bench_cancel_submitted_25,0,after:EvidenceNet.t_LMS_Submit,10,10,4,0
bench_cancel_submitted_25,0,after:EvidenceNet.t_Review_Request,10,10,4,0
bench_cancel_submitted_25,0,after:ProfessorAgent.t_StartReview,10,10,4,0
bench_cancel_submitted_25,0,after:ProfessorAgent.t_AssessEvidence,10,10,4,0
bench_cancel_submitted_25,0,after:ProfessorAgent.t_ApproveEvidence,10,10,5,0
bench_cancel_submitted_25,0,after:UniversityAgent.t_VerifyEvidence,10,10,5,0
bench_cancel_submitted_25,0,after:UniversityAgent.t_RequestCredential,11,11,7,0
bench_cancel_submitted_25,0,after:CompetencyNet.t_Verification_Pass,11,11,7,0
bench_cancel_submitted_25,0,after:UniversityAgent.t_IssueCredential,11,11,8,0
bench_cancel_submitted_25,0,after:CompetencyNet.t_SBT_Cancel,11,11,8,0
bench_cancel_submitted_25,0,terminal,11,11,8,0
bench_cancel_submitted_26,0,creation,9,9,1,0
bench_cancel_submitted_26,0,after:StudentAgent.t_SubmitEvidence,10,10,4,0
bench_cancel_submitted_26,0,after:EvidenceNet.t_LMS_Submit,10,10,4,0
bench_cancel_submitted_26,0,after:EvidenceNet.t_Review_Request,10,10,4,0
bench_cancel_submitted_26,0,after:ProfessorAgent.t_StartReview,10,10,4,0
bench_cancel_submitted_26,0,after:ProfessorAgent.t_AssessEvidence,10,10,4,0
bench_cancel_submitted_26,0,after:ProfessorAgent.t_ApproveEvidence,10,10,5,0
bench_cancel_submitted_26,0,after:UniversityAgent.t_VerifyEvidence,10,10,5,0
bench_cancel_submitted_26,0,after:UniversityAgent.t_RequestCredential,11,11,7,0
bench_cancel_submitted_26,0,after:CompetencyNet.t_Verification_Pass,11,11,7,0
bench_cancel_submitted_26,0,after:UniversityAgent.t_IssueCredential,11,11,8,0
bench_cancel_submitted_26,0,after:CompetencyNet.t_SBT_Cancel,11,11,8,0
bench_cancel_submitted_26,0,terminal,11,11,8,0
bench_cancel_submitted_27,0,creation,9,9,1,0
bench_cancel_submitted_27,0,after:StudentAgent.t_SubmitEvidence,10,10,4,0
bench_cancel_submitted_27,0,after:EvidenceNet.t_LMS_Submit,10,10,4,0
bench_cancel_submitted_27,0,after:EvidenceNet.t_Review_Request,10,10,4,0
bench_cancel_submitted_27,0,after:ProfessorAgent.t_StartReview,10,10,4,0
bench_cancel_submitted_27,0,after:ProfessorAgent.t_AssessEvidence,10,10,4,0
bench_cancel_submitted_27,0,after:ProfessorAgent.t_ApproveEvidence,10,10,5,0
bench_cancel_submitted_27,0,after:UniversityAgent.t_VerifyEvidence,10,10,5,0
bench_cancel_submitted_27,0,after:UniversityAgent.t_RequestCredential,11,11,7,0
bench_cancel_submitted_27,0,after:CompetencyNet.t_Verification_Pass,11,11,7,0
bench_cancel_submitted_27,0,after:UniversityAgent.t_IssueCredential,11,11,8,0
bench_cancel_submitted_27,0,after:CompetencyNet.t_SBT_Cancel,11,11,8,0
bench_cancel_submitted_27,0,terminal,11,11,8,0
bench_cancel_submitted_28,0,creation,9,9,1,0
bench_cancel_submitted_28,0,after:StudentAgent.t_SubmitEvidence,10,10,4,0
bench_cancel_submitted_28,0,after:EvidenceNet.t_LMS_Submit,10,10,4,0
bench_cancel_submitted_28,0,after:EvidenceNet.t_Review_Request,10,10,4,0
bench_cancel_submitted_28,0,after:ProfessorAgent.t_StartReview,10,10,4,0
bench_cancel_submitted_28,0,after:ProfessorAgent.t_AssessEvidence,10,10,4,0
bench_cancel_submitted_28,0,after:ProfessorAgent.t_ApproveEvidence,10,10,5,0
bench_cancel_submitted_28,0,after:UniversityAgent.t_VerifyEvidence,10,10,5,0
bench_cancel_submitted_28,0,after:UniversityAgent.t_RequestCredential,11,11,7,0
bench_cancel_submitted_28,0,after:CompetencyNet.t_Verification_Pass,11,11,7,0
bench_cancel_submitted_28,0,after:UniversityAgent.t_IssueCredential,11,11,8,0
bench_cancel_submitted_28,0,after:CompetencyNet.t_SBT_Cancel,11,11,8,0
bench_cancel_submitted_28,0,terminal,11,11,8,0
bench_cancel_submitted_29,0,creation,9,9,1,0
bench_cancel_submitted_29,0,after:StudentAgent.t_SubmitEvidence,10,10,4,0
bench_cancel_submitted_29,0,after:EvidenceNet.t_LMS_Submit,10,10,4,0
bench_cancel_submitted_29,0,after:EvidenceNet.t_Review_Request,10,10,4,0
bench_cancel_submitted_29,0,after:ProfessorAgent.t_StartReview,10,10,4,0
bench_cancel_submitted_29,0,after:ProfessorAgent.t_AssessEvidence,10,10,4,0
bench_cancel_submitted_29,0,after:ProfessorAgent.t_ApproveEvidence,10,10,5,0
bench_cancel_submitted_29,0,after:UniversityAgent.t_VerifyEvidence,10,10,5,0
bench_cancel_submitted_29,0,after:UniversityAgent.t_RequestCredential,11,11,7,0
bench_cancel_submitted_29,0,after:CompetencyNet.t_Verification_Pass,11,11,7,0
bench_cancel_submitted_29,0,after:UniversityAgent.t_IssueCredential,11,11,8,0
bench_cancel_submitted_29,0,after:CompetencyNet.t_SBT_Cancel,11,11,8,0
bench_cancel_submitted_29,0,terminal,11,11,8,0
bench_cancel_submitted_30,0,creation,9,9,1,0
bench_cancel_submitted_30,0,after:StudentAgent.t_SubmitEvidence,10,10,4,0
bench_cancel_submitted_30,0,after:EvidenceNet.t_LMS_Submit,10,10,4,0
bench_cancel_submitted_30,0,after:EvidenceNet.t_Review_Request,10,10,4,0
bench_cancel_submitted_30,0,after:ProfessorAgent.t_StartReview,10,10,4,0
bench_cancel_submitted_30,0,after:ProfessorAgent.t_AssessEvidence,10,10,4,0
bench_cancel_submitted_30,0,after:ProfessorAgent.t_ApproveEvidence,10,10,5,0
bench_cancel_submitted_30,0,after:UniversityAgent.t_VerifyEvidence,10,10,5,0
bench_cancel_submitted_30,0,after:UniversityAgent.t_RequestCredential,11,11,7,0
bench_cancel_submitted_30,0,after:CompetencyNet.t_Verification_Pass,11,11,7,0
bench_cancel_submitted_30,0,after:UniversityAgent.t_IssueCredential,11,11,8,0
bench_cancel_submitted_30,0,after:CompetencyNet.t_SBT_Cancel,11,11,8,0
bench_cancel_submitted_30,0,terminal,11,11,8,0
bench_cancel_waiting_01,0,creation,9,9,1,0
bench_cancel_waiting_01,0,after:StudentAgent.t_SubmitEvidence,10,10,4,0
bench_cancel_waiting_01,0,after:EvidenceNet.t_LMS_Submit,10,10,4,0
bench_cancel_waiting_01,0,after:EvidenceNet.t_Review_Request,10,10,4,0
bench_cancel_waiting_01,0,after:ProfessorAgent.t_StartReview,10,10,4,0
bench_cancel_waiting_01,0,after:ProfessorAgent.t_AssessEvidence,10,10,4,0
bench_cancel_waiting_01,0,after:ProfessorAgent.t_ApproveEvidence,10,10,5,0
bench_cancel_waiting_01,0,after:UniversityAgent.t_VerifyEvidence,10,10,5,0
bench_cancel_waiting_01,0,after:UniversityAgent.t_RequestCredential,11,11,7,0
bench_cancel_waiting_01,0,after:CompetencyNet.t_Verification_Pass,11,11,7,0
bench_cancel_waiting_01,0,after:UniversityAgent.t_IssueCredential,11,11,8,0
bench_cancel_waiting_01,0,after:StudentAgent.t_WaitCredential,11,11,8,0
bench_cancel_waiting_01,0,after:CompetencyNet.t_SBT_Cancel,11,11,8,0
bench_cancel_waiting_01,0,terminal,11,11,8,0
bench_cancel_waiting_02,0,creation,9,9,1,0
bench_cancel_waiting_02,0,after:StudentAgent.t_SubmitEvidence,10,10,4,0
bench_cancel_waiting_02,0,after:EvidenceNet.t_LMS_Submit,10,10,4,0
bench_cancel_waiting_02,0,after:EvidenceNet.t_Review_Request,10,10,4,0
bench_cancel_waiting_02,0,after:ProfessorAgent.t_StartReview,10,10,4,0
bench_cancel_waiting_02,0,after:ProfessorAgent.t_AssessEvidence,10,10,4,0
bench_cancel_waiting_02,0,after:ProfessorAgent.t_ApproveEvidence,10,10,5,0
bench_cancel_waiting_02,0,after:UniversityAgent.t_VerifyEvidence,10,10,5,0
bench_cancel_waiting_02,0,after:UniversityAgent.t_RequestCredential,11,11,7,0
bench_cancel_waiting_02,0,after:CompetencyNet.t_Verification_Pass,11,11,7,0
bench_cancel_waiting_02,0,after:UniversityAgent.t_IssueCredential,11,11,8,0
bench_cancel_waiting_02,0,after:StudentAgent.t_WaitCredential,11,11,8,0
bench_cancel_waiting_02,0,after:CompetencyNet.t_SBT_Cancel,11,11,8,0
bench_cancel_waiting_02,0,terminal,11,11,8,0
bench_cancel_waiting_03,0,creation,9,9,1,0
bench_cancel_waiting_03,0,after:StudentAgent.t_SubmitEvidence,10,10,4,0
bench_cancel_waiting_03,0,after:EvidenceNet.t_LMS_Submit,10,10,4,0
bench_cancel_waiting_03,0,after:EvidenceNet.t_Review_Request,10,10,4,0
bench_cancel_waiting_03,0,after:ProfessorAgent.t_StartReview,10,10,4,0
bench_cancel_waiting_03,0,after:ProfessorAgent.t_AssessEvidence,10,10,4,0
bench_cancel_waiting_03,0,after:ProfessorAgent.t_ApproveEvidence,10,10,5,0
bench_cancel_waiting_03,0,after:UniversityAgent.t_VerifyEvidence,10,10,5,0
bench_cancel_waiting_03,0,after:UniversityAgent.t_RequestCredential,11,11,7,0
bench_cancel_waiting_03,0,after:CompetencyNet.t_Verification_Pass,11,11,7,0
bench_cancel_waiting_03,0,after:UniversityAgent.t_IssueCredential,11,11,8,0
bench_cancel_waiting_03,0,after:StudentAgent.t_WaitCredential,11,11,8,0
bench_cancel_waiting_03,0,after:CompetencyNet.t_SBT_Cancel,11,11,8,0
bench_cancel_waiting_03,0,terminal,11,11,8,0
bench_cancel_waiting_04,0,creation,9,9,1,0
bench_cancel_waiting_04,0,after:StudentAgent.t_SubmitEvidence,10,10,4,0
bench_cancel_waiting_04,0,after:EvidenceNet.t_LMS_Submit,10,10,4,0
bench_cancel_waiting_04,0,after:EvidenceNet.t_Review_Request,10,10,4,0
bench_cancel_waiting_04,0,after:ProfessorAgent.t_StartReview,10,10,4,0
bench_cancel_waiting_04,0,after:ProfessorAgent.t_AssessEvidence,10,10,4,0
bench_cancel_waiting_04,0,after:ProfessorAgent.t_ApproveEvidence,10,10,5,0
bench_cancel_waiting_04,0,after:UniversityAgent.t_VerifyEvidence,10,10,5,0
bench_cancel_waiting_04,0,after:UniversityAgent.t_RequestCredential,11,11,7,0
bench_cancel_waiting_04,0,after:CompetencyNet.t_Verification_Pass,11,11,7,0
bench_cancel_waiting_04,0,after:UniversityAgent.t_IssueCredential,11,11,8,0
bench_cancel_waiting_04,0,after:StudentAgent.t_WaitCredential,11,11,8,0
bench_cancel_waiting_04,0,after:CompetencyNet.t_SBT_Cancel,11,11,8,0
bench_cancel_waiting_04,0,terminal,11,11,8,0
bench_cancel_waiting_05,0,creation,9,9,1,0
bench_cancel_waiting_05,0,after:StudentAgent.t_SubmitEvidence,10,10,4,0
bench_cancel_waiting_05,0,after:EvidenceNet.t_LMS_Submit,10,10,4,0
bench_cancel_waiting_05,0,after:EvidenceNet.t_Review_Request,10,10,4,0
bench_cancel_waiting_05,0,after:ProfessorAgent.t_StartReview,10,10,4,0
bench_cancel_waiting_05,0,after:ProfessorAgent.t_AssessEvidence,10,10,4,0
bench_cancel_waiting_05,0,after:ProfessorAgent.t_ApproveEvidence,10,10,5,0
bench_cancel_waiting_05,0,after:UniversityAgent.t_VerifyEvidence,10,10,5,0
bench_cancel_waiting_05,0,after:UniversityAgent.t_RequestCredential,11,11,7,0
bench_cancel_waiting_05,0,after:CompetencyNet.t_Verification_Pass,11,11,7,0
bench_cancel_waiting_05,0,after:UniversityAgent.t_IssueCredential,11,11,8,0
bench_cancel_waiting_05,0,after:StudentAgent.t_WaitCredential,11,11,8,0
bench_cancel_waiting_05,0,after:CompetencyNet.t_SBT_Cancel,11,11,8,0
bench_cancel_waiting_05,0,terminal,11,11,8,0
bench_cancel_waiting_06,0,creation,9,9,1,0
bench_cancel_waiting_06,0,after:StudentAgent.t_SubmitEvidence,10,10,4,0
bench_cancel_waiting_06,0,after:EvidenceNet.t_LMS_Submit,10,10,4,0
bench_cancel_waiting_06,0,after:EvidenceNet.t_Review_Request,10,10,4,0
bench_cancel_waiting_06,0,after:ProfessorAgent.t_StartReview,10,10,4,0
bench_cancel_waiting_06,0,after:ProfessorAgent.t_AssessEvidence,10,10,4,0
bench_cancel_waiting_06,0,after:ProfessorAgent.t_ApproveEvidence,10,10,5,0
bench_cancel_waiting_06,0,after:UniversityAgent.t_VerifyEvidence,10,10,5,0
bench_cancel_waiting_06,0,after:UniversityAgent.t_RequestCredential,11,11,7,0
bench_cancel_waiting_06,0,after:CompetencyNet.t_Verification_Pass,11,11,7,0
bench_cancel_waiting_06,0,after:UniversityAgent.t_IssueCredential,11,11,8,0
bench_cancel_waiting_06,0,after:StudentAgent.t_WaitCredential,11,11,8,0
bench_cancel_waiting_06,0,after:CompetencyNet.t_SBT_Cancel,11,11,8,0
bench_cancel_waiting_06,0,terminal,11,11,8,0
bench_cancel_waiting_07,0,creation,9,9,1,0
bench_cancel_waiting_07,0,after:StudentAgent.t_SubmitEvidence,10,10,4,0
bench_cancel_waiting_07,0,after:EvidenceNet.t_LMS_Submit,10,10,4,0
bench_cancel_waiting_07,0,after:EvidenceNet.t_Review_Request,10,10,4,0
bench_cancel_waiting_07,0,after:ProfessorAgent.t_StartReview,10,10,4,0
bench_cancel_waiting_07,0,after:ProfessorAgent.t_AssessEvidence,10,10,4,0
bench_cancel_waiting_07,0,after:ProfessorAgent.t_ApproveEvidence,10,10,5,0
bench_cancel_waiting_07,0,after:UniversityAgent.t_VerifyEvidence,10,10,5,0
bench_cancel_waiting_07,0,after:UniversityAgent.t_RequestCredential,11,11,7,0
bench_cancel_waiting_07,0,after:CompetencyNet.t_Verification_Pass,11,11,7,0
bench_cancel_waiting_07,0,after:UniversityAgent.t_IssueCredential,11,11,8,0
bench_cancel_waiting_07,0,after:StudentAgent.t_WaitCredential,11,11,8,0
bench_cancel_waiting_07,0,after:CompetencyNet.t_SBT_Cancel,11,11,8,0
bench_cancel_waiting_07,0,terminal,11,11,8,0
bench_cancel_waiting_08,0,creation,9,9,1,0
bench_cancel_waiting_08,0,after:StudentAgent.t_SubmitEvidence,10,10,4,0
bench_cancel_waiting_08,0,after:EvidenceNet.t_LMS_Submit,10,10,4,0
bench_cancel_waiting_08,0,after:EvidenceNet.t_Review_Request,10,10,4,0
bench_cancel_waiting_08,0,after:ProfessorAgent.t_StartReview,10,10,4,0
bench_cancel_waiting_08,0,after:ProfessorAgent.t_AssessEvidence,10,10,4,0
bench_cancel_waiting_08,0,after:ProfessorAgent.t_ApproveEvidence,10,10,5,0
bench_cancel_waiting_08,0,after:UniversityAgent.t_VerifyEvidence,10,10,5,0
bench_cancel_waiting_08,0,after:UniversityAgent.t_RequestCredential,11,11,7,0
bench_cancel_waiting_08,0,after:CompetencyNet.t_Verification_Pass,11,11,7,0
bench_cancel_waiting_08,0,after:UniversityAgent.t_IssueCredential,11,11,8,0
bench_cancel_waiting_08,0,after:StudentAgent.t_WaitCredential,11,11,8,0
bench_cancel_waiting_08,0,after:CompetencyNet.t_SBT_Cancel,11,11,8,0
bench_cancel_waiting_08,0,terminal,11,11,8,0
bench_cancel_waiting_09,0,creation,9,9,1,0
bench_cancel_waiting_09,0,after:StudentAgent.t_SubmitEvidence,10,10,4,0
bench_cancel_waiting_09,0,after:EvidenceNet.t_LMS_Submit,10,10,4,0
bench_cancel_waiting_09,0,after:EvidenceNet.t_Review_Request,10,10,4,0
bench_cancel_waiting_09,0,after:ProfessorAgent.t_StartReview,10,10,4,0
bench_cancel_waiting_09,0,after:ProfessorAgent.t_AssessEvidence,10,10,4,0
bench_cancel_waiting_09,0,after:ProfessorAgent.t_ApproveEvidence,10,10,5,0
bench_cancel_waiting_09,0,after:UniversityAgent.t_VerifyEvidence,10,10,5,0
bench_cancel_waiting_09,0,after:UniversityAgent.t_RequestCredential,11,11,7,0
bench_cancel_waiting_09,0,after:CompetencyNet.t_Verification_Pass,11,11,7,0
bench_cancel_waiting_09,0,after:UniversityAgent.t_IssueCredential,11,11,8,0
bench_cancel_waiting_09,0,after:StudentAgent.t_WaitCredential,11,11,8,0
bench_cancel_waiting_09,0,after:CompetencyNet.t_SBT_Cancel,11,11,8,0
bench_cancel_waiting_09,0,terminal,11,11,8,0
bench_cancel_waiting_10,0,creation,9,9,1,0
bench_cancel_waiting_10,0,after:StudentAgent.t_SubmitEvidence,10,10,4,0
bench_cancel_waiting_10,0,after:EvidenceNet.t_LMS_Submit,10,10,4,0
bench_cancel_waiting_10,0,after:EvidenceNet.t_Review_Request,10,10,4,0
bench_cancel_waiting_10,0,after:ProfessorAgent.t_StartReview,10,10,4,0
bench_cancel_waiting_10,0,after:ProfessorAgent.t_AssessEvidence,10,10,4,0
bench_cancel_waiting_10,0,after:ProfessorAgent.t_ApproveEvidence,10,10,5,0
bench_cancel_waiting_10,0,after:UniversityAgent.t_VerifyEvidence,10,10,5,0
bench_cancel_waiting_10,0,after:UniversityAgent.t_RequestCredential,11,11,7,0
bench_cancel_waiting_10,0,after:CompetencyNet.t_Verification_Pass,11,11,7,0
bench_cancel_waiting_10,0,after:UniversityAgent.t_IssueCredential,11,11,8,0
bench_cancel_waiting_10,0,after:StudentAgent.t_WaitCredential,11,11,8,0
bench_cancel_waiting_10,0,after:CompetencyNet.t_SBT_Cancel,11,11,8,0
bench_cancel_waiting_10,0,terminal,11,11,8,0
bench_cancel_waiting_11,0,creation,9,9,1,0
bench_cancel_waiting_11,0,after:StudentAgent.t_SubmitEvidence,10,10,4,0
bench_cancel_waiting_11,0,after:EvidenceNet.t_LMS_Submit,10,10,4,0
bench_cancel_waiting_11,0,after:EvidenceNet.t_Review_Request,10,10,4,0
bench_cancel_waiting_11,0,after:ProfessorAgent.t_StartReview,10,10,4,0
bench_cancel_waiting_11,0,after:ProfessorAgent.t_AssessEvidence,10,10,4,0
bench_cancel_waiting_11,0,after:ProfessorAgent.t_ApproveEvidence,10,10,5,0
bench_cancel_waiting_11,0,after:UniversityAgent.t_VerifyEvidence,10,10,5,0
bench_cancel_waiting_11,0,after:UniversityAgent.t_RequestCredential,11,11,7,0
bench_cancel_waiting_11,0,after:CompetencyNet.t_Verification_Pass,11,11,7,0
bench_cancel_waiting_11,0,after:UniversityAgent.t_IssueCredential,11,11,8,0
bench_cancel_waiting_11,0,after:StudentAgent.t_WaitCredential,11,11,8,0
bench_cancel_waiting_11,0,after:CompetencyNet.t_SBT_Cancel,11,11,8,0
bench_cancel_waiting_11,0,terminal,11,11,8,0
bench_cancel_waiting_12,0,creation,9,9,1,0
bench_cancel_waiting_12,0,after:StudentAgent.t_SubmitEvidence,10,10,4,0
bench_cancel_waiting_12,0,after:EvidenceNet.t_LMS_Submit,10,10,4,0
bench_cancel_waiting_12,0,after:EvidenceNet.t_Review_Request,10,10,4,0
bench_cancel_waiting_12,0,after:ProfessorAgent.t_StartReview,10,10,4,0
bench_cancel_waiting_12,0,after:ProfessorAgent.t_AssessEvidence,10,10,4,0
bench_cancel_waiting_12,0,after:ProfessorAgent.t_ApproveEvidence,10,10,5,0
bench_cancel_waiting_12,0,after:UniversityAgent.t_VerifyEvidence,10,10,5,0
bench_cancel_waiting_12,0,after:UniversityAgent.t_RequestCredential,11,11,7,0
bench_cancel_waiting_12,0,after:CompetencyNet.t_Verification_Pass,11,11,7,0
bench_cancel_waiting_12,0,after:UniversityAgent.t_IssueCredential,11,11,8,0
bench_cancel_waiting_12,0,after:StudentAgent.t_WaitCredential,11,11,8,0
bench_cancel_waiting_12,0,after:CompetencyNet.t_SBT_Cancel,11,11,8,0
bench_cancel_waiting_12,0,terminal,11,11,8,0
bench_cancel_waiting_13,0,creation,9,9,1,0
bench_cancel_waiting_13,0,after:StudentAgent.t_SubmitEvidence,10,10,4,0
bench_cancel_waiting_13,0,after:EvidenceNet.t_LMS_Submit,10,10,4,0
bench_cancel_waiting_13,0,after:EvidenceNet.t_Review_Request,10,10,4,0
bench_cancel_waiting_13,0,after:ProfessorAgent.t_StartReview,10,10,4,0
bench_cancel_waiting_13,0,after:ProfessorAgent.t_AssessEvidence,10,10,4,0
bench_cancel_waiting_13,0,after:ProfessorAgent.t_ApproveEvidence,10,10,5,0
bench_cancel_waiting_13,0,after:UniversityAgent.t_VerifyEvidence,10,10,5,0
bench_cancel_waiting_13,0,after:UniversityAgent.t_RequestCredential,11,11,7,0
bench_cancel_waiting_13,0,after:CompetencyNet.t_Verification_Pass,11,11,7,0
bench_cancel_waiting_13,0,after:UniversityAgent.t_IssueCredential,11,11,8,0
bench_cancel_waiting_13,0,after:StudentAgent.t_WaitCredential,11,11,8,0
bench_cancel_waiting_13,0,after:CompetencyNet.t_SBT_Cancel,11,11,8,0
bench_cancel_waiting_13,0,terminal,11,11,8,0
bench_cancel_waiting_14,0,creation,9,9,1,0
bench_cancel_waiting_14,0,after:StudentAgent.t_SubmitEvidence,10,10,4,0
bench_cancel_waiting_14,0,after:EvidenceNet.t_LMS_Submit,10,10,4,0
bench_cancel_waiting_14,0,after:EvidenceNet.t_Review_Request,10,10,4,0
bench_cancel_waiting_14,0,after:ProfessorAgent.t_StartReview,10,10,4,0
bench_cancel_waiting_14,0,after:ProfessorAgent.t_AssessEvidence,10,10,4,0
bench_cancel_waiting_14,0,after:ProfessorAgent.t_ApproveEvidence,10,10,5,0
bench_cancel_waiting_14,0,after:UniversityAgent.t_VerifyEvidence,10,10,5,0
bench_cancel_waiting_14,0,after:UniversityAgent.t_RequestCredential,11,11,7,0
bench_cancel_waiting_14,0,after:CompetencyNet.t_Verification_Pass,11,11,7,0
bench_cancel_waiting_14,0,after:UniversityAgent.t_IssueCredential,11,11,8,0
bench_cancel_waiting_14,0,after:StudentAgent.t_WaitCredential,11,11,8,0
bench_cancel_waiting_14,0,after:CompetencyNet.t_SBT_Cancel,11,11,8,0
bench_cancel_waiting_14,0,terminal,11,11,8,0
bench_cancel_waiting_15,0,creation,9,9,1,0
bench_cancel_waiting_15,0,after:StudentAgent.t_SubmitEvidence,10,10,4,0
bench_cancel_waiting_15,0,after:EvidenceNet.t_LMS_Submit,10,10,4,0
bench_cancel_waiting_15,0,after:EvidenceNet.t_Review_Request,10,10,4,0
bench_cancel_waiting_15,0,after:ProfessorAgent.t_StartReview,10,10,4,0
bench_cancel_waiting_15,0,after:ProfessorAgent.t_AssessEvidence,10,10,4,0
bench_cancel_waiting_15,0,after:ProfessorAgent.t_ApproveEvidence,10,10,5,0
bench_cancel_waiting_15,0,after:UniversityAgent.t_VerifyEvidence,10,10,5,0
bench_cancel_waiting_15,0,after:UniversityAgent.t_RequestCredential,11,11,7,0
bench_cancel_waiting_15,0,after:CompetencyNet.t_Verification_Pass,11,11,7,0
bench_cancel_waiting_15,0,after:UniversityAgent.t_IssueCredential,11,11,8,0
bench_cancel_waiting_15,0,after:StudentAgent.t_WaitCredential,11,11,8,0
bench_cancel_waiting_15,0,after:CompetencyNet.t_SBT_Cancel,11,11,8,0
bench_cancel_waiting_15,0,terminal,11,11,8,0
bench_cancel_waiting_16,0,creation,9,9,1,0
bench_cancel_waiting_16,0,after:StudentAgent.t_SubmitEvidence,10,10,4,0
bench_cancel_waiting_16,0,after:EvidenceNet.t_LMS_Submit,10,10,4,0
bench_cancel_waiting_16,0,after:EvidenceNet.t_Review_Request,10,10,4,0
bench_cancel_waiting_16,0,after:ProfessorAgent.t_StartReview,10,10,4,0
bench_cancel_waiting_16,0,after:ProfessorAgent.t_AssessEvidence,10,10,4,0
bench_cancel_waiting_16,0,after:ProfessorAgent.t_ApproveEvidence,10,10,5,0
bench_cancel_waiting_16,0,after:UniversityAgent.t_VerifyEvidence,10,10,5,0
bench_cancel_waiting_16,0,after:UniversityAgent.t_RequestCredential,11,11,7,0
bench_cancel_waiting_16,0,after:CompetencyNet.t_Verification_Pass,11,11,7,0
bench_cancel_waiting_16,0,after:UniversityAgent.t_IssueCredential,11,11,8,0
bench_cancel_waiting_16,0,after:StudentAgent.t_WaitCredential,11,11,8,0
bench_cancel_waiting_16,0,after:CompetencyNet.t_SBT_Cancel,11,11,8,0
bench_cancel_waiting_16,0,terminal,11,11,8,0
bench_cancel_waiting_17,0,creation,9,9,1,0
bench_cancel_waiting_17,0,after:StudentAgent.t_SubmitEvidence,10,10,4,0
bench_cancel_waiting_17,0,after:EvidenceNet.t_LMS_Submit,10,10,4,0
bench_cancel_waiting_17,0,after:EvidenceNet.t_Review_Request,10,10,4,0
bench_cancel_waiting_17,0,after:ProfessorAgent.t_StartReview,10,10,4,0
bench_cancel_waiting_17,0,after:ProfessorAgent.t_AssessEvidence,10,10,4,0
bench_cancel_waiting_17,0,after:ProfessorAgent.t_ApproveEvidence,10,10,5,0
bench_cancel_waiting_17,0,after:UniversityAgent.t_VerifyEvidence,10,10,5,0
bench_cancel_waiting_17,0,after:UniversityAgent.t_RequestCredential,11,11,7,0
bench_cancel_waiting_17,0,after:CompetencyNet.t_Verification_Pass,11,11,7,0
bench_cancel_waiting_17,0,after:UniversityAgent.t_IssueCredential,11,11,8,0
bench_cancel_waiting_17,0,after:StudentAgent.t_WaitCredential,11,11,8,0
bench_cancel_waiting_17,0,after:CompetencyNet.t_SBT_Cancel,11,11,8,0
bench_cancel_waiting_17,0,terminal,11,11,8,0
bench_cancel_waiting_18,0,creation,9,9,1,0
bench_cancel_waiting_18,0,after:StudentAgent.t_SubmitEvidence,10,10,4,0
bench_cancel_waiting_18,0,after:EvidenceNet.t_LMS_Submit,10,10,4,0
bench_cancel_waiting_18,0,after:EvidenceNet.t_Review_Request,10,10,4,0
bench_cancel_waiting_18,0,after:ProfessorAgent.t_StartReview,10,10,4,0
bench_cancel_waiting_18,0,after:ProfessorAgent.t_AssessEvidence,10,10,4,0
bench_cancel_waiting_18,0,after:ProfessorAgent.t_ApproveEvidence,10,10,5,0
bench_cancel_waiting_18,0,after:UniversityAgent.t_VerifyEvidence,10,10,5,0
bench_cancel_waiting_18,0,after:UniversityAgent.t_RequestCredential,11,11,7,0
bench_cancel_waiting_18,0,after:CompetencyNet.t_Verification_Pass,11,11,7,0
bench_cancel_waiting_18,0,after:UniversityAgent.t_IssueCredential,11,11,8,0
bench_cancel_waiting_18,0,after:StudentAgent.t_WaitCredential,11,11,8,0
bench_cancel_waiting_18,0,after:CompetencyNet.t_SBT_Cancel,11,11,8,0
bench_cancel_waiting_18,0,terminal,11,11,8,0
bench_cancel_waiting_19,0,creation,9,9,1,0
bench_cancel_waiting_19,0,after:StudentAgent.t_SubmitEvidence,10,10,4,0
bench_cancel_waiting_19,0,after:EvidenceNet.t_LMS_Submit,10,10,4,0
bench_cancel_waiting_19,0,after:EvidenceNet.t_Review_Request,10,10,4,0
bench_cancel_waiting_19,0,after:ProfessorAgent.t_StartReview,10,10,4,0
bench_cancel_waiting_19,0,after:ProfessorAgent.t_AssessEvidence,10,10,4,0
bench_cancel_waiting_19,0,after:ProfessorAgent.t_ApproveEvidence,10,10,5,0
bench_cancel_waiting_19,0,after:UniversityAgent.t_VerifyEvidence,10,10,5,0
bench_cancel_waiting_19,0,after:UniversityAgent.t_RequestCredential,11,11,7,0
bench_cancel_waiting_19,0,after:CompetencyNet.t_Verification_Pass,11,11,7,0
bench_cancel_waiting_19,0,after:UniversityAgent.t_IssueCredential,11,11,8,0
bench_cancel_waiting_19,0,after:StudentAgent.t_WaitCredential,11,11,8,0
bench_cancel_waiting_19,0,after:CompetencyNet.t_SBT_Cancel,11,11,8,0
bench_cancel_waiting_19,0,terminal,11,11,8,0
bench_cancel_waiting_20,0,creation,9,9,1,0
bench_cancel_waiting_20,0,after:StudentAgent.t_SubmitEvidence,10,10,4,0
bench_cancel_waiting_20,0,after:EvidenceNet.t_LMS_Submit,10,10,4,0
bench_cancel_waiting_20,0,after:EvidenceNet.t_Review_Request,10,10,4,0
bench_cancel_waiting_20,0,after:ProfessorAgent.t_StartReview,10,10,4,0
bench_cancel_waiting_20,0,after:ProfessorAgent.t_AssessEvidence,10,10,4,0
bench_cancel_waiting_20,0,after:ProfessorAgent.t_ApproveEvidence,10,10,5,0
bench_cancel_waiting_20,0,after:UniversityAgent.t_VerifyEvidence,10,10,5,0
bench_cancel_waiting_20,0,after:UniversityAgent.t_RequestCredential,11,11,7,0
bench_cancel_waiting_20,0,after:CompetencyNet.t_Verification_Pass,11,11,7,0
bench_cancel_waiting_20,0,after:UniversityAgent.t_IssueCredential,11,11,8,0
bench_cancel_waiting_20,0,after:StudentAgent.t_WaitCredential,11,11,8,0
bench_cancel_waiting_20,0,after:CompetencyNet.t_SBT_Cancel,11,11,8,0
bench_cancel_waiting_20,0,terminal,11,11,8,0
bench_cancel_waiting_21,0,creation,9,9,1,0
bench_cancel_waiting_21,0,after:StudentAgent.t_SubmitEvidence,10,10,4,0
bench_cancel_waiting_21,0,after:EvidenceNet.t_LMS_Submit,10,10,4,0
bench_cancel_waiting_21,0,after:EvidenceNet.t_Review_Request,10,10,4,0
bench_cancel_waiting_21,0,after:ProfessorAgent.t_StartReview,10,10,4,0
bench_cancel_waiting_21,0,after:ProfessorAgent.t_AssessEvidence,10,10,4,0
bench_cancel_waiting_21,0,after:ProfessorAgent.t_ApproveEvidence,10,10,5,0
bench_cancel_waiting_21,0,after:UniversityAgent.t_VerifyEvidence,10,10,5,0
bench_cancel_waiting_21,0,after:UniversityAgent.t_RequestCredential,11,11,7,0
bench_cancel_waiting_21,0,after:CompetencyNet.t_Verification_Pass,11,11,7,0
bench_cancel_waiting_21,0,after:UniversityAgent.t_IssueCredential,11,11,8,0
bench_cancel_waiting_21,0,after:StudentAgent.t_WaitCredential,11,11,8,0
bench_cancel_waiting_21,0,after:CompetencyNet.t_SBT_Cancel,11,11,8,0
bench_cancel_waiting_21,0,terminal,11,11,8,0
bench_cancel_waiting_22,0,creation,9,9,1,0
bench_cancel_waiting_22,0,after:StudentAgent.t_SubmitEvidence,10,10,4,0
bench_cancel_waiting_22,0,after:EvidenceNet.t_LMS_Submit,10,10,4,0
bench_cancel_waiting_22,0,after:EvidenceNet.t_Review_Request,10,10,4,0
bench_cancel_waiting_22,0,after:ProfessorAgent.t_StartReview,10,10,4,0
bench_cancel_waiting_22,0,after:ProfessorAgent.t_AssessEvidence,10,10,4,0
bench_cancel_waiting_22,0,after:ProfessorAgent.t_ApproveEvidence,10,10,5,0
bench_cancel_waiting_22,0,after:UniversityAgent.t_VerifyEvidence,10,10,5,0
bench_cancel_waiting_22,0,after:UniversityAgent.t_RequestCredential,11,11,7,0
bench_cancel_waiting_22,0,after:CompetencyNet.t_Verification_Pass,11,11,7,0
bench_cancel_waiting_22,0,after:UniversityAgent.t_IssueCredential,11,11,8,0
bench_cancel_waiting_22,0,after:StudentAgent.t_WaitCredential,11,11,8,0
bench_cancel_waiting_22,0,after:CompetencyNet.t_SBT_Cancel,11,11,8,0
bench_cancel_waiting_22,0,terminal,11,11,8,0
bench_cancel_waiting_23,0,creation,9,9,1,0
bench_cancel_waiting_23,0,after:StudentAgent.t_SubmitEvidence,10,10,4,0
bench_cancel_waiting_23,0,after:EvidenceNet.t_LMS_Submit,10,10,4,0
bench_cancel_waiting_23,0,after:EvidenceNet.t_Review_Request,10,10,4,0
bench_cancel_waiting_23,0,after:ProfessorAgent.t_StartReview,10,10,4,0
bench_cancel_waiting_23,0,after:ProfessorAgent.t_AssessEvidence,10,10,4,0
bench_cancel_waiting_23,0,after:ProfessorAgent.t_ApproveEvidence,10,10,5,0
bench_cancel_waiting_23,0,after:UniversityAgent.t_VerifyEvidence,10,10,5,0
bench_cancel_waiting_23,0,after:UniversityAgent.t_RequestCredential,11,11,7,0
bench_cancel_waiting_23,0,after:CompetencyNet.t_Verification_Pass,11,11,7,0
bench_cancel_waiting_23,0,after:UniversityAgent.t_IssueCredential,11,11,8,0
bench_cancel_waiting_23,0,after:StudentAgent.t_WaitCredential,11,11,8,0
bench_cancel_waiting_23,0,after:CompetencyNet.t_SBT_Cancel,11,11,8,0
bench_cancel_waiting_23,0,terminal,11,11,8,0
bench_cancel_waiting_24,0,creation,9,9,1,0
bench_cancel_waiting_24,0,after:StudentAgent.t_SubmitEvidence,10,10,4,0
bench_cancel_waiting_24,0,after:EvidenceNet.t_LMS_Submit,10,10,4,0
bench_cancel_waiting_24,0,after:EvidenceNet.t_Review_Request,10,10,4,0
bench_cancel_waiting_24,0,after:ProfessorAgent.t_StartReview,10,10,4,0
bench_cancel_waiting_24,0,after:ProfessorAgent.t_AssessEvidence,10,10,4,0
bench_cancel_waiting_24,0,after:ProfessorAgent.t_ApproveEvidence,10,10,5,0
bench_cancel_waiting_24,0,after:UniversityAgent.t_VerifyEvidence,10,10,5,0
bench_cancel_waiting_24,0,after:UniversityAgent.t_RequestCredential,11,11,7,0
bench_cancel_waiting_24,0,after:CompetencyNet.t_Verification_Pass,11,11,7,0
bench_cancel_waiting_24,0,after:UniversityAgent.t_IssueCredential,11,11,8,0
bench_cancel_waiting_24,0,after:StudentAgent.t_WaitCredential,11,11,8,0
bench_cancel_waiting_24,0,after:CompetencyNet.t_SBT_Cancel,11,11,8,0
bench_cancel_waiting_24,0,terminal,11,11,8,0
bench_cancel_waiting_25,0,creation,9,9,1,0
bench_cancel_waiting_25,0,after:StudentAgent.t_SubmitEvidence,10,10,4,0
bench_cancel_waiting_25,0,after:EvidenceNet.t_LMS_Submit,10,10,4,0
bench_cancel_waiting_25,0,after:EvidenceNet.t_Review_Request,10,10,4,0
bench_cancel_waiting_25,0,after:ProfessorAgent.t_StartReview,10,10,4,0
bench_cancel_waiting_25,0,after:ProfessorAgent.t_AssessEvidence,10,10,4,0
bench_cancel_waiting_25,0,after:ProfessorAgent.t_ApproveEvidence,10,10,5,0
bench_cancel_waiting_25,0,after:UniversityAgent.t_VerifyEvidence,10,10,5,0
bench_cancel_waiting_25,0,after:UniversityAgent.t_RequestCredential,11,11,7,0
bench_cancel_waiting_25,0,after:CompetencyNet.t_Verification_Pass,11,11,7,0
bench_cancel_waiting_25,0,after:UniversityAgent.t_IssueCredential,11,11,8,0
bench_cancel_waiting_25,0,after:StudentAgent.t_WaitCredential,11,11,8,0
bench_cancel_waiting_25,0,after:CompetencyNet.t_SBT_Cancel,11,11,8,0
bench_cancel_waiting_25,0,terminal,11,11,8,0
bench_cancel_waiting_26,0,creation,9,9,1,0
bench_cancel_waiting_26,0,after:StudentAgent.t_SubmitEvidence,10,10,4,0
bench_cancel_waiting_26,0,after:EvidenceNet.t_LMS_Submit,10,10,4,0
bench_cancel_waiting_26,0,after:EvidenceNet.t_Review_Request,10,10,4,0
bench_cancel_waiting_26,0,after:ProfessorAgent.t_StartReview,10,10,4,0
bench_cancel_waiting_26,0,after:ProfessorAgent.t_AssessEvidence,10,10,4,0
bench_cancel_waiting_26,0,after:ProfessorAgent.t_ApproveEvidence,10,10,5,0
bench_cancel_waiting_26,0,after:UniversityAgent.t_VerifyEvidence,10,10,5,0
bench_cancel_waiting_26,0,after:UniversityAgent.t_RequestCredential,11,11,7,0
bench_cancel_waiting_26,0,after:CompetencyNet.t_Verification_Pass,11,11,7,0
bench_cancel_waiting_26,0,after:UniversityAgent.t_IssueCredential,11,11,8,0
bench_cancel_waiting_26,0,after:StudentAgent.t_WaitCredential,11,11,8,0
bench_cancel_waiting_26,0,after:CompetencyNet.t_SBT_Cancel,11,11,8,0
bench_cancel_waiting_26,0,terminal,11,11,8,0
bench_cancel_waiting_27,0,creation,9,9,1,0
bench_cancel_waiting_27,0,after:StudentAgent.t_SubmitEvidence,10,10,4,0
bench_cancel_waiting_27,0,after:EvidenceNet.t_LMS_Submit,10,10,4,0
bench_cancel_waiting_27,0,after:EvidenceNet.t_Review_Request,10,10,4,0
bench_cancel_waiting_27,0,after:ProfessorAgent.t_StartReview,10,10,4,0
bench_cancel_waiting_27,0,after:ProfessorAgent.t_AssessEvidence,10,10,4,0
bench_cancel_waiting_27,0,after:ProfessorAgent.t_ApproveEvidence,10,10,5,0
bench_cancel_waiting_27,0,after:UniversityAgent.t_VerifyEvidence,10,10,5,0
bench_cancel_waiting_27,0,after:UniversityAgent.t_RequestCredential,11,11,7,0
bench_cancel_waiting_27,0,after:CompetencyNet.t_Verification_Pass,11,11,7,0
bench_cancel_waiting_27,0,after:UniversityAgent.t_IssueCredential,11,11,8,0
bench_cancel_waiting_27,0,after:StudentAgent.t_WaitCredential,11,11,8,0
bench_cancel_waiting_27,0,after:CompetencyNet.t_SBT_Cancel,11,11,8,0
bench_cancel_waiting_27,0,terminal,11,11,8,0
bench_cancel_waiting_28,0,creation,9,9,1,0
bench_cancel_waiting_28,0,after:StudentAgent.t_SubmitEvidence,10,10,4,0
bench_cancel_waiting_28,0,after:EvidenceNet.t_LMS_Submit,10,10,4,0
bench_cancel_waiting_28,0,after:EvidenceNet.t_Review_Request,10,10,4,0
bench_cancel_waiting_28,0,after:ProfessorAgent.t_StartReview,10,10,4,0
bench_cancel_waiting_28,0,after:ProfessorAgent.t_AssessEvidence,10,10,4,0
bench_cancel_waiting_28,0,after:ProfessorAgent.t_ApproveEvidence,10,10,5,0
bench_cancel_waiting_28,0,after:UniversityAgent.t_VerifyEvidence,10,10,5,0
bench_cancel_waiting_28,0,after:UniversityAgent.t_RequestCredential,11,11,7,0
bench_cancel_waiting_28,0,after:CompetencyNet.t_Verification_Pass,11,11,7,0
bench_cancel_waiting_28,0,after:UniversityAgent.t_IssueCredential,11,11,8,0
bench_cancel_waiting_28,0,after:StudentAgent.t_WaitCredential,11,11,8,0
bench_cancel_waiting_28,0,after:CompetencyNet.t_SBT_Cancel,11,11,8,0
bench_cancel_waiting_28,0,terminal,11,11,8,0
bench_cancel_waiting_29,0,creation,9,9,1,0
bench_cancel_waiting_29,0,after:StudentAgent.t_SubmitEvidence,10,10,4,0
bench_cancel_waiting_29,0,after:EvidenceNet.t_LMS_Submit,10,10,4,0
bench_cancel_waiting_29,0,after:EvidenceNet.t_Review_Request,10,10,4,0
bench_cancel_waiting_29,0,after:ProfessorAgent.t_StartReview,10,10,4,0
bench_cancel_waiting_29,0,after:ProfessorAgent.t_AssessEvidence,10,10,4,0
bench_cancel_waiting_29,0,after:ProfessorAgent.t_ApproveEvidence,10,10,5,0
bench_cancel_waiting_29,0,after:UniversityAgent.t_VerifyEvidence,10,10,5,0
bench_cancel_waiting_29,0,after:UniversityAgent.t_RequestCredential,11,11,7,0
bench_cancel_waiting_29,0,after:CompetencyNet.t_Verification_Pass,11,11,7,0
bench_cancel_waiting_29,0,after:UniversityAgent.t_IssueCredential,11,11,8,0
bench_cancel_waiting_29,0,after:StudentAgent.t_WaitCredential,11,11,8,0
bench_cancel_waiting_29,0,after:CompetencyNet.t_SBT_Cancel,11,11,8,0
bench_cancel_waiting_29,0,terminal,11,11,8,0
bench_cancel_waiting_30,0,creation,9,9,1,0
bench_cancel_waiting_30,0,after:StudentAgent.t_SubmitEvidence,10,10,4,0
bench_cancel_waiting_30,0,after:EvidenceNet.t_LMS_Submit,10,10,4,0
bench_cancel_waiting_30,0,after:EvidenceNet.t_Review_Request,10,10,4,0
bench_cancel_waiting_30,0,after:ProfessorAgent.t_StartReview,10,10,4,0
bench_cancel_waiting_30,0,after:ProfessorAgent.t_AssessEvidence,10,10,4,0
bench_cancel_waiting_30,0,after:ProfessorAgent.t_ApproveEvidence,10,10,5,0
bench_cancel_waiting_30,0,after:UniversityAgent.t_VerifyEvidence,10,10,5,0
bench_cancel_waiting_30,0,after:UniversityAgent.t_RequestCredential,11,11,7,0
bench_cancel_waiting_30,0,after:CompetencyNet.t_Verification_Pass,11,11,7,0
bench_cancel_waiting_30,0,after:UniversityAgent.t_IssueCredential,11,11,8,0
bench_cancel_waiting_30,0,after:StudentAgent.t_WaitCredential,11,11,8,0
bench_cancel_waiting_30,0,after:CompetencyNet.t_SBT_Cancel,11,11,8,0
bench_cancel_waiting_30,0,terminal,11,11,8,0
bench_expire_submitted_01,0,creation,9,9,1,0
bench_expire_submitted_01,0,after:StudentAgent.t_SubmitEvidence,10,10,4,0
bench_expire_submitted_01,0,after:EvidenceNet.t_LMS_Submit,10,10,4,0
bench_expire_submitted_01,0,after:EvidenceNet.t_Review_Request,10,10,4,0
bench_expire_submitted_01,0,after:ProfessorAgent.t_StartReview,10,10,4,0
bench_expire_submitted_01,0,after:ProfessorAgent.t_AssessEvidence,10,10,4,0
bench_expire_submitted_01,0,after:ProfessorAgent.t_ApproveEvidence,10,10,5,0
bench_expire_submitted_01,0,after:UniversityAgent.t_VerifyEvidence,10,10,5,0
bench_expire_submitted_01,0,after:UniversityAgent.t_RequestCredential,11,11,7,0
bench_expire_submitted_01,0,after:CompetencyNet.t_Verification_Pass,11,11,7,0
bench_expire_submitted_01,0,after:UniversityAgent.t_IssueCredential,11,11,8,0
bench_expire_submitted_01,0,after:CompetencyNet.t_SBT_Expire,11,11,8,0
bench_expire_submitted_01,0,terminal,11,11,8,0
bench_expire_submitted_02,0,creation,9,9,1,0
bench_expire_submitted_02,0,after:StudentAgent.t_SubmitEvidence,10,10,4,0
bench_expire_submitted_02,0,after:EvidenceNet.t_LMS_Submit,10,10,4,0
bench_expire_submitted_02,0,after:EvidenceNet.t_Review_Request,10,10,4,0
bench_expire_submitted_02,0,after:ProfessorAgent.t_StartReview,10,10,4,0
bench_expire_submitted_02,0,after:ProfessorAgent.t_AssessEvidence,10,10,4,0
bench_expire_submitted_02,0,after:ProfessorAgent.t_ApproveEvidence,10,10,5,0
bench_expire_submitted_02,0,after:UniversityAgent.t_VerifyEvidence,10,10,5,0
bench_expire_submitted_02,0,after:UniversityAgent.t_RequestCredential,11,11,7,0
bench_expire_submitted_02,0,after:CompetencyNet.t_Verification_Pass,11,11,7,0
bench_expire_submitted_02,0,after:UniversityAgent.t_IssueCredential,11,11,8,0
bench_expire_submitted_02,0,after:CompetencyNet.t_SBT_Expire,11,11,8,0
bench_expire_submitted_02,0,terminal,11,11,8,0
bench_expire_submitted_03,0,creation,9,9,1,0
bench_expire_submitted_03,0,after:StudentAgent.t_SubmitEvidence,10,10,4,0
bench_expire_submitted_03,0,after:EvidenceNet.t_LMS_Submit,10,10,4,0
bench_expire_submitted_03,0,after:EvidenceNet.t_Review_Request,10,10,4,0
bench_expire_submitted_03,0,after:ProfessorAgent.t_StartReview,10,10,4,0
bench_expire_submitted_03,0,after:ProfessorAgent.t_AssessEvidence,10,10,4,0
bench_expire_submitted_03,0,after:ProfessorAgent.t_ApproveEvidence,10,10,5,0
bench_expire_submitted_03,0,after:UniversityAgent.t_VerifyEvidence,10,10,5,0
bench_expire_submitted_03,0,after:UniversityAgent.t_RequestCredential,11,11,7,0
bench_expire_submitted_03,0,after:CompetencyNet.t_Verification_Pass,11,11,7,0
bench_expire_submitted_03,0,after:UniversityAgent.t_IssueCredential,11,11,8,0
bench_expire_submitted_03,0,after:CompetencyNet.t_SBT_Expire,11,11,8,0
bench_expire_submitted_03,0,terminal,11,11,8,0
bench_expire_submitted_04,0,creation,9,9,1,0
bench_expire_submitted_04,0,after:StudentAgent.t_SubmitEvidence,10,10,4,0
bench_expire_submitted_04,0,after:EvidenceNet.t_LMS_Submit,10,10,4,0
bench_expire_submitted_04,0,after:EvidenceNet.t_Review_Request,10,10,4,0
bench_expire_submitted_04,0,after:ProfessorAgent.t_StartReview,10,10,4,0
bench_expire_submitted_04,0,after:ProfessorAgent.t_AssessEvidence,10,10,4,0
bench_expire_submitted_04,0,after:ProfessorAgent.t_ApproveEvidence,10,10,5,0
bench_expire_submitted_04,0,after:UniversityAgent.t_VerifyEvidence,10,10,5,0
bench_expire_submitted_04,0,after:UniversityAgent.t_RequestCredential,11,11,7,0
bench_expire_submitted_04,0,after:CompetencyNet.t_Verification_Pass,11,11,7,0
bench_expire_submitted_04,0,after:UniversityAgent.t_IssueCredential,11,11,8,0
bench_expire_submitted_04,0,after:CompetencyNet.t_SBT_Expire,11,11,8,0
bench_expire_submitted_04,0,terminal,11,11,8,0
bench_expire_submitted_05,0,creation,9,9,1,0
bench_expire_submitted_05,0,after:StudentAgent.t_SubmitEvidence,10,10,4,0
bench_expire_submitted_05,0,after:EvidenceNet.t_LMS_Submit,10,10,4,0
bench_expire_submitted_05,0,after:EvidenceNet.t_Review_Request,10,10,4,0
bench_expire_submitted_05,0,after:ProfessorAgent.t_StartReview,10,10,4,0
bench_expire_submitted_05,0,after:ProfessorAgent.t_AssessEvidence,10,10,4,0
bench_expire_submitted_05,0,after:ProfessorAgent.t_ApproveEvidence,10,10,5,0
bench_expire_submitted_05,0,after:UniversityAgent.t_VerifyEvidence,10,10,5,0
bench_expire_submitted_05,0,after:UniversityAgent.t_RequestCredential,11,11,7,0
bench_expire_submitted_05,0,after:CompetencyNet.t_Verification_Pass,11,11,7,0
bench_expire_submitted_05,0,after:UniversityAgent.t_IssueCredential,11,11,8,0
bench_expire_submitted_05,0,after:CompetencyNet.t_SBT_Expire,11,11,8,0
bench_expire_submitted_05,0,terminal,11,11,8,0
bench_expire_submitted_06,0,creation,9,9,1,0
bench_expire_submitted_06,0,after:StudentAgent.t_SubmitEvidence,10,10,4,0
bench_expire_submitted_06,0,after:EvidenceNet.t_LMS_Submit,10,10,4,0
bench_expire_submitted_06,0,after:EvidenceNet.t_Review_Request,10,10,4,0
bench_expire_submitted_06,0,after:ProfessorAgent.t_StartReview,10,10,4,0
bench_expire_submitted_06,0,after:ProfessorAgent.t_AssessEvidence,10,10,4,0
bench_expire_submitted_06,0,after:ProfessorAgent.t_ApproveEvidence,10,10,5,0
bench_expire_submitted_06,0,after:UniversityAgent.t_VerifyEvidence,10,10,5,0
bench_expire_submitted_06,0,after:UniversityAgent.t_RequestCredential,11,11,7,0
bench_expire_submitted_06,0,after:CompetencyNet.t_Verification_Pass,11,11,7,0
bench_expire_submitted_06,0,after:UniversityAgent.t_IssueCredential,11,11,8,0
bench_expire_submitted_06,0,after:CompetencyNet.t_SBT_Expire,11,11,8,0
bench_expire_submitted_06,0,terminal,11,11,8,0
bench_expire_submitted_07,0,creation,9,9,1,0
bench_expire_submitted_07,0,after:StudentAgent.t_SubmitEvidence,10,10,4,0
bench_expire_submitted_07,0,after:EvidenceNet.t_LMS_Submit,10,10,4,0
bench_expire_submitted_07,0,after:EvidenceNet.t_Review_Request,10,10,4,0
bench_expire_submitted_07,0,after:ProfessorAgent.t_StartReview,10,10,4,0
bench_expire_submitted_07,0,after:ProfessorAgent.t_AssessEvidence,10,10,4,0
bench_expire_submitted_07,0,after:ProfessorAgent.t_ApproveEvidence,10,10,5,0
bench_expire_submitted_07,0,after:UniversityAgent.t_VerifyEvidence,10,10,5,0
bench_expire_submitted_07,0,after:UniversityAgent.t_RequestCredential,11,11,7,0
bench_expire_submitted_07,0,after:CompetencyNet.t_Verification_Pass,11,11,7,0
bench_expire_submitted_07,0,after:UniversityAgent.t_IssueCredential,11,11,8,0
bench_expire_submitted_07,0,after:CompetencyNet.t_SBT_Expire,11,11,8,0
bench_expire_submitted_07,0,terminal,11,11,8,0
bench_expire_submitted_08,0,creation,9,9,1,0
bench_expire_submitted_08,0,after:StudentAgent.t_SubmitEvidence,10,10,4,0
bench_expire_submitted_08,0,after:EvidenceNet.t_LMS_Submit,10,10,4,0
bench_expire_submitted_08,0,after:EvidenceNet.t_Review_Request,10,10,4,0
bench_expire_submitted_08,0,after:ProfessorAgent.t_StartReview,10,10,4,0
bench_expire_submitted_08,0,after:ProfessorAgent.t_AssessEvidence,10,10,4,0
bench_expire_submitted_08,0,after:ProfessorAgent.t_ApproveEvidence,10,10,5,0
bench_expire_submitted_08,0,after:UniversityAgent.t_VerifyEvidence,10,10,5,0
bench_expire_submitted_08,0,after:UniversityAgent.t_RequestCredential,11,11,7,0
bench_expire_submitted_08,0,after:CompetencyNet.t_Verification_Pass,11,11,7,0
bench_expire_submitted_08,0,after:UniversityAgent.t_IssueCredential,11,11,8,0
bench_expire_submitted_08,0,after:CompetencyNet.t_SBT_Expire,11,11,8,0
bench_expire_submitted_08,0,terminal,11,11,8,0
bench_expire_submitted_09,0,creation,9,9,1,0
bench_expire_submitted_09,0,after:StudentAgent.t_SubmitEvidence,10,10,4,0
bench_expire_submitted_09,0,after:EvidenceNet.t_LMS_Submit,10,10,4,0
bench_expire_submitted_09,0,after:EvidenceNet.t_Review_Request,10,10,4,0
bench_expire_submitted_09,0,after:ProfessorAgent.t_StartReview,10,10,4,0
bench_expire_submitted_09,0,after:ProfessorAgent.t_AssessEvidence,10,10,4,0
bench_expire_submitted_09,0,after:ProfessorAgent.t_ApproveEvidence,10,10,5,0
bench_expire_submitted_09,0,after:UniversityAgent.t_VerifyEvidence,10,10,5,0
bench_expire_submitted_09,0,after:UniversityAgent.t_RequestCredential,11,11,7,0
bench_expire_submitted_09,0,after:CompetencyNet.t_Verification_Pass,11,11,7,0
bench_expire_submitted_09,0,after:UniversityAgent.t_IssueCredential,11,11,8,0
bench_expire_submitted_09,0,after:CompetencyNet.t_SBT_Expire,11,11,8,0
bench_expire_submitted_09,0,terminal,11,11,8,0
bench_expire_submitted_10,0,creation,9,9,1,0
bench_expire_submitted_10,0,after:StudentAgent.t_SubmitEvidence,10,10,4,0
bench_expire_submitted_10,0,after:EvidenceNet.t_LMS_Submit,10,10,4,0
bench_expire_submitted_10,0,after:EvidenceNet.t_Review_Request,10,10,4,0
bench_expire_submitted_10,0,after:ProfessorAgent.t_StartReview,10,10,4,0
bench_expire_submitted_10,0,after:ProfessorAgent.t_AssessEvidence,10,10,4,0
bench_expire_submitted_10,0,after:ProfessorAgent.t_ApproveEvidence,10,10,5,0
bench_expire_submitted_10,0,after:UniversityAgent.t_VerifyEvidence,10,10,5,0
bench_expire_submitted_10,0,after:UniversityAgent.t_RequestCredential,11,11,7,0
bench_expire_submitted_10,0,after:CompetencyNet.t_Verification_Pass,11,11,7,0
bench_expire_submitted_10,0,after:UniversityAgent.t_IssueCredential,11,11,8,0
bench_expire_submitted_10,0,after:CompetencyNet.t_SBT_Expire,11,11,8,0
bench_expire_submitted_10,0,terminal,11,11,8,0
bench_expire_submitted_11,0,creation,9,9,1,0
bench_expire_submitted_11,0,after:StudentAgent.t_SubmitEvidence,10,10,4,0
bench_expire_submitted_11,0,after:EvidenceNet.t_LMS_Submit,10,10,4,0
bench_expire_submitted_11,0,after:EvidenceNet.t_Review_Request,10,10,4,0
bench_expire_submitted_11,0,after:ProfessorAgent.t_StartReview,10,10,4,0
bench_expire_submitted_11,0,after:ProfessorAgent.t_AssessEvidence,10,10,4,0
bench_expire_submitted_11,0,after:ProfessorAgent.t_ApproveEvidence,10,10,5,0
bench_expire_submitted_11,0,after:UniversityAgent.t_VerifyEvidence,10,10,5,0
bench_expire_submitted_11,0,after:UniversityAgent.t_RequestCredential,11,11,7,0
bench_expire_submitted_11,0,after:CompetencyNet.t_Verification_Pass,11,11,7,0
bench_expire_submitted_11,0,after:UniversityAgent.t_IssueCredential,11,11,8,0
bench_expire_submitted_11,0,after:CompetencyNet.t_SBT_Expire,11,11,8,0
bench_expire_submitted_11,0,terminal,11,11,8,0
bench_expire_submitted_12,0,creation,9,9,1,0
bench_expire_submitted_12,0,after:StudentAgent.t_SubmitEvidence,10,10,4,0
bench_expire_submitted_12,0,after:EvidenceNet.t_LMS_Submit,10,10,4,0
bench_expire_submitted_12,0,after:EvidenceNet.t_Review_Request,10,10,4,0
bench_expire_submitted_12,0,after:ProfessorAgent.t_StartReview,10,10,4,0
bench_expire_submitted_12,0,after:ProfessorAgent.t_AssessEvidence,10,10,4,0
bench_expire_submitted_12,0,after:ProfessorAgent.t_ApproveEvidence,10,10,5,0
bench_expire_submitted_12,0,after:UniversityAgent.t_VerifyEvidence,10,10,5,0
bench_expire_submitted_12,0,after:UniversityAgent.t_RequestCredential,11,11,7,0
bench_expire_submitted_12,0,after:CompetencyNet.t_Verification_Pass,11,11,7,0
bench_expire_submitted_12,0,after:UniversityAgent.t_IssueCredential,11,11,8,0
bench_expire_submitted_12,0,after:CompetencyNet.t_SBT_Expire,11,11,8,0
bench_expire_submitted_12,0,terminal,11,11,8,0
bench_expire_submitted_13,0,creation,9,9,1,0
bench_expire_submitted_13,0,after:StudentAgent.t_SubmitEvidence,10,10,4,0
bench_expire_submitted_13,0,after:EvidenceNet.t_LMS_Submit,10,10,4,0
bench_expire_submitted_13,0,after:EvidenceNet.t_Review_Request,10,10,4,0
bench_expire_submitted_13,0,after:ProfessorAgent.t_StartReview,10,10,4,0
bench_expire_submitted_13,0,after:ProfessorAgent.t_AssessEvidence,10,10,4,0
bench_expire_submitted_13,0,after:ProfessorAgent.t_ApproveEvidence,10,10,5,0
bench_expire_submitted_13,0,after:UniversityAgent.t_VerifyEvidence,10,10,5,0
bench_expire_submitted_13,0,after:UniversityAgent.t_RequestCredential,11,11,7,0
bench_expire_submitted_13,0,after:CompetencyNet.t_Verification_Pass,11,11,7,0
bench_expire_submitted_13,0,after:UniversityAgent.t_IssueCredential,11,11,8,0
bench_expire_submitted_13,0,after:CompetencyNet.t_SBT_Expire,11,11,8,0
bench_expire_submitted_13,0,terminal,11,11,8,0
bench_expire_submitted_14,0,creation,9,9,1,0
bench_expire_submitted_14,0,after:StudentAgent.t_SubmitEvidence,10,10,4,0
bench_expire_submitted_14,0,after:EvidenceNet.t_LMS_Submit,10,10,4,0
bench_expire_submitted_14,0,after:EvidenceNet.t_Review_Request,10,10,4,0
bench_expire_submitted_14,0,after:ProfessorAgent.t_StartReview,10,10,4,0
bench_expire_submitted_14,0,after:ProfessorAgent.t_AssessEvidence,10,10,4,0
bench_expire_submitted_14,0,after:ProfessorAgent.t_ApproveEvidence,10,10,5,0
bench_expire_submitted_14,0,after:UniversityAgent.t_VerifyEvidence,10,10,5,0
bench_expire_submitted_14,0,after:UniversityAgent.t_RequestCredential,11,11,7,0
bench_expire_submitted_14,0,after:CompetencyNet.t_Verification_Pass,11,11,7,0
bench_expire_submitted_14,0,after:UniversityAgent.t_IssueCredential,11,11,8,0
bench_expire_submitted_14,0,after:CompetencyNet.t_SBT_Expire,11,11,8,0
bench_expire_submitted_14,0,terminal,11,11,8,0
bench_expire_submitted_15,0,creation,9,9,1,0
bench_expire_submitted_15,0,after:StudentAgent.t_SubmitEvidence,10,10,4,0
bench_expire_submitted_15,0,after:EvidenceNet.t_LMS_Submit,10,10,4,0
bench_expire_submitted_15,0,after:EvidenceNet.t_Review_Request,10,10,4,0
bench_expire_submitted_15,0,after:ProfessorAgent.t_StartReview,10,10,4,0
bench_expire_submitted_15,0,after:ProfessorAgent.t_AssessEvidence,10,10,4,0
bench_expire_submitted_15,0,after:ProfessorAgent.t_ApproveEvidence,10,10,5,0
bench_expire_submitted_15,0,after:UniversityAgent.t_VerifyEvidence,10,10,5,0
bench_expire_submitted_15,0,after:UniversityAgent.t_RequestCredential,11,11,7,0
bench_expire_submitted_15,0,after:CompetencyNet.t_Verification_Pass,11,11,7,0
bench_expire_submitted_15,0,after:UniversityAgent.t_IssueCredential,11,11,8,0
bench_expire_submitted_15,0,after:CompetencyNet.t_SBT_Expire,11,11,8,0
bench_expire_submitted_15,0,terminal,11,11,8,0
bench_expire_submitted_16,0,creation,9,9,1,0
bench_expire_submitted_16,0,after:StudentAgent.t_SubmitEvidence,10,10,4,0
bench_expire_submitted_16,0,after:EvidenceNet.t_LMS_Submit,10,10,4,0
bench_expire_submitted_16,0,after:EvidenceNet.t_Review_Request,10,10,4,0
bench_expire_submitted_16,0,after:ProfessorAgent.t_StartReview,10,10,4,0
bench_expire_submitted_16,0,after:ProfessorAgent.t_AssessEvidence,10,10,4,0
bench_expire_submitted_16,0,after:ProfessorAgent.t_ApproveEvidence,10,10,5,0
bench_expire_submitted_16,0,after:UniversityAgent.t_VerifyEvidence,10,10,5,0
bench_expire_submitted_16,0,after:UniversityAgent.t_RequestCredential,11,11,7,0
bench_expire_submitted_16,0,after:CompetencyNet.t_Verification_Pass,11,11,7,0
bench_expire_submitted_16,0,after:UniversityAgent.t_IssueCredential,11,11,8,0
bench_expire_submitted_16,0,after:CompetencyNet.t_SBT_Expire,11,11,8,0
bench_expire_submitted_16,0,terminal,11,11,8,0
bench_expire_submitted_17,0,creation,9,9,1,0
bench_expire_submitted_17,0,after:StudentAgent.t_SubmitEvidence,10,10,4,0
bench_expire_submitted_17,0,after:EvidenceNet.t_LMS_Submit,10,10,4,0
bench_expire_submitted_17,0,after:EvidenceNet.t_Review_Request,10,10,4,0
bench_expire_submitted_17,0,after:ProfessorAgent.t_StartReview,10,10,4,0
bench_expire_submitted_17,0,after:ProfessorAgent.t_AssessEvidence,10,10,4,0
bench_expire_submitted_17,0,after:ProfessorAgent.t_ApproveEvidence,10,10,5,0
bench_expire_submitted_17,0,after:UniversityAgent.t_VerifyEvidence,10,10,5,0
bench_expire_submitted_17,0,after:UniversityAgent.t_RequestCredential,11,11,7,0
bench_expire_submitted_17,0,after:CompetencyNet.t_Verification_Pass,11,11,7,0
bench_expire_submitted_17,0,after:UniversityAgent.t_IssueCredential,11,11,8,0
bench_expire_submitted_17,0,after:CompetencyNet.t_SBT_Expire,11,11,8,0
bench_expire_submitted_17,0,terminal,11,11,8,0
bench_expire_submitted_18,0,creation,9,9,1,0
bench_expire_submitted_18,0,after:StudentAgent.t_SubmitEvidence,10,10,4,0
bench_expire_submitted_18,0,after:EvidenceNet.t_LMS_Submit,10,10,4,0
bench_expire_submitted_18,0,after:EvidenceNet.t_Review_Request,10,10,4,0
bench_expire_submitted_18,0,after:ProfessorAgent.t_StartReview,10,10,4,0
bench_expire_submitted_18,0,after:ProfessorAgent.t_AssessEvidence,10,10,4,0
bench_expire_submitted_18,0,after:ProfessorAgent.t_ApproveEvidence,10,10,5,0
bench_expire_submitted_18,0,after:UniversityAgent.t_VerifyEvidence,10,10,5,0
bench_expire_submitted_18,0,after:UniversityAgent.t_RequestCredential,11,11,7,0
bench_expire_submitted_18,0,after:CompetencyNet.t_Verification_Pass,11,11,7,0
bench_expire_submitted_18,0,after:UniversityAgent.t_IssueCredential,11,11,8,0
bench_expire_submitted_18,0,after:CompetencyNet.t_SBT_Expire,11,11,8,0
bench_expire_submitted_18,0,terminal,11,11,8,0
bench_expire_submitted_19,0,creation,9,9,1,0
bench_expire_submitted_19,0,after:StudentAgent.t_SubmitEvidence,10,10,4,0
bench_expire_submitted_19,0,after:EvidenceNet.t_LMS_Submit,10,10,4,0
bench_expire_submitted_19,0,after:EvidenceNet.t_Review_Request,10,10,4,0
bench_expire_submitted_19,0,after:ProfessorAgent.t_StartReview,10,10,4,0
bench_expire_submitted_19,0,after:ProfessorAgent.t_AssessEvidence,10,10,4,0
bench_expire_submitted_19,0,after:ProfessorAgent.t_ApproveEvidence,10,10,5,0
bench_expire_submitted_19,0,after:UniversityAgent.t_VerifyEvidence,10,10,5,0
bench_expire_submitted_19,0,after:UniversityAgent.t_RequestCredential,11,11,7,0
bench_expire_submitted_19,0,after:CompetencyNet.t_Verification_Pass,11,11,7,0
bench_expire_submitted_19,0,after:UniversityAgent.t_IssueCredential,11,11,8,0
bench_expire_submitted_19,0,after:CompetencyNet.t_SBT_Expire,11,11,8,0
bench_expire_submitted_19,0,terminal,11,11,8,0
bench_expire_submitted_20,0,creation,9,9,1,0
bench_expire_submitted_20,0,after:StudentAgent.t_SubmitEvidence,10,10,4,0
bench_expire_submitted_20,0,after:EvidenceNet.t_LMS_Submit,10,10,4,0
bench_expire_submitted_20,0,after:EvidenceNet.t_Review_Request,10,10,4,0
bench_expire_submitted_20,0,after:ProfessorAgent.t_StartReview,10,10,4,0
bench_expire_submitted_20,0,after:ProfessorAgent.t_AssessEvidence,10,10,4,0
bench_expire_submitted_20,0,after:ProfessorAgent.t_ApproveEvidence,10,10,5,0
bench_expire_submitted_20,0,after:UniversityAgent.t_VerifyEvidence,10,10,5,0
bench_expire_submitted_20,0,after:UniversityAgent.t_RequestCredential,11,11,7,0
bench_expire_submitted_20,0,after:CompetencyNet.t_Verification_Pass,11,11,7,0
bench_expire_submitted_20,0,after:UniversityAgent.t_IssueCredential,11,11,8,0
bench_expire_submitted_20,0,after:CompetencyNet.t_SBT_Expire,11,11,8,0
bench_expire_submitted_20,0,terminal,11,11,8,0
bench_expire_submitted_21,0,creation,9,9,1,0
bench_expire_submitted_21,0,after:StudentAgent.t_SubmitEvidence,10,10,4,0
bench_expire_submitted_21,0,after:EvidenceNet.t_LMS_Submit,10,10,4,0
bench_expire_submitted_21,0,after:EvidenceNet.t_Review_Request,10,10,4,0
bench_expire_submitted_21,0,after:ProfessorAgent.t_StartReview,10,10,4,0
bench_expire_submitted_21,0,after:ProfessorAgent.t_AssessEvidence,10,10,4,0
bench_expire_submitted_21,0,after:ProfessorAgent.t_ApproveEvidence,10,10,5,0
bench_expire_submitted_21,0,after:UniversityAgent.t_VerifyEvidence,10,10,5,0
bench_expire_submitted_21,0,after:UniversityAgent.t_RequestCredential,11,11,7,0
bench_expire_submitted_21,0,after:CompetencyNet.t_Verification_Pass,11,11,7,0
bench_expire_submitted_21,0,after:UniversityAgent.t_IssueCredential,11,11,8,0
bench_expire_submitted_21,0,after:CompetencyNet.t_SBT_Expire,11,11,8,0
bench_expire_submitted_21,0,terminal,11,11,8,0
bench_expire_submitted_22,0,creation,9,9,1,0
bench_expire_submitted_22,0,after:StudentAgent.t_SubmitEvidence,10,10,4,0
bench_expire_submitted_22,0,after:EvidenceNet.t_LMS_Submit,10,10,4,0
bench_expire_submitted_22,0,after:EvidenceNet.t_Review_Request,10,10,4,0
bench_expire_submitted_22,0,after:ProfessorAgent.t_StartReview,10,10,4,0
bench_expire_submitted_22,0,after:ProfessorAgent.t_AssessEvidence,10,10,4,0
bench_expire_submitted_22,0,after:ProfessorAgent.t_ApproveEvidence,10,10,5,0
bench_expire_submitted_22,0,after:UniversityAgent.t_VerifyEvidence,10,10,5,0
bench_expire_submitted_22,0,after:UniversityAgent.t_RequestCredential,11,11,7,0
bench_expire_submitted_22,0,after:CompetencyNet.t_Verification_Pass,11,11,7,0
bench_expire_submitted_22,0,after:UniversityAgent.t_IssueCredential,11,11,8,0
bench_expire_submitted_22,0,after:CompetencyNet.t_SBT_Expire,11,11,8,0
bench_expire_submitted_22,0,terminal,11,11,8,0
bench_expire_submitted_23,0,creation,9,9,1,0
bench_expire_submitted_23,0,after:StudentAgent.t_SubmitEvidence,10,10,4,0
bench_expire_submitted_23,0,after:EvidenceNet.t_LMS_Submit,10,10,4,0
bench_expire_submitted_23,0,after:EvidenceNet.t_Review_Request,10,10,4,0
bench_expire_submitted_23,0,after:ProfessorAgent.t_StartReview,10,10,4,0
bench_expire_submitted_23,0,after:ProfessorAgent.t_AssessEvidence,10,10,4,0
bench_expire_submitted_23,0,after:ProfessorAgent.t_ApproveEvidence,10,10,5,0
bench_expire_submitted_23,0,after:UniversityAgent.t_VerifyEvidence,10,10,5,0
bench_expire_submitted_23,0,after:UniversityAgent.t_RequestCredential,11,11,7,0
bench_expire_submitted_23,0,after:CompetencyNet.t_Verification_Pass,11,11,7,0
bench_expire_submitted_23,0,after:UniversityAgent.t_IssueCredential,11,11,8,0
bench_expire_submitted_23,0,after:CompetencyNet.t_SBT_Expire,11,11,8,0
bench_expire_submitted_23,0,terminal,11,11,8,0
bench_expire_submitted_24,0,creation,9,9,1,0
bench_expire_submitted_24,0,after:StudentAgent.t_SubmitEvidence,10,10,4,0
bench_expire_submitted_24,0,after:EvidenceNet.t_LMS_Submit,10,10,4,0
bench_expire_submitted_24,0,after:EvidenceNet.t_Review_Request,10,10,4,0
bench_expire_submitted_24,0,after:ProfessorAgent.t_StartReview,10,10,4,0
bench_expire_submitted_24,0,after:ProfessorAgent.t_AssessEvidence,10,10,4,0
bench_expire_submitted_24,0,after:ProfessorAgent.t_ApproveEvidence,10,10,5,0
bench_expire_submitted_24,0,after:UniversityAgent.t_VerifyEvidence,10,10,5,0
bench_expire_submitted_24,0,after:UniversityAgent.t_RequestCredential,11,11,7,0
bench_expire_submitted_24,0,after:CompetencyNet.t_Verification_Pass,11,11,7,0
bench_expire_submitted_24,0,after:UniversityAgent.t_IssueCredential,11,11,8,0
bench_expire_submitted_24,0,after:CompetencyNet.t_SBT_Expire,11,11,8,0
bench_expire_submitted_24,0,terminal,11,11,8,0
bench_expire_submitted_25,0,creation,9,9,1,0
bench_expire_submitted_25,0,after:StudentAgent.t_SubmitEvidence,10,10,4,0
bench_expire_submitted_25,0,after:EvidenceNet.t_LMS_Submit,10,10,4,0
bench_expire_submitted_25,0,after:EvidenceNet.t_Review_Request,10,10,4,0
bench_expire_submitted_25,0,after:ProfessorAgent.t_StartReview,10,10,4,0
bench_expire_submitted_25,0,after:ProfessorAgent.t_AssessEvidence,10,10,4,0
bench_expire_submitted_25,0,after:ProfessorAgent.t_ApproveEvidence,10,10,5,0
bench_expire_submitted_25,0,after:UniversityAgent.t_VerifyEvidence,10,10,5,0
bench_expire_submitted_25,0,after:UniversityAgent.t_RequestCredential,11,11,7,0
bench_expire_submitted_25,0,after:CompetencyNet.t_Verification_Pass,11,11,7,0
bench_expire_submitted_25,0,after:UniversityAgent.t_IssueCredential,11,11,8,0
bench_expire_submitted_25,0,after:CompetencyNet.t_SBT_Expire,11,11,8,0
bench_expire_submitted_25,0,terminal,11,11,8,0
bench_expire_submitted_26,0,creation,9,9,1,0
bench_expire_submitted_26,0,after:StudentAgent.t_SubmitEvidence,10,10,4,0
bench_expire_submitted_26,0,after:EvidenceNet.t_LMS_Submit,10,10,4,0
bench_expire_submitted_26,0,after:EvidenceNet.t_Review_Request,10,10,4,0
bench_expire_submitted_26,0,after:ProfessorAgent.t_StartReview,10,10,4,0
bench_expire_submitted_26,0,after:ProfessorAgent.t_AssessEvidence,10,10,4,0
bench_expire_submitted_26,0,after:ProfessorAgent.t_ApproveEvidence,10,10,5,0
bench_expire_submitted_26,0,after:UniversityAgent.t_VerifyEvidence,10,10,5,0
bench_expire_submitted_26,0,after:UniversityAgent.t_RequestCredential,11,11,7,0
bench_expire_submitted_26,0,after:CompetencyNet.t_Verification_Pass,11,11,7,0
bench_expire_submitted_26,0,after:UniversityAgent.t_IssueCredential,11,11,8,0
bench_expire_submitted_26,0,after:CompetencyNet.t_SBT_Expire,11,11,8,0
bench_expire_submitted_26,0,terminal,11,11,8,0
bench_expire_submitted_27,0,creation,9,9,1,0
bench_expire_submitted_27,0,after:StudentAgent.t_SubmitEvidence,10,10,4,0
bench_expire_submitted_27,0,after:EvidenceNet.t_LMS_Submit,10,10,4,0
bench_expire_submitted_27,0,after:EvidenceNet.t_Review_Request,10,10,4,0
bench_expire_submitted_27,0,after:ProfessorAgent.t_StartReview,10,10,4,0
bench_expire_submitted_27,0,after:ProfessorAgent.t_AssessEvidence,10,10,4,0
bench_expire_submitted_27,0,after:ProfessorAgent.t_ApproveEvidence,10,10,5,0
bench_expire_submitted_27,0,after:UniversityAgent.t_VerifyEvidence,10,10,5,0
bench_expire_submitted_27,0,after:UniversityAgent.t_RequestCredential,11,11,7,0
bench_expire_submitted_27,0,after:CompetencyNet.t_Verification_Pass,11,11,7,0
bench_expire_submitted_27,0,after:UniversityAgent.t_IssueCredential,11,11,8,0
bench_expire_submitted_27,0,after:CompetencyNet.t_SBT_Expire,11,11,8,0
bench_expire_submitted_27,0,terminal,11,11,8,0
bench_expire_submitted_28,0,creation,9,9,1,0
bench_expire_submitted_28,0,after:StudentAgent.t_SubmitEvidence,10,10,4,0
bench_expire_submitted_28,0,after:EvidenceNet.t_LMS_Submit,10,10,4,0
bench_expire_submitted_28,0,after:EvidenceNet.t_Review_Request,10,10,4,0
bench_expire_submitted_28,0,after:ProfessorAgent.t_StartReview,10,10,4,0
bench_expire_submitted_28,0,after:ProfessorAgent.t_AssessEvidence,10,10,4,0
bench_expire_submitted_28,0,after:ProfessorAgent.t_ApproveEvidence,10,10,5,0
bench_expire_submitted_28,0,after:UniversityAgent.t_VerifyEvidence,10,10,5,0
bench_expire_submitted_28,0,after:UniversityAgent.t_RequestCredential,11,11,7,0
bench_expire_submitted_28,0,after:CompetencyNet.t_Verification_Pass,11,11,7,0
bench_expire_submitted_28,0,after:UniversityAgent.t_IssueCredential,11,11,8,0
bench_expire_submitted_28,0,after:CompetencyNet.t_SBT_Expire,11,11,8,0
bench_expire_submitted_28,0,terminal,11,11,8,0
bench_expire_submitted_29,0,creation,9,9,1,0
bench_expire_submitted_29,0,after:StudentAgent.t_SubmitEvidence,10,10,4,0
bench_expire_submitted_29,0,after:EvidenceNet.t_LMS_Submit,10,10,4,0
bench_expire_submitted_29,0,after:EvidenceNet.t_Review_Request,10,10,4,0
bench_expire_submitted_29,0,after:ProfessorAgent.t_StartReview,10,10,4,0
bench_expire_submitted_29,0,after:ProfessorAgent.t_AssessEvidence,10,10,4,0
bench_expire_submitted_29,0,after:ProfessorAgent.t_ApproveEvidence,10,10,5,0
bench_expire_submitted_29,0,after:UniversityAgent.t_VerifyEvidence,10,10,5,0
bench_expire_submitted_29,0,after:UniversityAgent.t_RequestCredential,11,11,7,0
bench_expire_submitted_29,0,after:CompetencyNet.t_Verification_Pass,11,11,7,0
bench_expire_submitted_29,0,after:UniversityAgent.t_IssueCredential,11,11,8,0
bench_expire_submitted_29,0,after:CompetencyNet.t_SBT_Expire,11,11,8,0
bench_expire_submitted_29,0,terminal,11,11,8,0
bench_expire_submitted_30,0,creation,9,9,1,0
bench_expire_submitted_30,0,after:StudentAgent.t_SubmitEvidence,10,10,4,0
bench_expire_submitted_30,0,after:EvidenceNet.t_LMS_Submit,10,10,4,0
bench_expire_submitted_30,0,after:EvidenceNet.t_Review_Request,10,10,4,0
bench_expire_submitted_30,0,after:ProfessorAgent.t_StartReview,10,10,4,0
bench_expire_submitted_30,0,after:ProfessorAgent.t_AssessEvidence,10,10,4,0
bench_expire_submitted_30,0,after:ProfessorAgent.t_ApproveEvidence,10,10,5,0
bench_expire_submitted_30,0,after:UniversityAgent.t_VerifyEvidence,10,10,5,0
bench_expire_submitted_30,0,after:UniversityAgent.t_RequestCredential,11,11,7,0
bench_expire_submitted_30,0,after:CompetencyNet.t_Verification_Pass,11,11,7,0
bench_expire_submitted_30,0,after:UniversityAgent.t_IssueCredential,11,11,8,0
bench_expire_submitted_30,0,after:CompetencyNet.t_SBT_Expire,11,11,8,0
bench_expire_submitted_30,0,terminal,11,11,8,0
bench_expire_waiting_01,0,creation,9,9,1,0
bench_expire_waiting_01,0,after:StudentAgent.t_SubmitEvidence,10,10,4,0
bench_expire_waiting_01,0,after:EvidenceNet.t_LMS_Submit,10,10,4,0
bench_expire_waiting_01,0,after:EvidenceNet.t_Review_Request,10,10,4,0
bench_expire_waiting_01,0,after:ProfessorAgent.t_StartReview,10,10,4,0
bench_expire_waiting_01,0,after:ProfessorAgent.t_AssessEvidence,10,10,4,0
bench_expire_waiting_01,0,after:ProfessorAgent.t_ApproveEvidence,10,10,5,0
bench_expire_waiting_01,0,after:UniversityAgent.t_VerifyEvidence,10,10,5,0
bench_expire_waiting_01,0,after:UniversityAgent.t_RequestCredential,11,11,7,0
bench_expire_waiting_01,0,after:CompetencyNet.t_Verification_Pass,11,11,7,0
bench_expire_waiting_01,0,after:UniversityAgent.t_IssueCredential,11,11,8,0
bench_expire_waiting_01,0,after:StudentAgent.t_WaitCredential,11,11,8,0
bench_expire_waiting_01,0,after:CompetencyNet.t_SBT_Expire,11,11,8,0
bench_expire_waiting_01,0,terminal,11,11,8,0
bench_expire_waiting_02,0,creation,9,9,1,0
bench_expire_waiting_02,0,after:StudentAgent.t_SubmitEvidence,10,10,4,0
bench_expire_waiting_02,0,after:EvidenceNet.t_LMS_Submit,10,10,4,0
bench_expire_waiting_02,0,after:EvidenceNet.t_Review_Request,10,10,4,0
bench_expire_waiting_02,0,after:ProfessorAgent.t_StartReview,10,10,4,0
bench_expire_waiting_02,0,after:ProfessorAgent.t_AssessEvidence,10,10,4,0
bench_expire_waiting_02,0,after:ProfessorAgent.t_ApproveEvidence,10,10,5,0
bench_expire_waiting_02,0,after:UniversityAgent.t_VerifyEvidence,10,10,5,0
bench_expire_waiting_02,0,after:UniversityAgent.t_RequestCredential,11,11,7,0
bench_expire_waiting_02,0,after:CompetencyNet.t_Verification_Pass,11,11,7,0
bench_expire_waiting_02,0,after:UniversityAgent.t_IssueCredential,11,11,8,0
bench_expire_waiting_02,0,after:StudentAgent.t_WaitCredential,11,11,8,0
bench_expire_waiting_02,0,after:CompetencyNet.t_SBT_Expire,11,11,8,0
bench_expire_waiting_02,0,terminal,11,11,8,0
bench_expire_waiting_03,0,creation,9,9,1,0
bench_expire_waiting_03,0,after:StudentAgent.t_SubmitEvidence,10,10,4,0
bench_expire_waiting_03,0,after:EvidenceNet.t_LMS_Submit,10,10,4,0
bench_expire_waiting_03,0,after:EvidenceNet.t_Review_Request,10,10,4,0
bench_expire_waiting_03,0,after:ProfessorAgent.t_StartReview,10,10,4,0
bench_expire_waiting_03,0,after:ProfessorAgent.t_AssessEvidence,10,10,4,0
bench_expire_waiting_03,0,after:ProfessorAgent.t_ApproveEvidence,10,10,5,0
bench_expire_waiting_03,0,after:UniversityAgent.t_VerifyEvidence,10,10,5,0
bench_expire_waiting_03,0,after:UniversityAgent.t_RequestCredential,11,11,7,0
bench_expire_waiting_03,0,after:CompetencyNet.t_Verification_Pass,11,11,7,0
bench_expire_waiting_03,0,after:UniversityAgent.t_IssueCredential,11,11,8,0
bench_expire_waiting_03,0,after:StudentAgent.t_WaitCredential,11,11,8,0
bench_expire_waiting_03,0,after:CompetencyNet.t_SBT_Expire,11,11,8,0
bench_expire_waiting_03,0,terminal,11,11,8,0
bench_expire_waiting_04,0,creation,9,9,1,0
bench_expire_waiting_04,0,after:StudentAgent.t_SubmitEvidence,10,10,4,0
bench_expire_waiting_04,0,after:EvidenceNet.t_LMS_Submit,10,10,4,0
bench_expire_waiting_04,0,after:EvidenceNet.t_Review_Request,10,10,4,0
bench_expire_waiting_04,0,after:ProfessorAgent.t_StartReview,10,10,4,0
bench_expire_waiting_04,0,after:ProfessorAgent.t_AssessEvidence,10,10,4,0
bench_expire_waiting_04,0,after:ProfessorAgent.t_ApproveEvidence,10,10,5,0
bench_expire_waiting_04,0,after:UniversityAgent.t_VerifyEvidence,10,10,5,0
bench_expire_waiting_04,0,after:UniversityAgent.t_RequestCredential,11,11,7,0
bench_expire_waiting_04,0,after:CompetencyNet.t_Verification_Pass,11,11,7,0
bench_expire_waiting_04,0,after:UniversityAgent.t_IssueCredential,11,11,8,0
bench_expire_waiting_04,0,after:StudentAgent.t_WaitCredential,11,11,8,0
bench_expire_waiting_04,0,after:CompetencyNet.t_SBT_Expire,11,11,8,0
bench_expire_waiting_04,0,terminal,11,11,8,0
bench_expire_waiting_05,0,creation,9,9,1,0
bench_expire_waiting_05,0,after:StudentAgent.t_SubmitEvidence,10,10,4,0
bench_expire_waiting_05,0,after:EvidenceNet.t_LMS_Submit,10,10,4,0
bench_expire_waiting_05,0,after:EvidenceNet.t_Review_Request,10,10,4,0
bench_expire_waiting_05,0,after:ProfessorAgent.t_StartReview,10,10,4,0
bench_expire_waiting_05,0,after:ProfessorAgent.t_AssessEvidence,10,10,4,0
bench_expire_waiting_05,0,after:ProfessorAgent.t_ApproveEvidence,10,10,5,0
bench_expire_waiting_05,0,after:UniversityAgent.t_VerifyEvidence,10,10,5,0
bench_expire_waiting_05,0,after:UniversityAgent.t_RequestCredential,11,11,7,0
bench_expire_waiting_05,0,after:CompetencyNet.t_Verification_Pass,11,11,7,0
bench_expire_waiting_05,0,after:UniversityAgent.t_IssueCredential,11,11,8,0
bench_expire_waiting_05,0,after:StudentAgent.t_WaitCredential,11,11,8,0
bench_expire_waiting_05,0,after:CompetencyNet.t_SBT_Expire,11,11,8,0
bench_expire_waiting_05,0,terminal,11,11,8,0
bench_expire_waiting_06,0,creation,9,9,1,0
bench_expire_waiting_06,0,after:StudentAgent.t_SubmitEvidence,10,10,4,0
bench_expire_waiting_06,0,after:EvidenceNet.t_LMS_Submit,10,10,4,0
bench_expire_waiting_06,0,after:EvidenceNet.t_Review_Request,10,10,4,0
bench_expire_waiting_06,0,after:ProfessorAgent.t_StartReview,10,10,4,0
bench_expire_waiting_06,0,after:ProfessorAgent.t_AssessEvidence,10,10,4,0
bench_expire_waiting_06,0,after:ProfessorAgent.t_ApproveEvidence,10,10,5,0
bench_expire_waiting_06,0,after:UniversityAgent.t_VerifyEvidence,10,10,5,0
bench_expire_waiting_06,0,after:UniversityAgent.t_RequestCredential,11,11,7,0
bench_expire_waiting_06,0,after:CompetencyNet.t_Verification_Pass,11,11,7,0
bench_expire_waiting_06,0,after:UniversityAgent.t_IssueCredential,11,11,8,0
bench_expire_waiting_06,0,after:StudentAgent.t_WaitCredential,11,11,8,0
bench_expire_waiting_06,0,after:CompetencyNet.t_SBT_Expire,11,11,8,0
bench_expire_waiting_06,0,terminal,11,11,8,0
bench_expire_waiting_07,0,creation,9,9,1,0
bench_expire_waiting_07,0,after:StudentAgent.t_SubmitEvidence,10,10,4,0
bench_expire_waiting_07,0,after:EvidenceNet.t_LMS_Submit,10,10,4,0
bench_expire_waiting_07,0,after:EvidenceNet.t_Review_Request,10,10,4,0
bench_expire_waiting_07,0,after:ProfessorAgent.t_StartReview,10,10,4,0
bench_expire_waiting_07,0,after:ProfessorAgent.t_AssessEvidence,10,10,4,0
bench_expire_waiting_07,0,after:ProfessorAgent.t_ApproveEvidence,10,10,5,0
bench_expire_waiting_07,0,after:UniversityAgent.t_VerifyEvidence,10,10,5,0
bench_expire_waiting_07,0,after:UniversityAgent.t_RequestCredential,11,11,7,0
bench_expire_waiting_07,0,after:CompetencyNet.t_Verification_Pass,11,11,7,0
bench_expire_waiting_07,0,after:UniversityAgent.t_IssueCredential,11,11,8,0
bench_expire_waiting_07,0,after:StudentAgent.t_WaitCredential,11,11,8,0
bench_expire_waiting_07,0,after:CompetencyNet.t_SBT_Expire,11,11,8,0
bench_expire_waiting_07,0,terminal,11,11,8,0
bench_expire_waiting_08,0,creation,9,9,1,0
bench_expire_waiting_08,0,after:StudentAgent.t_SubmitEvidence,10,10,4,0
bench_expire_waiting_08,0,after:EvidenceNet.t_LMS_Submit,10,10,4,0
bench_expire_waiting_08,0,after:EvidenceNet.t_Review_Request,10,10,4,0
bench_expire_waiting_08,0,after:ProfessorAgent.t_StartReview,10,10,4,0
bench_expire_waiting_08,0,after:ProfessorAgent.t_AssessEvidence,10,10,4,0
bench_expire_waiting_08,0,after:ProfessorAgent.t_ApproveEvidence,10,10,5,0
bench_expire_waiting_08,0,after:UniversityAgent.t_VerifyEvidence,10,10,5,0
bench_expire_waiting_08,0,after:UniversityAgent.t_RequestCredential,11,11,7,0
bench_expire_waiting_08,0,after:CompetencyNet.t_Verification_Pass,11,11,7,0
bench_expire_waiting_08,0,after:UniversityAgent.t_IssueCredential,11,11,8,0
bench_expire_waiting_08,0,after:StudentAgent.t_WaitCredential,11,11,8,0
bench_expire_waiting_08,0,after:CompetencyNet.t_SBT_Expire,11,11,8,0
bench_expire_waiting_08,0,terminal,11,11,8,0
bench_expire_waiting_09,0,creation,9,9,1,0
bench_expire_waiting_09,0,after:StudentAgent.t_SubmitEvidence,10,10,4,0
bench_expire_waiting_09,0,after:EvidenceNet.t_LMS_Submit,10,10,4,0
bench_expire_waiting_09,0,after:EvidenceNet.t_Review_Request,10,10,4,0
bench_expire_waiting_09,0,after:ProfessorAgent.t_StartReview,10,10,4,0
bench_expire_waiting_09,0,after:ProfessorAgent.t_AssessEvidence,10,10,4,0
bench_expire_waiting_09,0,after:ProfessorAgent.t_ApproveEvidence,10,10,5,0
bench_expire_waiting_09,0,after:UniversityAgent.t_VerifyEvidence,10,10,5,0
bench_expire_waiting_09,0,after:UniversityAgent.t_RequestCredential,11,11,7,0
bench_expire_waiting_09,0,after:CompetencyNet.t_Verification_Pass,11,11,7,0
bench_expire_waiting_09,0,after:UniversityAgent.t_IssueCredential,11,11,8,0
bench_expire_waiting_09,0,after:StudentAgent.t_WaitCredential,11,11,8,0
bench_expire_waiting_09,0,after:CompetencyNet.t_SBT_Expire,11,11,8,0
bench_expire_waiting_09,0,terminal,11,11,8,0
bench_expire_waiting_10,0,creation,9,9,1,0
bench_expire_waiting_10,0,after:StudentAgent.t_SubmitEvidence,10,10,4,0
bench_expire_waiting_10,0,after:EvidenceNet.t_LMS_Submit,10,10,4,0
bench_expire_waiting_10,0,after:EvidenceNet.t_Review_Request,10,10,4,0
bench_expire_waiting_10,0,after:ProfessorAgent.t_StartReview,10,10,4,0
bench_expire_waiting_10,0,after:ProfessorAgent.t_AssessEvidence,10,10,4,0
bench_expire_waiting_10,0,after:ProfessorAgent.t_ApproveEvidence,10,10,5,0
bench_expire_waiting_10,0,after:UniversityAgent.t_VerifyEvidence,10,10,5,0
bench_expire_waiting_10,0,after:UniversityAgent.t_RequestCredential,11,11,7,0
bench_expire_waiting_10,0,after:CompetencyNet.t_Verification_Pass,11,11,7,0
bench_expire_waiting_10,0,after:UniversityAgent.t_IssueCredential,11,11,8,0
bench_expire_waiting_10,0,after:StudentAgent.t_WaitCredential,11,11,8,0
bench_expire_waiting_10,0,after:CompetencyNet.t_SBT_Expire,11,11,8,0
bench_expire_waiting_10,0,terminal,11,11,8,0
bench_expire_waiting_11,0,creation,9,9,1,0
bench_expire_waiting_11,0,after:StudentAgent.t_SubmitEvidence,10,10,4,0
bench_expire_waiting_11,0,after:EvidenceNet.t_LMS_Submit,10,10,4,0
bench_expire_waiting_11,0,after:EvidenceNet.t_Review_Request,10,10,4,0
bench_expire_waiting_11,0,after:ProfessorAgent.t_StartReview,10,10,4,0
bench_expire_waiting_11,0,after:ProfessorAgent.t_AssessEvidence,10,10,4,0
bench_expire_waiting_11,0,after:ProfessorAgent.t_ApproveEvidence,10,10,5,0
bench_expire_waiting_11,0,after:UniversityAgent.t_VerifyEvidence,10,10,5,0
bench_expire_waiting_11,0,after:UniversityAgent.t_RequestCredential,11,11,7,0
bench_expire_waiting_11,0,after:CompetencyNet.t_Verification_Pass,11,11,7,0
bench_expire_waiting_11,0,after:UniversityAgent.t_IssueCredential,11,11,8,0
bench_expire_waiting_11,0,after:StudentAgent.t_WaitCredential,11,11,8,0
bench_expire_waiting_11,0,after:CompetencyNet.t_SBT_Expire,11,11,8,0
bench_expire_waiting_11,0,terminal,11,11,8,0
bench_expire_waiting_12,0,creation,9,9,1,0
bench_expire_waiting_12,0,after:StudentAgent.t_SubmitEvidence,10,10,4,0
bench_expire_waiting_12,0,after:EvidenceNet.t_LMS_Submit,10,10,4,0
bench_expire_waiting_12,0,after:EvidenceNet.t_Review_Request,10,10,4,0
bench_expire_waiting_12,0,after:ProfessorAgent.t_StartReview,10,10,4,0
bench_expire_waiting_12,0,after:ProfessorAgent.t_AssessEvidence,10,10,4,0
bench_expire_waiting_12,0,after:ProfessorAgent.t_ApproveEvidence,10,10,5,0
bench_expire_waiting_12,0,after:UniversityAgent.t_VerifyEvidence,10,10,5,0
bench_expire_waiting_12,0,after:UniversityAgent.t_RequestCredential,11,11,7,0
bench_expire_waiting_12,0,after:CompetencyNet.t_Verification_Pass,11,11,7,0
bench_expire_waiting_12,0,after:UniversityAgent.t_IssueCredential,11,11,8,0
bench_expire_waiting_12,0,after:StudentAgent.t_WaitCredential,11,11,8,0
bench_expire_waiting_12,0,after:CompetencyNet.t_SBT_Expire,11,11,8,0
bench_expire_waiting_12,0,terminal,11,11,8,0
bench_expire_waiting_13,0,creation,9,9,1,0
bench_expire_waiting_13,0,after:StudentAgent.t_SubmitEvidence,10,10,4,0
bench_expire_waiting_13,0,after:EvidenceNet.t_LMS_Submit,10,10,4,0
bench_expire_waiting_13,0,after:EvidenceNet.t_Review_Request,10,10,4,0
bench_expire_waiting_13,0,after:ProfessorAgent.t_StartReview,10,10,4,0
bench_expire_waiting_13,0,after:ProfessorAgent.t_AssessEvidence,10,10,4,0
bench_expire_waiting_13,0,after:ProfessorAgent.t_ApproveEvidence,10,10,5,0
bench_expire_waiting_13,0,after:UniversityAgent.t_VerifyEvidence,10,10,5,0
bench_expire_waiting_13,0,after:UniversityAgent.t_RequestCredential,11,11,7,0
bench_expire_waiting_13,0,after:CompetencyNet.t_Verification_Pass,11,11,7,0
bench_expire_waiting_13,0,after:UniversityAgent.t_IssueCredential,11,11,8,0
bench_expire_waiting_13,0,after:StudentAgent.t_WaitCredential,11,11,8,0
bench_expire_waiting_13,0,after:CompetencyNet.t_SBT_Expire,11,11,8,0
bench_expire_waiting_13,0,terminal,11,11,8,0
bench_expire_waiting_14,0,creation,9,9,1,0
bench_expire_waiting_14,0,after:StudentAgent.t_SubmitEvidence,10,10,4,0
bench_expire_waiting_14,0,after:EvidenceNet.t_LMS_Submit,10,10,4,0
bench_expire_waiting_14,0,after:EvidenceNet.t_Review_Request,10,10,4,0
bench_expire_waiting_14,0,after:ProfessorAgent.t_StartReview,10,10,4,0
bench_expire_waiting_14,0,after:ProfessorAgent.t_AssessEvidence,10,10,4,0
bench_expire_waiting_14,0,after:ProfessorAgent.t_ApproveEvidence,10,10,5,0
bench_expire_waiting_14,0,after:UniversityAgent.t_VerifyEvidence,10,10,5,0
bench_expire_waiting_14,0,after:UniversityAgent.t_RequestCredential,11,11,7,0
bench_expire_waiting_14,0,after:CompetencyNet.t_Verification_Pass,11,11,7,0
bench_expire_waiting_14,0,after:UniversityAgent.t_IssueCredential,11,11,8,0
bench_expire_waiting_14,0,after:StudentAgent.t_WaitCredential,11,11,8,0
bench_expire_waiting_14,0,after:CompetencyNet.t_SBT_Expire,11,11,8,0
bench_expire_waiting_14,0,terminal,11,11,8,0
bench_expire_waiting_15,0,creation,9,9,1,0
bench_expire_waiting_15,0,after:StudentAgent.t_SubmitEvidence,10,10,4,0
bench_expire_waiting_15,0,after:EvidenceNet.t_LMS_Submit,10,10,4,0
bench_expire_waiting_15,0,after:EvidenceNet.t_Review_Request,10,10,4,0
bench_expire_waiting_15,0,after:ProfessorAgent.t_StartReview,10,10,4,0
bench_expire_waiting_15,0,after:ProfessorAgent.t_AssessEvidence,10,10,4,0
bench_expire_waiting_15,0,after:ProfessorAgent.t_ApproveEvidence,10,10,5,0
bench_expire_waiting_15,0,after:UniversityAgent.t_VerifyEvidence,10,10,5,0
bench_expire_waiting_15,0,after:UniversityAgent.t_RequestCredential,11,11,7,0
bench_expire_waiting_15,0,after:CompetencyNet.t_Verification_Pass,11,11,7,0
bench_expire_waiting_15,0,after:UniversityAgent.t_IssueCredential,11,11,8,0
bench_expire_waiting_15,0,after:StudentAgent.t_WaitCredential,11,11,8,0
bench_expire_waiting_15,0,after:CompetencyNet.t_SBT_Expire,11,11,8,0
bench_expire_waiting_15,0,terminal,11,11,8,0
bench_expire_waiting_16,0,creation,9,9,1,0
bench_expire_waiting_16,0,after:StudentAgent.t_SubmitEvidence,10,10,4,0
bench_expire_waiting_16,0,after:EvidenceNet.t_LMS_Submit,10,10,4,0
bench_expire_waiting_16,0,after:EvidenceNet.t_Review_Request,10,10,4,0
bench_expire_waiting_16,0,after:ProfessorAgent.t_StartReview,10,10,4,0
bench_expire_waiting_16,0,after:ProfessorAgent.t_AssessEvidence,10,10,4,0
bench_expire_waiting_16,0,after:ProfessorAgent.t_ApproveEvidence,10,10,5,0
bench_expire_waiting_16,0,after:UniversityAgent.t_VerifyEvidence,10,10,5,0
bench_expire_waiting_16,0,after:UniversityAgent.t_RequestCredential,11,11,7,0
bench_expire_waiting_16,0,after:CompetencyNet.t_Verification_Pass,11,11,7,0
bench_expire_waiting_16,0,after:UniversityAgent.t_IssueCredential,11,11,8,0
bench_expire_waiting_16,0,after:StudentAgent.t_WaitCredential,11,11,8,0
bench_expire_waiting_16,0,after:CompetencyNet.t_SBT_Expire,11,11,8,0
bench_expire_waiting_16,0,terminal,11,11,8,0
bench_expire_waiting_17,0,creation,9,9,1,0
bench_expire_waiting_17,0,after:StudentAgent.t_SubmitEvidence,10,10,4,0
bench_expire_waiting_17,0,after:EvidenceNet.t_LMS_Submit,10,10,4,0
bench_expire_waiting_17,0,after:EvidenceNet.t_Review_Request,10,10,4,0
bench_expire_waiting_17,0,after:ProfessorAgent.t_StartReview,10,10,4,0
bench_expire_waiting_17,0,after:ProfessorAgent.t_AssessEvidence,10,10,4,0
bench_expire_waiting_17,0,after:ProfessorAgent.t_ApproveEvidence,10,10,5,0
bench_expire_waiting_17,0,after:UniversityAgent.t_VerifyEvidence,10,10,5,0
bench_expire_waiting_17,0,after:UniversityAgent.t_RequestCredential,11,11,7,0
bench_expire_waiting_17,0,after:CompetencyNet.t_Verification_Pass,11,11,7,0
bench_expire_waiting_17,0,after:UniversityAgent.t_IssueCredential,11,11,8,0
bench_expire_waiting_17,0,after:StudentAgent.t_WaitCredential,11,11,8,0
bench_expire_waiting_17,0,after:CompetencyNet.t_SBT_Expire,11,11,8,0
bench_expire_waiting_17,0,terminal,11,11,8,0
bench_expire_waiting_18,0,creation,9,9,1,0
bench_expire_waiting_18,0,after:StudentAgent.t_SubmitEvidence,10,10,4,0
bench_expire_waiting_18,0,after:EvidenceNet.t_LMS_Submit,10,10,4,0
bench_expire_waiting_18,0,after:EvidenceNet.t_Review_Request,10,10,4,0
bench_expire_waiting_18,0,after:ProfessorAgent.t_StartReview,10,10,4,0
bench_expire_waiting_18,0,after:ProfessorAgent.t_AssessEvidence,10,10,4,0
bench_expire_waiting_18,0,after:ProfessorAgent.t_ApproveEvidence,10,10,5,0
bench_expire_waiting_18,0,after:UniversityAgent.t_VerifyEvidence,10,10,5,0
bench_expire_waiting_18,0,after:UniversityAgent.t_RequestCredential,11,11,7,0
bench_expire_waiting_18,0,after:CompetencyNet.t_Verification_Pass,11,11,7,0
bench_expire_waiting_18,0,after:UniversityAgent.t_IssueCredential,11,11,8,0
bench_expire_waiting_18,0,after:StudentAgent.t_WaitCredential,11,11,8,0
bench_expire_waiting_18,0,after:CompetencyNet.t_SBT_Expire,11,11,8,0
bench_expire_waiting_18,0,terminal,11,11,8,0
bench_expire_waiting_19,0,creation,9,9,1,0
bench_expire_waiting_19,0,after:StudentAgent.t_SubmitEvidence,10,10,4,0
bench_expire_waiting_19,0,after:EvidenceNet.t_LMS_Submit,10,10,4,0
bench_expire_waiting_19,0,after:EvidenceNet.t_Review_Request,10,10,4,0
bench_expire_waiting_19,0,after:ProfessorAgent.t_StartReview,10,10,4,0
bench_expire_waiting_19,0,after:ProfessorAgent.t_AssessEvidence,10,10,4,0
bench_expire_waiting_19,0,after:ProfessorAgent.t_ApproveEvidence,10,10,5,0
bench_expire_waiting_19,0,after:UniversityAgent.t_VerifyEvidence,10,10,5,0
bench_expire_waiting_19,0,after:UniversityAgent.t_RequestCredential,11,11,7,0
bench_expire_waiting_19,0,after:CompetencyNet.t_Verification_Pass,11,11,7,0
bench_expire_waiting_19,0,after:UniversityAgent.t_IssueCredential,11,11,8,0
bench_expire_waiting_19,0,after:StudentAgent.t_WaitCredential,11,11,8,0
bench_expire_waiting_19,0,after:CompetencyNet.t_SBT_Expire,11,11,8,0
bench_expire_waiting_19,0,terminal,11,11,8,0
bench_expire_waiting_20,0,creation,9,9,1,0
bench_expire_waiting_20,0,after:StudentAgent.t_SubmitEvidence,10,10,4,0
bench_expire_waiting_20,0,after:EvidenceNet.t_LMS_Submit,10,10,4,0
bench_expire_waiting_20,0,after:EvidenceNet.t_Review_Request,10,10,4,0
bench_expire_waiting_20,0,after:ProfessorAgent.t_StartReview,10,10,4,0
bench_expire_waiting_20,0,after:ProfessorAgent.t_AssessEvidence,10,10,4,0
bench_expire_waiting_20,0,after:ProfessorAgent.t_ApproveEvidence,10,10,5,0
bench_expire_waiting_20,0,after:UniversityAgent.t_VerifyEvidence,10,10,5,0
bench_expire_waiting_20,0,after:UniversityAgent.t_RequestCredential,11,11,7,0
bench_expire_waiting_20,0,after:CompetencyNet.t_Verification_Pass,11,11,7,0
bench_expire_waiting_20,0,after:UniversityAgent.t_IssueCredential,11,11,8,0
bench_expire_waiting_20,0,after:StudentAgent.t_WaitCredential,11,11,8,0
bench_expire_waiting_20,0,after:CompetencyNet.t_SBT_Expire,11,11,8,0
bench_expire_waiting_20,0,terminal,11,11,8,0
bench_expire_waiting_21,0,creation,9,9,1,0
bench_expire_waiting_21,0,after:StudentAgent.t_SubmitEvidence,10,10,4,0
bench_expire_waiting_21,0,after:EvidenceNet.t_LMS_Submit,10,10,4,0
bench_expire_waiting_21,0,after:EvidenceNet.t_Review_Request,10,10,4,0
bench_expire_waiting_21,0,after:ProfessorAgent.t_StartReview,10,10,4,0
bench_expire_waiting_21,0,after:ProfessorAgent.t_AssessEvidence,10,10,4,0
bench_expire_waiting_21,0,after:ProfessorAgent.t_ApproveEvidence,10,10,5,0
bench_expire_waiting_21,0,after:UniversityAgent.t_VerifyEvidence,10,10,5,0
bench_expire_waiting_21,0,after:UniversityAgent.t_RequestCredential,11,11,7,0
bench_expire_waiting_21,0,after:CompetencyNet.t_Verification_Pass,11,11,7,0
bench_expire_waiting_21,0,after:UniversityAgent.t_IssueCredential,11,11,8,0
bench_expire_waiting_21,0,after:StudentAgent.t_WaitCredential,11,11,8,0
bench_expire_waiting_21,0,after:CompetencyNet.t_SBT_Expire,11,11,8,0
bench_expire_waiting_21,0,terminal,11,11,8,0
bench_expire_waiting_22,0,creation,9,9,1,0
bench_expire_waiting_22,0,after:StudentAgent.t_SubmitEvidence,10,10,4,0
bench_expire_waiting_22,0,after:EvidenceNet.t_LMS_Submit,10,10,4,0
bench_expire_waiting_22,0,after:EvidenceNet.t_Review_Request,10,10,4,0
bench_expire_waiting_22,0,after:ProfessorAgent.t_StartReview,10,10,4,0
bench_expire_waiting_22,0,after:ProfessorAgent.t_AssessEvidence,10,10,4,0
bench_expire_waiting_22,0,after:ProfessorAgent.t_ApproveEvidence,10,10,5,0
bench_expire_waiting_22,0,after:UniversityAgent.t_VerifyEvidence,10,10,5,0
bench_expire_waiting_22,0,after:UniversityAgent.t_RequestCredential,11,11,7,0
bench_expire_waiting_22,0,after:CompetencyNet.t_Verification_Pass,11,11,7,0
bench_expire_waiting_22,0,after:UniversityAgent.t_IssueCredential,11,11,8,0
bench_expire_waiting_22,0,after:StudentAgent.t_WaitCredential,11,11,8,0
bench_expire_waiting_22,0,after:CompetencyNet.t_SBT_Expire,11,11,8,0
bench_expire_waiting_22,0,terminal,11,11,8,0
bench_expire_waiting_23,0,creation,9,9,1,0
bench_expire_waiting_23,0,after:StudentAgent.t_SubmitEvidence,10,10,4,0
bench_expire_waiting_23,0,after:EvidenceNet.t_LMS_Submit,10,10,4,0
bench_expire_waiting_23,0,after:EvidenceNet.t_Review_Request,10,10,4,0
bench_expire_waiting_23,0,after:ProfessorAgent.t_StartReview,10,10,4,0
bench_expire_waiting_23,0,after:ProfessorAgent.t_AssessEvidence,10,10,4,0
bench_expire_waiting_23,0,after:ProfessorAgent.t_ApproveEvidence,10,10,5,0
bench_expire_waiting_23,0,after:UniversityAgent.t_VerifyEvidence,10,10,5,0
bench_expire_waiting_23,0,after:UniversityAgent.t_RequestCredential,11,11,7,0
bench_expire_waiting_23,0,after:CompetencyNet.t_Verification_Pass,11,11,7,0
bench_expire_waiting_23,0,after:UniversityAgent.t_IssueCredential,11,11,8,0
bench_expire_waiting_23,0,after:StudentAgent.t_WaitCredential,11,11,8,0
bench_expire_waiting_23,0,after:CompetencyNet.t_SBT_Expire,11,11,8,0
bench_expire_waiting_23,0,terminal,11,11,8,0
bench_expire_waiting_24,0,creation,9,9,1,0
bench_expire_waiting_24,0,after:StudentAgent.t_SubmitEvidence,10,10,4,0
bench_expire_waiting_24,0,after:EvidenceNet.t_LMS_Submit,10,10,4,0
bench_expire_waiting_24,0,after:EvidenceNet.t_Review_Request,10,10,4,0
bench_expire_waiting_24,0,after:ProfessorAgent.t_StartReview,10,10,4,0
bench_expire_waiting_24,0,after:ProfessorAgent.t_AssessEvidence,10,10,4,0
bench_expire_waiting_24,0,after:ProfessorAgent.t_ApproveEvidence,10,10,5,0
bench_expire_waiting_24,0,after:UniversityAgent.t_VerifyEvidence,10,10,5,0
bench_expire_waiting_24,0,after:UniversityAgent.t_RequestCredential,11,11,7,0
bench_expire_waiting_24,0,after:CompetencyNet.t_Verification_Pass,11,11,7,0
bench_expire_waiting_24,0,after:UniversityAgent.t_IssueCredential,11,11,8,0
bench_expire_waiting_24,0,after:StudentAgent.t_WaitCredential,11,11,8,0
bench_expire_waiting_24,0,after:CompetencyNet.t_SBT_Expire,11,11,8,0
bench_expire_waiting_24,0,terminal,11,11,8,0
bench_expire_waiting_25,0,creation,9,9,1,0
bench_expire_waiting_25,0,after:StudentAgent.t_SubmitEvidence,10,10,4,0
bench_expire_waiting_25,0,after:EvidenceNet.t_LMS_Submit,10,10,4,0
bench_expire_waiting_25,0,after:EvidenceNet.t_Review_Request,10,10,4,0
bench_expire_waiting_25,0,after:ProfessorAgent.t_StartReview,10,10,4,0
bench_expire_waiting_25,0,after:ProfessorAgent.t_AssessEvidence,10,10,4,0
bench_expire_waiting_25,0,after:ProfessorAgent.t_ApproveEvidence,10,10,5,0
bench_expire_waiting_25,0,after:UniversityAgent.t_VerifyEvidence,10,10,5,0
bench_expire_waiting_25,0,after:UniversityAgent.t_RequestCredential,11,11,7,0
bench_expire_waiting_25,0,after:CompetencyNet.t_Verification_Pass,11,11,7,0
bench_expire_waiting_25,0,after:UniversityAgent.t_IssueCredential,11,11,8,0
bench_expire_waiting_25,0,after:StudentAgent.t_WaitCredential,11,11,8,0
bench_expire_waiting_25,0,after:CompetencyNet.t_SBT_Expire,11,11,8,0
bench_expire_waiting_25,0,terminal,11,11,8,0
bench_expire_waiting_26,0,creation,9,9,1,0
bench_expire_waiting_26,0,after:StudentAgent.t_SubmitEvidence,10,10,4,0
bench_expire_waiting_26,0,after:EvidenceNet.t_LMS_Submit,10,10,4,0
bench_expire_waiting_26,0,after:EvidenceNet.t_Review_Request,10,10,4,0
bench_expire_waiting_26,0,after:ProfessorAgent.t_StartReview,10,10,4,0
bench_expire_waiting_26,0,after:ProfessorAgent.t_AssessEvidence,10,10,4,0
bench_expire_waiting_26,0,after:ProfessorAgent.t_ApproveEvidence,10,10,5,0
bench_expire_waiting_26,0,after:UniversityAgent.t_VerifyEvidence,10,10,5,0
bench_expire_waiting_26,0,after:UniversityAgent.t_RequestCredential,11,11,7,0
bench_expire_waiting_26,0,after:CompetencyNet.t_Verification_Pass,11,11,7,0
bench_expire_waiting_26,0,after:UniversityAgent.t_IssueCredential,11,11,8,0
bench_expire_waiting_26,0,after:StudentAgent.t_WaitCredential,11,11,8,0
bench_expire_waiting_26,0,after:CompetencyNet.t_SBT_Expire,11,11,8,0
bench_expire_waiting_26,0,terminal,11,11,8,0
bench_expire_waiting_27,0,creation,9,9,1,0
bench_expire_waiting_27,0,after:StudentAgent.t_SubmitEvidence,10,10,4,0
bench_expire_waiting_27,0,after:EvidenceNet.t_LMS_Submit,10,10,4,0
bench_expire_waiting_27,0,after:EvidenceNet.t_Review_Request,10,10,4,0
bench_expire_waiting_27,0,after:ProfessorAgent.t_StartReview,10,10,4,0
bench_expire_waiting_27,0,after:ProfessorAgent.t_AssessEvidence,10,10,4,0
bench_expire_waiting_27,0,after:ProfessorAgent.t_ApproveEvidence,10,10,5,0
bench_expire_waiting_27,0,after:UniversityAgent.t_VerifyEvidence,10,10,5,0
bench_expire_waiting_27,0,after:UniversityAgent.t_RequestCredential,11,11,7,0
bench_expire_waiting_27,0,after:CompetencyNet.t_Verification_Pass,11,11,7,0
bench_expire_waiting_27,0,after:UniversityAgent.t_IssueCredential,11,11,8,0
bench_expire_waiting_27,0,after:StudentAgent.t_WaitCredential,11,11,8,0
bench_expire_waiting_27,0,after:CompetencyNet.t_SBT_Expire,11,11,8,0
bench_expire_waiting_27,0,terminal,11,11,8,0
bench_expire_waiting_28,0,creation,9,9,1,0
bench_expire_waiting_28,0,after:StudentAgent.t_SubmitEvidence,10,10,4,0
bench_expire_waiting_28,0,after:EvidenceNet.t_LMS_Submit,10,10,4,0
bench_expire_waiting_28,0,after:EvidenceNet.t_Review_Request,10,10,4,0
bench_expire_waiting_28,0,after:ProfessorAgent.t_StartReview,10,10,4,0
bench_expire_waiting_28,0,after:ProfessorAgent.t_AssessEvidence,10,10,4,0
bench_expire_waiting_28,0,after:ProfessorAgent.t_ApproveEvidence,10,10,5,0
bench_expire_waiting_28,0,after:UniversityAgent.t_VerifyEvidence,10,10,5,0
bench_expire_waiting_28,0,after:UniversityAgent.t_RequestCredential,11,11,7,0
bench_expire_waiting_28,0,after:CompetencyNet.t_Verification_Pass,11,11,7,0
bench_expire_waiting_28,0,after:UniversityAgent.t_IssueCredential,11,11,8,0
bench_expire_waiting_28,0,after:StudentAgent.t_WaitCredential,11,11,8,0
bench_expire_waiting_28,0,after:CompetencyNet.t_SBT_Expire,11,11,8,0
bench_expire_waiting_28,0,terminal,11,11,8,0
bench_expire_waiting_29,0,creation,9,9,1,0
bench_expire_waiting_29,0,after:StudentAgent.t_SubmitEvidence,10,10,4,0
bench_expire_waiting_29,0,after:EvidenceNet.t_LMS_Submit,10,10,4,0
bench_expire_waiting_29,0,after:EvidenceNet.t_Review_Request,10,10,4,0
bench_expire_waiting_29,0,after:ProfessorAgent.t_StartReview,10,10,4,0
bench_expire_waiting_29,0,after:ProfessorAgent.t_AssessEvidence,10,10,4,0
bench_expire_waiting_29,0,after:ProfessorAgent.t_ApproveEvidence,10,10,5,0
bench_expire_waiting_29,0,after:UniversityAgent.t_VerifyEvidence,10,10,5,0
bench_expire_waiting_29,0,after:UniversityAgent.t_RequestCredential,11,11,7,0
bench_expire_waiting_29,0,after:CompetencyNet.t_Verification_Pass,11,11,7,0
bench_expire_waiting_29,0,after:UniversityAgent.t_IssueCredential,11,11,8,0
bench_expire_waiting_29,0,after:StudentAgent.t_WaitCredential,11,11,8,0
bench_expire_waiting_29,0,after:CompetencyNet.t_SBT_Expire,11,11,8,0
bench_expire_waiting_29,0,terminal,11,11,8,0
bench_expire_waiting_30,0,creation,9,9,1,0
bench_expire_waiting_30,0,after:StudentAgent.t_SubmitEvidence,10,10,4,0
bench_expire_waiting_30,0,after:EvidenceNet.t_LMS_Submit,10,10,4,0
bench_expire_waiting_30,0,after:EvidenceNet.t_Review_Request,10,10,4,0
bench_expire_waiting_30,0,after:ProfessorAgent.t_StartReview,10,10,4,0
bench_expire_waiting_30,0,after:ProfessorAgent.t_AssessEvidence,10,10,4,0
bench_expire_waiting_30,0,after:ProfessorAgent.t_ApproveEvidence,10,10,5,0
bench_expire_waiting_30,0,after:UniversityAgent.t_VerifyEvidence,10,10,5,0
bench_expire_waiting_30,0,after:UniversityAgent.t_RequestCredential,11,11,7,0
bench_expire_waiting_30,0,after:CompetencyNet.t_Verification_Pass,11,11,7,0
bench_expire_waiting_30,0,after:UniversityAgent.t_IssueCredential,11,11,8,0
bench_expire_waiting_30,0,after:StudentAgent.t_WaitCredential,11,11,8,0
bench_expire_waiting_30,0,after:CompetencyNet.t_SBT_Expire,11,11,8,0
bench_expire_waiting_30,0,terminal,11,11,8,0
bench_bad_issuer_signature_submitted_01,0,creation,9,9,1,0
bench_bad_issuer_signature_submitted_01,0,after:StudentAgent.t_SubmitEvidence,10,10,4,0
bench_bad_issuer_signature_submitted_01,0,after:EvidenceNet.t_LMS_Submit,10,10,4,0
bench_bad_issuer_signature_submitted_01,0,after:EvidenceNet.t_Review_Request,10,10,4,0
bench_bad_issuer_signature_submitted_01,0,after:ProfessorAgent.t_StartReview,10,10,4,0
bench_bad_issuer_signature_submitted_01,0,after:ProfessorAgent.t_AssessEvidence,10,10,4,0
bench_bad_issuer_signature_submitted_01,0,after:ProfessorAgent.t_ApproveEvidence,10,10,5,0
bench_bad_issuer_signature_submitted_01,0,after:UniversityAgent.t_VerifyEvidence,10,10,5,0
bench_bad_issuer_signature_submitted_01,0,after:UniversityAgent.t_RequestCredential,11,11,7,0
bench_bad_issuer_signature_submitted_01,0,after:CompetencyNet.t_Verification_Pass,11,11,7,0
bench_bad_issuer_signature_submitted_01,0,after:UniversityAgent.t_IssueCredential,11,11,8,0
bench_bad_issuer_signature_submitted_01,0,after:CompetencyNet.t_DenyInvalidIssuerSignature,11,11,8,0
bench_bad_issuer_signature_submitted_01,0,terminal,11,11,8,0
bench_bad_issuer_signature_submitted_02,0,creation,9,9,1,0
bench_bad_issuer_signature_submitted_02,0,after:StudentAgent.t_SubmitEvidence,10,10,4,0
bench_bad_issuer_signature_submitted_02,0,after:EvidenceNet.t_LMS_Submit,10,10,4,0
bench_bad_issuer_signature_submitted_02,0,after:EvidenceNet.t_Review_Request,10,10,4,0
bench_bad_issuer_signature_submitted_02,0,after:ProfessorAgent.t_StartReview,10,10,4,0
bench_bad_issuer_signature_submitted_02,0,after:ProfessorAgent.t_AssessEvidence,10,10,4,0
bench_bad_issuer_signature_submitted_02,0,after:ProfessorAgent.t_ApproveEvidence,10,10,5,0
bench_bad_issuer_signature_submitted_02,0,after:UniversityAgent.t_VerifyEvidence,10,10,5,0
bench_bad_issuer_signature_submitted_02,0,after:UniversityAgent.t_RequestCredential,11,11,7,0
bench_bad_issuer_signature_submitted_02,0,after:CompetencyNet.t_Verification_Pass,11,11,7,0
bench_bad_issuer_signature_submitted_02,0,after:UniversityAgent.t_IssueCredential,11,11,8,0
bench_bad_issuer_signature_submitted_02,0,after:CompetencyNet.t_DenyInvalidIssuerSignature,11,11,8,0
bench_bad_issuer_signature_submitted_02,0,terminal,11,11,8,0
bench_bad_issuer_signature_submitted_03,0,creation,9,9,1,0
bench_bad_issuer_signature_submitted_03,0,after:StudentAgent.t_SubmitEvidence,10,10,4,0
bench_bad_issuer_signature_submitted_03,0,after:EvidenceNet.t_LMS_Submit,10,10,4,0
bench_bad_issuer_signature_submitted_03,0,after:EvidenceNet.t_Review_Request,10,10,4,0
bench_bad_issuer_signature_submitted_03,0,after:ProfessorAgent.t_StartReview,10,10,4,0
bench_bad_issuer_signature_submitted_03,0,after:ProfessorAgent.t_AssessEvidence,10,10,4,0
bench_bad_issuer_signature_submitted_03,0,after:ProfessorAgent.t_ApproveEvidence,10,10,5,0
bench_bad_issuer_signature_submitted_03,0,after:UniversityAgent.t_VerifyEvidence,10,10,5,0
bench_bad_issuer_signature_submitted_03,0,after:UniversityAgent.t_RequestCredential,11,11,7,0
bench_bad_issuer_signature_submitted_03,0,after:CompetencyNet.t_Verification_Pass,11,11,7,0
bench_bad_issuer_signature_submitted_03,0,after:UniversityAgent.t_IssueCredential,11,11,8,0
bench_bad_issuer_signature_submitted_03,0,after:CompetencyNet.t_DenyInvalidIssuerSignature,11,11,8,0
bench_bad_issuer_signature_submitted_03,0,terminal,11,11,8,0
bench_bad_issuer_signature_submitted_04,0,creation,9,9,1,0
bench_bad_issuer_signature_submitted_04,0,after:StudentAgent.t_SubmitEvidence,10,10,4,0
bench_bad_issuer_signature_submitted_04,0,after:EvidenceNet.t_LMS_Submit,10,10,4,0
bench_bad_issuer_signature_submitted_04,0,after:EvidenceNet.t_Review_Request,10,10,4,0
bench_bad_issuer_signature_submitted_04,0,after:ProfessorAgent.t_StartReview,10,10,4,0
bench_bad_issuer_signature_submitted_04,0,after:ProfessorAgent.t_AssessEvidence,10,10,4,0
bench_bad_issuer_signature_submitted_04,0,after:ProfessorAgent.t_ApproveEvidence,10,10,5,0
bench_bad_issuer_signature_submitted_04,0,after:UniversityAgent.t_VerifyEvidence,10,10,5,0
bench_bad_issuer_signature_submitted_04,0,after:UniversityAgent.t_RequestCredential,11,11,7,0
bench_bad_issuer_signature_submitted_04,0,after:CompetencyNet.t_Verification_Pass,11,11,7,0
bench_bad_issuer_signature_submitted_04,0,after:UniversityAgent.t_IssueCredential,11,11,8,0
bench_bad_issuer_signature_submitted_04,0,after:CompetencyNet.t_DenyInvalidIssuerSignature,11,11,8,0
bench_bad_issuer_signature_submitted_04,0,terminal,11,11,8,0
bench_bad_issuer_signature_submitted_05,0,creation,9,9,1,0
bench_bad_issuer_signature_submitted_05,0,after:StudentAgent.t_SubmitEvidence,10,10,4,0
bench_bad_issuer_signature_submitted_05,0,after:EvidenceNet.t_LMS_Submit,10,10,4,0
bench_bad_issuer_signature_submitted_05,0,after:EvidenceNet.t_Review_Request,10,10,4,0
bench_bad_issuer_signature_submitted_05,0,after:ProfessorAgent.t_StartReview,10,10,4,0
bench_bad_issuer_signature_submitted_05,0,after:ProfessorAgent.t_AssessEvidence,10,10,4,0
bench_bad_issuer_signature_submitted_05,0,after:ProfessorAgent.t_ApproveEvidence,10,10,5,0
bench_bad_issuer_signature_submitted_05,0,after:UniversityAgent.t_VerifyEvidence,10,10,5,0
bench_bad_issuer_signature_submitted_05,0,after:UniversityAgent.t_RequestCredential,11,11,7,0
bench_bad_issuer_signature_submitted_05,0,after:CompetencyNet.t_Verification_Pass,11,11,7,0
bench_bad_issuer_signature_submitted_05,0,after:UniversityAgent.t_IssueCredential,11,11,8,0
bench_bad_issuer_signature_submitted_05,0,after:CompetencyNet.t_DenyInvalidIssuerSignature,11,11,8,0
bench_bad_issuer_signature_submitted_05,0,terminal,11,11,8,0
bench_bad_issuer_signature_submitted_06,0,creation,9,9,1,0
bench_bad_issuer_signature_submitted_06,0,after:StudentAgent.t_SubmitEvidence,10,10,4,0
bench_bad_issuer_signature_submitted_06,0,after:EvidenceNet.t_LMS_Submit,10,10,4,0
bench_bad_issuer_signature_submitted_06,0,after:EvidenceNet.t_Review_Request,10,10,4,0
bench_bad_issuer_signature_submitted_06,0,after:ProfessorAgent.t_StartReview,10,10,4,0
bench_bad_issuer_signature_submitted_06,0,after:ProfessorAgent.t_AssessEvidence,10,10,4,0
bench_bad_issuer_signature_submitted_06,0,after:ProfessorAgent.t_ApproveEvidence,10,10,5,0
bench_bad_issuer_signature_submitted_06,0,after:UniversityAgent.t_VerifyEvidence,10,10,5,0
bench_bad_issuer_signature_submitted_06,0,after:UniversityAgent.t_RequestCredential,11,11,7,0
bench_bad_issuer_signature_submitted_06,0,after:CompetencyNet.t_Verification_Pass,11,11,7,0
bench_bad_issuer_signature_submitted_06,0,after:UniversityAgent.t_IssueCredential,11,11,8,0
bench_bad_issuer_signature_submitted_06,0,after:CompetencyNet.t_DenyInvalidIssuerSignature,11,11,8,0
bench_bad_issuer_signature_submitted_06,0,terminal,11,11,8,0
bench_bad_issuer_signature_submitted_07,0,creation,9,9,1,0
bench_bad_issuer_signature_submitted_07,0,after:StudentAgent.t_SubmitEvidence,10,10,4,0
bench_bad_issuer_signature_submitted_07,0,after:EvidenceNet.t_LMS_Submit,10,10,4,0
bench_bad_issuer_signature_submitted_07,0,after:EvidenceNet.t_Review_Request,10,10,4,0
bench_bad_issuer_signature_submitted_07,0,after:ProfessorAgent.t_StartReview,10,10,4,0
bench_bad_issuer_signature_submitted_07,0,after:ProfessorAgent.t_AssessEvidence,10,10,4,0
bench_bad_issuer_signature_submitted_07,0,after:ProfessorAgent.t_ApproveEvidence,10,10,5,0
bench_bad_issuer_signature_submitted_07,0,after:UniversityAgent.t_VerifyEvidence,10,10,5,0
bench_bad_issuer_signature_submitted_07,0,after:UniversityAgent.t_RequestCredential,11,11,7,0
bench_bad_issuer_signature_submitted_07,0,after:CompetencyNet.t_Verification_Pass,11,11,7,0
bench_bad_issuer_signature_submitted_07,0,after:UniversityAgent.t_IssueCredential,11,11,8,0
bench_bad_issuer_signature_submitted_07,0,after:CompetencyNet.t_DenyInvalidIssuerSignature,11,11,8,0
bench_bad_issuer_signature_submitted_07,0,terminal,11,11,8,0
bench_bad_issuer_signature_submitted_08,0,creation,9,9,1,0
bench_bad_issuer_signature_submitted_08,0,after:StudentAgent.t_SubmitEvidence,10,10,4,0
bench_bad_issuer_signature_submitted_08,0,after:EvidenceNet.t_LMS_Submit,10,10,4,0
bench_bad_issuer_signature_submitted_08,0,after:EvidenceNet.t_Review_Request,10,10,4,0
bench_bad_issuer_signature_submitted_08,0,after:ProfessorAgent.t_StartReview,10,10,4,0
bench_bad_issuer_signature_submitted_08,0,after:ProfessorAgent.t_AssessEvidence,10,10,4,0
bench_bad_issuer_signature_submitted_08,0,after:ProfessorAgent.t_ApproveEvidence,10,10,5,0
bench_bad_issuer_signature_submitted_08,0,after:UniversityAgent.t_VerifyEvidence,10,10,5,0
bench_bad_issuer_signature_submitted_08,0,after:UniversityAgent.t_RequestCredential,11,11,7,0
bench_bad_issuer_signature_submitted_08,0,after:CompetencyNet.t_Verification_Pass,11,11,7,0
bench_bad_issuer_signature_submitted_08,0,after:UniversityAgent.t_IssueCredential,11,11,8,0
bench_bad_issuer_signature_submitted_08,0,after:CompetencyNet.t_DenyInvalidIssuerSignature,11,11,8,0
bench_bad_issuer_signature_submitted_08,0,terminal,11,11,8,0
bench_bad_issuer_signature_submitted_09,0,creation,9,9,1,0
bench_bad_issuer_signature_submitted_09,0,after:StudentAgent.t_SubmitEvidence,10,10,4,0
bench_bad_issuer_signature_submitted_09,0,after:EvidenceNet.t_LMS_Submit,10,10,4,0
bench_bad_issuer_signature_submitted_09,0,after:EvidenceNet.t_Review_Request,10,10,4,0
bench_bad_issuer_signature_submitted_09,0,after:ProfessorAgent.t_StartReview,10,10,4,0
bench_bad_issuer_signature_submitted_09,0,after:ProfessorAgent.t_AssessEvidence,10,10,4,0
bench_bad_issuer_signature_submitted_09,0,after:ProfessorAgent.t_ApproveEvidence,10,10,5,0
bench_bad_issuer_signature_submitted_09,0,after:UniversityAgent.t_VerifyEvidence,10,10,5,0
bench_bad_issuer_signature_submitted_09,0,after:UniversityAgent.t_RequestCredential,11,11,7,0
bench_bad_issuer_signature_submitted_09,0,after:CompetencyNet.t_Verification_Pass,11,11,7,0
bench_bad_issuer_signature_submitted_09,0,after:UniversityAgent.t_IssueCredential,11,11,8,0
bench_bad_issuer_signature_submitted_09,0,after:CompetencyNet.t_DenyInvalidIssuerSignature,11,11,8,0
bench_bad_issuer_signature_submitted_09,0,terminal,11,11,8,0
bench_bad_issuer_signature_submitted_10,0,creation,9,9,1,0
bench_bad_issuer_signature_submitted_10,0,after:StudentAgent.t_SubmitEvidence,10,10,4,0
bench_bad_issuer_signature_submitted_10,0,after:EvidenceNet.t_LMS_Submit,10,10,4,0
bench_bad_issuer_signature_submitted_10,0,after:EvidenceNet.t_Review_Request,10,10,4,0
bench_bad_issuer_signature_submitted_10,0,after:ProfessorAgent.t_StartReview,10,10,4,0
bench_bad_issuer_signature_submitted_10,0,after:ProfessorAgent.t_AssessEvidence,10,10,4,0
bench_bad_issuer_signature_submitted_10,0,after:ProfessorAgent.t_ApproveEvidence,10,10,5,0
bench_bad_issuer_signature_submitted_10,0,after:UniversityAgent.t_VerifyEvidence,10,10,5,0
bench_bad_issuer_signature_submitted_10,0,after:UniversityAgent.t_RequestCredential,11,11,7,0
bench_bad_issuer_signature_submitted_10,0,after:CompetencyNet.t_Verification_Pass,11,11,7,0
bench_bad_issuer_signature_submitted_10,0,after:UniversityAgent.t_IssueCredential,11,11,8,0
bench_bad_issuer_signature_submitted_10,0,after:CompetencyNet.t_DenyInvalidIssuerSignature,11,11,8,0
bench_bad_issuer_signature_submitted_10,0,terminal,11,11,8,0
bench_bad_issuer_signature_submitted_11,0,creation,9,9,1,0
bench_bad_issuer_signature_submitted_11,0,after:StudentAgent.t_SubmitEvidence,10,10,4,0
bench_bad_issuer_signature_submitted_11,0,after:EvidenceNet.t_LMS_Submit,10,10,4,0
bench_bad_issuer_signature_submitted_11,0,after:EvidenceNet.t_Review_Request,10,10,4,0
bench_bad_issuer_signature_submitted_11,0,after:ProfessorAgent.t_StartReview,10,10,4,0
bench_bad_issuer_signature_submitted_11,0,after:ProfessorAgent.t_AssessEvidence,10,10,4,0
bench_bad_issuer_signature_submitted_11,0,after:ProfessorAgent.t_ApproveEvidence,10,10,5,0
bench_bad_issuer_signature_submitted_11,0,after:UniversityAgent.t_VerifyEvidence,10,10,5,0
bench_bad_issuer_signature_submitted_11,0,after:UniversityAgent.t_RequestCredential,11,11,7,0
bench_bad_issuer_signature_submitted_11,0,after:CompetencyNet.t_Verification_Pass,11,11,7,0
bench_bad_issuer_signature_submitted_11,0,after:UniversityAgent.t_IssueCredential,11,11,8,0
bench_bad_issuer_signature_submitted_11,0,after:CompetencyNet.t_DenyInvalidIssuerSignature,11,11,8,0
bench_bad_issuer_signature_submitted_11,0,terminal,11,11,8,0
bench_bad_issuer_signature_submitted_12,0,creation,9,9,1,0
bench_bad_issuer_signature_submitted_12,0,after:StudentAgent.t_SubmitEvidence,10,10,4,0
bench_bad_issuer_signature_submitted_12,0,after:EvidenceNet.t_LMS_Submit,10,10,4,0
bench_bad_issuer_signature_submitted_12,0,after:EvidenceNet.t_Review_Request,10,10,4,0
bench_bad_issuer_signature_submitted_12,0,after:ProfessorAgent.t_StartReview,10,10,4,0
bench_bad_issuer_signature_submitted_12,0,after:ProfessorAgent.t_AssessEvidence,10,10,4,0
bench_bad_issuer_signature_submitted_12,0,after:ProfessorAgent.t_ApproveEvidence,10,10,5,0
bench_bad_issuer_signature_submitted_12,0,after:UniversityAgent.t_VerifyEvidence,10,10,5,0
bench_bad_issuer_signature_submitted_12,0,after:UniversityAgent.t_RequestCredential,11,11,7,0
bench_bad_issuer_signature_submitted_12,0,after:CompetencyNet.t_Verification_Pass,11,11,7,0
bench_bad_issuer_signature_submitted_12,0,after:UniversityAgent.t_IssueCredential,11,11,8,0
bench_bad_issuer_signature_submitted_12,0,after:CompetencyNet.t_DenyInvalidIssuerSignature,11,11,8,0
bench_bad_issuer_signature_submitted_12,0,terminal,11,11,8,0
bench_bad_issuer_signature_submitted_13,0,creation,9,9,1,0
bench_bad_issuer_signature_submitted_13,0,after:StudentAgent.t_SubmitEvidence,10,10,4,0
bench_bad_issuer_signature_submitted_13,0,after:EvidenceNet.t_LMS_Submit,10,10,4,0
bench_bad_issuer_signature_submitted_13,0,after:EvidenceNet.t_Review_Request,10,10,4,0
bench_bad_issuer_signature_submitted_13,0,after:ProfessorAgent.t_StartReview,10,10,4,0
bench_bad_issuer_signature_submitted_13,0,after:ProfessorAgent.t_AssessEvidence,10,10,4,0
bench_bad_issuer_signature_submitted_13,0,after:ProfessorAgent.t_ApproveEvidence,10,10,5,0
bench_bad_issuer_signature_submitted_13,0,after:UniversityAgent.t_VerifyEvidence,10,10,5,0
bench_bad_issuer_signature_submitted_13,0,after:UniversityAgent.t_RequestCredential,11,11,7,0
bench_bad_issuer_signature_submitted_13,0,after:CompetencyNet.t_Verification_Pass,11,11,7,0
bench_bad_issuer_signature_submitted_13,0,after:UniversityAgent.t_IssueCredential,11,11,8,0
bench_bad_issuer_signature_submitted_13,0,after:CompetencyNet.t_DenyInvalidIssuerSignature,11,11,8,0
bench_bad_issuer_signature_submitted_13,0,terminal,11,11,8,0
bench_bad_issuer_signature_submitted_14,0,creation,9,9,1,0
bench_bad_issuer_signature_submitted_14,0,after:StudentAgent.t_SubmitEvidence,10,10,4,0
bench_bad_issuer_signature_submitted_14,0,after:EvidenceNet.t_LMS_Submit,10,10,4,0
bench_bad_issuer_signature_submitted_14,0,after:EvidenceNet.t_Review_Request,10,10,4,0
bench_bad_issuer_signature_submitted_14,0,after:ProfessorAgent.t_StartReview,10,10,4,0
bench_bad_issuer_signature_submitted_14,0,after:ProfessorAgent.t_AssessEvidence,10,10,4,0
bench_bad_issuer_signature_submitted_14,0,after:ProfessorAgent.t_ApproveEvidence,10,10,5,0
bench_bad_issuer_signature_submitted_14,0,after:UniversityAgent.t_VerifyEvidence,10,10,5,0
bench_bad_issuer_signature_submitted_14,0,after:UniversityAgent.t_RequestCredential,11,11,7,0
bench_bad_issuer_signature_submitted_14,0,after:CompetencyNet.t_Verification_Pass,11,11,7,0
bench_bad_issuer_signature_submitted_14,0,after:UniversityAgent.t_IssueCredential,11,11,8,0
bench_bad_issuer_signature_submitted_14,0,after:CompetencyNet.t_DenyInvalidIssuerSignature,11,11,8,0
bench_bad_issuer_signature_submitted_14,0,terminal,11,11,8,0
bench_bad_issuer_signature_submitted_15,0,creation,9,9,1,0
bench_bad_issuer_signature_submitted_15,0,after:StudentAgent.t_SubmitEvidence,10,10,4,0
bench_bad_issuer_signature_submitted_15,0,after:EvidenceNet.t_LMS_Submit,10,10,4,0
bench_bad_issuer_signature_submitted_15,0,after:EvidenceNet.t_Review_Request,10,10,4,0
bench_bad_issuer_signature_submitted_15,0,after:ProfessorAgent.t_StartReview,10,10,4,0
bench_bad_issuer_signature_submitted_15,0,after:ProfessorAgent.t_AssessEvidence,10,10,4,0
bench_bad_issuer_signature_submitted_15,0,after:ProfessorAgent.t_ApproveEvidence,10,10,5,0
bench_bad_issuer_signature_submitted_15,0,after:UniversityAgent.t_VerifyEvidence,10,10,5,0
bench_bad_issuer_signature_submitted_15,0,after:UniversityAgent.t_RequestCredential,11,11,7,0
bench_bad_issuer_signature_submitted_15,0,after:CompetencyNet.t_Verification_Pass,11,11,7,0
bench_bad_issuer_signature_submitted_15,0,after:UniversityAgent.t_IssueCredential,11,11,8,0
bench_bad_issuer_signature_submitted_15,0,after:CompetencyNet.t_DenyInvalidIssuerSignature,11,11,8,0
bench_bad_issuer_signature_submitted_15,0,terminal,11,11,8,0
bench_bad_issuer_signature_submitted_16,0,creation,9,9,1,0
bench_bad_issuer_signature_submitted_16,0,after:StudentAgent.t_SubmitEvidence,10,10,4,0
bench_bad_issuer_signature_submitted_16,0,after:EvidenceNet.t_LMS_Submit,10,10,4,0
bench_bad_issuer_signature_submitted_16,0,after:EvidenceNet.t_Review_Request,10,10,4,0
bench_bad_issuer_signature_submitted_16,0,after:ProfessorAgent.t_StartReview,10,10,4,0
bench_bad_issuer_signature_submitted_16,0,after:ProfessorAgent.t_AssessEvidence,10,10,4,0
bench_bad_issuer_signature_submitted_16,0,after:ProfessorAgent.t_ApproveEvidence,10,10,5,0
bench_bad_issuer_signature_submitted_16,0,after:UniversityAgent.t_VerifyEvidence,10,10,5,0
bench_bad_issuer_signature_submitted_16,0,after:UniversityAgent.t_RequestCredential,11,11,7,0
bench_bad_issuer_signature_submitted_16,0,after:CompetencyNet.t_Verification_Pass,11,11,7,0
bench_bad_issuer_signature_submitted_16,0,after:UniversityAgent.t_IssueCredential,11,11,8,0
bench_bad_issuer_signature_submitted_16,0,after:CompetencyNet.t_DenyInvalidIssuerSignature,11,11,8,0
bench_bad_issuer_signature_submitted_16,0,terminal,11,11,8,0
bench_bad_issuer_signature_submitted_17,0,creation,9,9,1,0
bench_bad_issuer_signature_submitted_17,0,after:StudentAgent.t_SubmitEvidence,10,10,4,0
bench_bad_issuer_signature_submitted_17,0,after:EvidenceNet.t_LMS_Submit,10,10,4,0
bench_bad_issuer_signature_submitted_17,0,after:EvidenceNet.t_Review_Request,10,10,4,0
bench_bad_issuer_signature_submitted_17,0,after:ProfessorAgent.t_StartReview,10,10,4,0
bench_bad_issuer_signature_submitted_17,0,after:ProfessorAgent.t_AssessEvidence,10,10,4,0
bench_bad_issuer_signature_submitted_17,0,after:ProfessorAgent.t_ApproveEvidence,10,10,5,0
bench_bad_issuer_signature_submitted_17,0,after:UniversityAgent.t_VerifyEvidence,10,10,5,0
bench_bad_issuer_signature_submitted_17,0,after:UniversityAgent.t_RequestCredential,11,11,7,0
bench_bad_issuer_signature_submitted_17,0,after:CompetencyNet.t_Verification_Pass,11,11,7,0
bench_bad_issuer_signature_submitted_17,0,after:UniversityAgent.t_IssueCredential,11,11,8,0
bench_bad_issuer_signature_submitted_17,0,after:CompetencyNet.t_DenyInvalidIssuerSignature,11,11,8,0
bench_bad_issuer_signature_submitted_17,0,terminal,11,11,8,0
bench_bad_issuer_signature_submitted_18,0,creation,9,9,1,0
bench_bad_issuer_signature_submitted_18,0,after:StudentAgent.t_SubmitEvidence,10,10,4,0
bench_bad_issuer_signature_submitted_18,0,after:EvidenceNet.t_LMS_Submit,10,10,4,0
bench_bad_issuer_signature_submitted_18,0,after:EvidenceNet.t_Review_Request,10,10,4,0
bench_bad_issuer_signature_submitted_18,0,after:ProfessorAgent.t_StartReview,10,10,4,0
bench_bad_issuer_signature_submitted_18,0,after:ProfessorAgent.t_AssessEvidence,10,10,4,0
bench_bad_issuer_signature_submitted_18,0,after:ProfessorAgent.t_ApproveEvidence,10,10,5,0
bench_bad_issuer_signature_submitted_18,0,after:UniversityAgent.t_VerifyEvidence,10,10,5,0
bench_bad_issuer_signature_submitted_18,0,after:UniversityAgent.t_RequestCredential,11,11,7,0
bench_bad_issuer_signature_submitted_18,0,after:CompetencyNet.t_Verification_Pass,11,11,7,0
bench_bad_issuer_signature_submitted_18,0,after:UniversityAgent.t_IssueCredential,11,11,8,0
bench_bad_issuer_signature_submitted_18,0,after:CompetencyNet.t_DenyInvalidIssuerSignature,11,11,8,0
bench_bad_issuer_signature_submitted_18,0,terminal,11,11,8,0
bench_bad_issuer_signature_submitted_19,0,creation,9,9,1,0
bench_bad_issuer_signature_submitted_19,0,after:StudentAgent.t_SubmitEvidence,10,10,4,0
bench_bad_issuer_signature_submitted_19,0,after:EvidenceNet.t_LMS_Submit,10,10,4,0
bench_bad_issuer_signature_submitted_19,0,after:EvidenceNet.t_Review_Request,10,10,4,0
bench_bad_issuer_signature_submitted_19,0,after:ProfessorAgent.t_StartReview,10,10,4,0
bench_bad_issuer_signature_submitted_19,0,after:ProfessorAgent.t_AssessEvidence,10,10,4,0
bench_bad_issuer_signature_submitted_19,0,after:ProfessorAgent.t_ApproveEvidence,10,10,5,0
bench_bad_issuer_signature_submitted_19,0,after:UniversityAgent.t_VerifyEvidence,10,10,5,0
bench_bad_issuer_signature_submitted_19,0,after:UniversityAgent.t_RequestCredential,11,11,7,0
bench_bad_issuer_signature_submitted_19,0,after:CompetencyNet.t_Verification_Pass,11,11,7,0
bench_bad_issuer_signature_submitted_19,0,after:UniversityAgent.t_IssueCredential,11,11,8,0
bench_bad_issuer_signature_submitted_19,0,after:CompetencyNet.t_DenyInvalidIssuerSignature,11,11,8,0
bench_bad_issuer_signature_submitted_19,0,terminal,11,11,8,0
bench_bad_issuer_signature_submitted_20,0,creation,9,9,1,0
bench_bad_issuer_signature_submitted_20,0,after:StudentAgent.t_SubmitEvidence,10,10,4,0
bench_bad_issuer_signature_submitted_20,0,after:EvidenceNet.t_LMS_Submit,10,10,4,0
bench_bad_issuer_signature_submitted_20,0,after:EvidenceNet.t_Review_Request,10,10,4,0
bench_bad_issuer_signature_submitted_20,0,after:ProfessorAgent.t_StartReview,10,10,4,0
bench_bad_issuer_signature_submitted_20,0,after:ProfessorAgent.t_AssessEvidence,10,10,4,0
bench_bad_issuer_signature_submitted_20,0,after:ProfessorAgent.t_ApproveEvidence,10,10,5,0
bench_bad_issuer_signature_submitted_20,0,after:UniversityAgent.t_VerifyEvidence,10,10,5,0
bench_bad_issuer_signature_submitted_20,0,after:UniversityAgent.t_RequestCredential,11,11,7,0
bench_bad_issuer_signature_submitted_20,0,after:CompetencyNet.t_Verification_Pass,11,11,7,0
bench_bad_issuer_signature_submitted_20,0,after:UniversityAgent.t_IssueCredential,11,11,8,0
bench_bad_issuer_signature_submitted_20,0,after:CompetencyNet.t_DenyInvalidIssuerSignature,11,11,8,0
bench_bad_issuer_signature_submitted_20,0,terminal,11,11,8,0
bench_bad_issuer_signature_submitted_21,0,creation,9,9,1,0
bench_bad_issuer_signature_submitted_21,0,after:StudentAgent.t_SubmitEvidence,10,10,4,0
bench_bad_issuer_signature_submitted_21,0,after:EvidenceNet.t_LMS_Submit,10,10,4,0
bench_bad_issuer_signature_submitted_21,0,after:EvidenceNet.t_Review_Request,10,10,4,0
bench_bad_issuer_signature_submitted_21,0,after:ProfessorAgent.t_StartReview,10,10,4,0
bench_bad_issuer_signature_submitted_21,0,after:ProfessorAgent.t_AssessEvidence,10,10,4,0
bench_bad_issuer_signature_submitted_21,0,after:ProfessorAgent.t_ApproveEvidence,10,10,5,0
bench_bad_issuer_signature_submitted_21,0,after:UniversityAgent.t_VerifyEvidence,10,10,5,0
bench_bad_issuer_signature_submitted_21,0,after:UniversityAgent.t_RequestCredential,11,11,7,0
bench_bad_issuer_signature_submitted_21,0,after:CompetencyNet.t_Verification_Pass,11,11,7,0
bench_bad_issuer_signature_submitted_21,0,after:UniversityAgent.t_IssueCredential,11,11,8,0
bench_bad_issuer_signature_submitted_21,0,after:CompetencyNet.t_DenyInvalidIssuerSignature,11,11,8,0
bench_bad_issuer_signature_submitted_21,0,terminal,11,11,8,0
bench_bad_issuer_signature_submitted_22,0,creation,9,9,1,0
bench_bad_issuer_signature_submitted_22,0,after:StudentAgent.t_SubmitEvidence,10,10,4,0
bench_bad_issuer_signature_submitted_22,0,after:EvidenceNet.t_LMS_Submit,10,10,4,0
bench_bad_issuer_signature_submitted_22,0,after:EvidenceNet.t_Review_Request,10,10,4,0
bench_bad_issuer_signature_submitted_22,0,after:ProfessorAgent.t_StartReview,10,10,4,0
bench_bad_issuer_signature_submitted_22,0,after:ProfessorAgent.t_AssessEvidence,10,10,4,0
bench_bad_issuer_signature_submitted_22,0,after:ProfessorAgent.t_ApproveEvidence,10,10,5,0
bench_bad_issuer_signature_submitted_22,0,after:UniversityAgent.t_VerifyEvidence,10,10,5,0
bench_bad_issuer_signature_submitted_22,0,after:UniversityAgent.t_RequestCredential,11,11,7,0
bench_bad_issuer_signature_submitted_22,0,after:CompetencyNet.t_Verification_Pass,11,11,7,0
bench_bad_issuer_signature_submitted_22,0,after:UniversityAgent.t_IssueCredential,11,11,8,0
bench_bad_issuer_signature_submitted_22,0,after:CompetencyNet.t_DenyInvalidIssuerSignature,11,11,8,0
bench_bad_issuer_signature_submitted_22,0,terminal,11,11,8,0
bench_bad_issuer_signature_submitted_23,0,creation,9,9,1,0
bench_bad_issuer_signature_submitted_23,0,after:StudentAgent.t_SubmitEvidence,10,10,4,0
bench_bad_issuer_signature_submitted_23,0,after:EvidenceNet.t_LMS_Submit,10,10,4,0
bench_bad_issuer_signature_submitted_23,0,after:EvidenceNet.t_Review_Request,10,10,4,0
bench_bad_issuer_signature_submitted_23,0,after:ProfessorAgent.t_StartReview,10,10,4,0
bench_bad_issuer_signature_submitted_23,0,after:ProfessorAgent.t_AssessEvidence,10,10,4,0
bench_bad_issuer_signature_submitted_23,0,after:ProfessorAgent.t_ApproveEvidence,10,10,5,0
bench_bad_issuer_signature_submitted_23,0,after:UniversityAgent.t_VerifyEvidence,10,10,5,0
bench_bad_issuer_signature_submitted_23,0,after:UniversityAgent.t_RequestCredential,11,11,7,0
bench_bad_issuer_signature_submitted_23,0,after:CompetencyNet.t_Verification_Pass,11,11,7,0
bench_bad_issuer_signature_submitted_23,0,after:UniversityAgent.t_IssueCredential,11,11,8,0
bench_bad_issuer_signature_submitted_23,0,after:CompetencyNet.t_DenyInvalidIssuerSignature,11,11,8,0
bench_bad_issuer_signature_submitted_23,0,terminal,11,11,8,0
bench_bad_issuer_signature_submitted_24,0,creation,9,9,1,0
bench_bad_issuer_signature_submitted_24,0,after:StudentAgent.t_SubmitEvidence,10,10,4,0
bench_bad_issuer_signature_submitted_24,0,after:EvidenceNet.t_LMS_Submit,10,10,4,0
bench_bad_issuer_signature_submitted_24,0,after:EvidenceNet.t_Review_Request,10,10,4,0
bench_bad_issuer_signature_submitted_24,0,after:ProfessorAgent.t_StartReview,10,10,4,0
bench_bad_issuer_signature_submitted_24,0,after:ProfessorAgent.t_AssessEvidence,10,10,4,0
bench_bad_issuer_signature_submitted_24,0,after:ProfessorAgent.t_ApproveEvidence,10,10,5,0
bench_bad_issuer_signature_submitted_24,0,after:UniversityAgent.t_VerifyEvidence,10,10,5,0
bench_bad_issuer_signature_submitted_24,0,after:UniversityAgent.t_RequestCredential,11,11,7,0
bench_bad_issuer_signature_submitted_24,0,after:CompetencyNet.t_Verification_Pass,11,11,7,0
bench_bad_issuer_signature_submitted_24,0,after:UniversityAgent.t_IssueCredential,11,11,8,0
bench_bad_issuer_signature_submitted_24,0,after:CompetencyNet.t_DenyInvalidIssuerSignature,11,11,8,0
bench_bad_issuer_signature_submitted_24,0,terminal,11,11,8,0
bench_bad_issuer_signature_submitted_25,0,creation,9,9,1,0
bench_bad_issuer_signature_submitted_25,0,after:StudentAgent.t_SubmitEvidence,10,10,4,0
bench_bad_issuer_signature_submitted_25,0,after:EvidenceNet.t_LMS_Submit,10,10,4,0
bench_bad_issuer_signature_submitted_25,0,after:EvidenceNet.t_Review_Request,10,10,4,0
bench_bad_issuer_signature_submitted_25,0,after:ProfessorAgent.t_StartReview,10,10,4,0
bench_bad_issuer_signature_submitted_25,0,after:ProfessorAgent.t_AssessEvidence,10,10,4,0
bench_bad_issuer_signature_submitted_25,0,after:ProfessorAgent.t_ApproveEvidence,10,10,5,0
bench_bad_issuer_signature_submitted_25,0,after:UniversityAgent.t_VerifyEvidence,10,10,5,0
bench_bad_issuer_signature_submitted_25,0,after:UniversityAgent.t_RequestCredential,11,11,7,0
bench_bad_issuer_signature_submitted_25,0,after:CompetencyNet.t_Verification_Pass,11,11,7,0
bench_bad_issuer_signature_submitted_25,0,after:UniversityAgent.t_IssueCredential,11,11,8,0
bench_bad_issuer_signature_submitted_25,0,after:CompetencyNet.t_DenyInvalidIssuerSignature,11,11,8,0
bench_bad_issuer_signature_submitted_25,0,terminal,11,11,8,0
bench_bad_issuer_signature_submitted_26,0,creation,9,9,1,0
bench_bad_issuer_signature_submitted_26,0,after:StudentAgent.t_SubmitEvidence,10,10,4,0
bench_bad_issuer_signature_submitted_26,0,after:EvidenceNet.t_LMS_Submit,10,10,4,0
bench_bad_issuer_signature_submitted_26,0,after:EvidenceNet.t_Review_Request,10,10,4,0
bench_bad_issuer_signature_submitted_26,0,after:ProfessorAgent.t_StartReview,10,10,4,0
bench_bad_issuer_signature_submitted_26,0,after:ProfessorAgent.t_AssessEvidence,10,10,4,0
bench_bad_issuer_signature_submitted_26,0,after:ProfessorAgent.t_ApproveEvidence,10,10,5,0
bench_bad_issuer_signature_submitted_26,0,after:UniversityAgent.t_VerifyEvidence,10,10,5,0
bench_bad_issuer_signature_submitted_26,0,after:UniversityAgent.t_RequestCredential,11,11,7,0
bench_bad_issuer_signature_submitted_26,0,after:CompetencyNet.t_Verification_Pass,11,11,7,0
bench_bad_issuer_signature_submitted_26,0,after:UniversityAgent.t_IssueCredential,11,11,8,0
bench_bad_issuer_signature_submitted_26,0,after:CompetencyNet.t_DenyInvalidIssuerSignature,11,11,8,0
bench_bad_issuer_signature_submitted_26,0,terminal,11,11,8,0
bench_bad_issuer_signature_submitted_27,0,creation,9,9,1,0
bench_bad_issuer_signature_submitted_27,0,after:StudentAgent.t_SubmitEvidence,10,10,4,0
bench_bad_issuer_signature_submitted_27,0,after:EvidenceNet.t_LMS_Submit,10,10,4,0
bench_bad_issuer_signature_submitted_27,0,after:EvidenceNet.t_Review_Request,10,10,4,0
bench_bad_issuer_signature_submitted_27,0,after:ProfessorAgent.t_StartReview,10,10,4,0
bench_bad_issuer_signature_submitted_27,0,after:ProfessorAgent.t_AssessEvidence,10,10,4,0
bench_bad_issuer_signature_submitted_27,0,after:ProfessorAgent.t_ApproveEvidence,10,10,5,0
bench_bad_issuer_signature_submitted_27,0,after:UniversityAgent.t_VerifyEvidence,10,10,5,0
bench_bad_issuer_signature_submitted_27,0,after:UniversityAgent.t_RequestCredential,11,11,7,0
bench_bad_issuer_signature_submitted_27,0,after:CompetencyNet.t_Verification_Pass,11,11,7,0
bench_bad_issuer_signature_submitted_27,0,after:UniversityAgent.t_IssueCredential,11,11,8,0
bench_bad_issuer_signature_submitted_27,0,after:CompetencyNet.t_DenyInvalidIssuerSignature,11,11,8,0
bench_bad_issuer_signature_submitted_27,0,terminal,11,11,8,0
bench_bad_issuer_signature_submitted_28,0,creation,9,9,1,0
bench_bad_issuer_signature_submitted_28,0,after:StudentAgent.t_SubmitEvidence,10,10,4,0
bench_bad_issuer_signature_submitted_28,0,after:EvidenceNet.t_LMS_Submit,10,10,4,0
bench_bad_issuer_signature_submitted_28,0,after:EvidenceNet.t_Review_Request,10,10,4,0
bench_bad_issuer_signature_submitted_28,0,after:ProfessorAgent.t_StartReview,10,10,4,0
bench_bad_issuer_signature_submitted_28,0,after:ProfessorAgent.t_AssessEvidence,10,10,4,0
bench_bad_issuer_signature_submitted_28,0,after:ProfessorAgent.t_ApproveEvidence,10,10,5,0
bench_bad_issuer_signature_submitted_28,0,after:UniversityAgent.t_VerifyEvidence,10,10,5,0
bench_bad_issuer_signature_submitted_28,0,after:UniversityAgent.t_RequestCredential,11,11,7,0
bench_bad_issuer_signature_submitted_28,0,after:CompetencyNet.t_Verification_Pass,11,11,7,0
bench_bad_issuer_signature_submitted_28,0,after:UniversityAgent.t_IssueCredential,11,11,8,0
bench_bad_issuer_signature_submitted_28,0,after:CompetencyNet.t_DenyInvalidIssuerSignature,11,11,8,0
bench_bad_issuer_signature_submitted_28,0,terminal,11,11,8,0
bench_bad_issuer_signature_submitted_29,0,creation,9,9,1,0
bench_bad_issuer_signature_submitted_29,0,after:StudentAgent.t_SubmitEvidence,10,10,4,0
bench_bad_issuer_signature_submitted_29,0,after:EvidenceNet.t_LMS_Submit,10,10,4,0
bench_bad_issuer_signature_submitted_29,0,after:EvidenceNet.t_Review_Request,10,10,4,0
bench_bad_issuer_signature_submitted_29,0,after:ProfessorAgent.t_StartReview,10,10,4,0
bench_bad_issuer_signature_submitted_29,0,after:ProfessorAgent.t_AssessEvidence,10,10,4,0
bench_bad_issuer_signature_submitted_29,0,after:ProfessorAgent.t_ApproveEvidence,10,10,5,0
bench_bad_issuer_signature_submitted_29,0,after:UniversityAgent.t_VerifyEvidence,10,10,5,0
bench_bad_issuer_signature_submitted_29,0,after:UniversityAgent.t_RequestCredential,11,11,7,0
bench_bad_issuer_signature_submitted_29,0,after:CompetencyNet.t_Verification_Pass,11,11,7,0
bench_bad_issuer_signature_submitted_29,0,after:UniversityAgent.t_IssueCredential,11,11,8,0
bench_bad_issuer_signature_submitted_29,0,after:CompetencyNet.t_DenyInvalidIssuerSignature,11,11,8,0
bench_bad_issuer_signature_submitted_29,0,terminal,11,11,8,0
bench_bad_issuer_signature_submitted_30,0,creation,9,9,1,0
bench_bad_issuer_signature_submitted_30,0,after:StudentAgent.t_SubmitEvidence,10,10,4,0
bench_bad_issuer_signature_submitted_30,0,after:EvidenceNet.t_LMS_Submit,10,10,4,0
bench_bad_issuer_signature_submitted_30,0,after:EvidenceNet.t_Review_Request,10,10,4,0
bench_bad_issuer_signature_submitted_30,0,after:ProfessorAgent.t_StartReview,10,10,4,0
bench_bad_issuer_signature_submitted_30,0,after:ProfessorAgent.t_AssessEvidence,10,10,4,0
bench_bad_issuer_signature_submitted_30,0,after:ProfessorAgent.t_ApproveEvidence,10,10,5,0
bench_bad_issuer_signature_submitted_30,0,after:UniversityAgent.t_VerifyEvidence,10,10,5,0
bench_bad_issuer_signature_submitted_30,0,after:UniversityAgent.t_RequestCredential,11,11,7,0
bench_bad_issuer_signature_submitted_30,0,after:CompetencyNet.t_Verification_Pass,11,11,7,0
bench_bad_issuer_signature_submitted_30,0,after:UniversityAgent.t_IssueCredential,11,11,8,0
bench_bad_issuer_signature_submitted_30,0,after:CompetencyNet.t_DenyInvalidIssuerSignature,11,11,8,0
bench_bad_issuer_signature_submitted_30,0,terminal,11,11,8,0
bench_bad_issuer_signature_waiting_01,0,creation,9,9,1,0
bench_bad_issuer_signature_waiting_01,0,after:StudentAgent.t_SubmitEvidence,10,10,4,0
bench_bad_issuer_signature_waiting_01,0,after:EvidenceNet.t_LMS_Submit,10,10,4,0
bench_bad_issuer_signature_waiting_01,0,after:EvidenceNet.t_Review_Request,10,10,4,0
bench_bad_issuer_signature_waiting_01,0,after:ProfessorAgent.t_StartReview,10,10,4,0
bench_bad_issuer_signature_waiting_01,0,after:ProfessorAgent.t_AssessEvidence,10,10,4,0
bench_bad_issuer_signature_waiting_01,0,after:ProfessorAgent.t_ApproveEvidence,10,10,5,0
bench_bad_issuer_signature_waiting_01,0,after:UniversityAgent.t_VerifyEvidence,10,10,5,0
bench_bad_issuer_signature_waiting_01,0,after:UniversityAgent.t_RequestCredential,11,11,7,0
bench_bad_issuer_signature_waiting_01,0,after:CompetencyNet.t_Verification_Pass,11,11,7,0
bench_bad_issuer_signature_waiting_01,0,after:UniversityAgent.t_IssueCredential,11,11,8,0
bench_bad_issuer_signature_waiting_01,0,after:StudentAgent.t_WaitCredential,11,11,8,0
bench_bad_issuer_signature_waiting_01,0,after:CompetencyNet.t_DenyInvalidIssuerSignature,11,11,8,0
bench_bad_issuer_signature_waiting_01,0,terminal,11,11,8,0
bench_bad_issuer_signature_waiting_02,0,creation,9,9,1,0
bench_bad_issuer_signature_waiting_02,0,after:StudentAgent.t_SubmitEvidence,10,10,4,0
bench_bad_issuer_signature_waiting_02,0,after:EvidenceNet.t_LMS_Submit,10,10,4,0
bench_bad_issuer_signature_waiting_02,0,after:EvidenceNet.t_Review_Request,10,10,4,0
bench_bad_issuer_signature_waiting_02,0,after:ProfessorAgent.t_StartReview,10,10,4,0
bench_bad_issuer_signature_waiting_02,0,after:ProfessorAgent.t_AssessEvidence,10,10,4,0
bench_bad_issuer_signature_waiting_02,0,after:ProfessorAgent.t_ApproveEvidence,10,10,5,0
bench_bad_issuer_signature_waiting_02,0,after:UniversityAgent.t_VerifyEvidence,10,10,5,0
bench_bad_issuer_signature_waiting_02,0,after:UniversityAgent.t_RequestCredential,11,11,7,0
bench_bad_issuer_signature_waiting_02,0,after:CompetencyNet.t_Verification_Pass,11,11,7,0
bench_bad_issuer_signature_waiting_02,0,after:UniversityAgent.t_IssueCredential,11,11,8,0
bench_bad_issuer_signature_waiting_02,0,after:StudentAgent.t_WaitCredential,11,11,8,0
bench_bad_issuer_signature_waiting_02,0,after:CompetencyNet.t_DenyInvalidIssuerSignature,11,11,8,0
bench_bad_issuer_signature_waiting_02,0,terminal,11,11,8,0
bench_bad_issuer_signature_waiting_03,0,creation,9,9,1,0
bench_bad_issuer_signature_waiting_03,0,after:StudentAgent.t_SubmitEvidence,10,10,4,0
bench_bad_issuer_signature_waiting_03,0,after:EvidenceNet.t_LMS_Submit,10,10,4,0
bench_bad_issuer_signature_waiting_03,0,after:EvidenceNet.t_Review_Request,10,10,4,0
bench_bad_issuer_signature_waiting_03,0,after:ProfessorAgent.t_StartReview,10,10,4,0
bench_bad_issuer_signature_waiting_03,0,after:ProfessorAgent.t_AssessEvidence,10,10,4,0
bench_bad_issuer_signature_waiting_03,0,after:ProfessorAgent.t_ApproveEvidence,10,10,5,0
bench_bad_issuer_signature_waiting_03,0,after:UniversityAgent.t_VerifyEvidence,10,10,5,0
bench_bad_issuer_signature_waiting_03,0,after:UniversityAgent.t_RequestCredential,11,11,7,0
bench_bad_issuer_signature_waiting_03,0,after:CompetencyNet.t_Verification_Pass,11,11,7,0
bench_bad_issuer_signature_waiting_03,0,after:UniversityAgent.t_IssueCredential,11,11,8,0
bench_bad_issuer_signature_waiting_03,0,after:StudentAgent.t_WaitCredential,11,11,8,0
bench_bad_issuer_signature_waiting_03,0,after:CompetencyNet.t_DenyInvalidIssuerSignature,11,11,8,0
bench_bad_issuer_signature_waiting_03,0,terminal,11,11,8,0
bench_bad_issuer_signature_waiting_04,0,creation,9,9,1,0
bench_bad_issuer_signature_waiting_04,0,after:StudentAgent.t_SubmitEvidence,10,10,4,0
bench_bad_issuer_signature_waiting_04,0,after:EvidenceNet.t_LMS_Submit,10,10,4,0
bench_bad_issuer_signature_waiting_04,0,after:EvidenceNet.t_Review_Request,10,10,4,0
bench_bad_issuer_signature_waiting_04,0,after:ProfessorAgent.t_StartReview,10,10,4,0
bench_bad_issuer_signature_waiting_04,0,after:ProfessorAgent.t_AssessEvidence,10,10,4,0
bench_bad_issuer_signature_waiting_04,0,after:ProfessorAgent.t_ApproveEvidence,10,10,5,0
bench_bad_issuer_signature_waiting_04,0,after:UniversityAgent.t_VerifyEvidence,10,10,5,0
bench_bad_issuer_signature_waiting_04,0,after:UniversityAgent.t_RequestCredential,11,11,7,0
bench_bad_issuer_signature_waiting_04,0,after:CompetencyNet.t_Verification_Pass,11,11,7,0
bench_bad_issuer_signature_waiting_04,0,after:UniversityAgent.t_IssueCredential,11,11,8,0
bench_bad_issuer_signature_waiting_04,0,after:StudentAgent.t_WaitCredential,11,11,8,0
bench_bad_issuer_signature_waiting_04,0,after:CompetencyNet.t_DenyInvalidIssuerSignature,11,11,8,0
bench_bad_issuer_signature_waiting_04,0,terminal,11,11,8,0
bench_bad_issuer_signature_waiting_05,0,creation,9,9,1,0
bench_bad_issuer_signature_waiting_05,0,after:StudentAgent.t_SubmitEvidence,10,10,4,0
bench_bad_issuer_signature_waiting_05,0,after:EvidenceNet.t_LMS_Submit,10,10,4,0
bench_bad_issuer_signature_waiting_05,0,after:EvidenceNet.t_Review_Request,10,10,4,0
bench_bad_issuer_signature_waiting_05,0,after:ProfessorAgent.t_StartReview,10,10,4,0
bench_bad_issuer_signature_waiting_05,0,after:ProfessorAgent.t_AssessEvidence,10,10,4,0
bench_bad_issuer_signature_waiting_05,0,after:ProfessorAgent.t_ApproveEvidence,10,10,5,0
bench_bad_issuer_signature_waiting_05,0,after:UniversityAgent.t_VerifyEvidence,10,10,5,0
bench_bad_issuer_signature_waiting_05,0,after:UniversityAgent.t_RequestCredential,11,11,7,0
bench_bad_issuer_signature_waiting_05,0,after:CompetencyNet.t_Verification_Pass,11,11,7,0
bench_bad_issuer_signature_waiting_05,0,after:UniversityAgent.t_IssueCredential,11,11,8,0
bench_bad_issuer_signature_waiting_05,0,after:StudentAgent.t_WaitCredential,11,11,8,0
bench_bad_issuer_signature_waiting_05,0,after:CompetencyNet.t_DenyInvalidIssuerSignature,11,11,8,0
bench_bad_issuer_signature_waiting_05,0,terminal,11,11,8,0
bench_bad_issuer_signature_waiting_06,0,creation,9,9,1,0
bench_bad_issuer_signature_waiting_06,0,after:StudentAgent.t_SubmitEvidence,10,10,4,0
bench_bad_issuer_signature_waiting_06,0,after:EvidenceNet.t_LMS_Submit,10,10,4,0
bench_bad_issuer_signature_waiting_06,0,after:EvidenceNet.t_Review_Request,10,10,4,0
bench_bad_issuer_signature_waiting_06,0,after:ProfessorAgent.t_StartReview,10,10,4,0
bench_bad_issuer_signature_waiting_06,0,after:ProfessorAgent.t_AssessEvidence,10,10,4,0
bench_bad_issuer_signature_waiting_06,0,after:ProfessorAgent.t_ApproveEvidence,10,10,5,0
bench_bad_issuer_signature_waiting_06,0,after:UniversityAgent.t_VerifyEvidence,10,10,5,0
bench_bad_issuer_signature_waiting_06,0,after:UniversityAgent.t_RequestCredential,11,11,7,0
bench_bad_issuer_signature_waiting_06,0,after:CompetencyNet.t_Verification_Pass,11,11,7,0
bench_bad_issuer_signature_waiting_06,0,after:UniversityAgent.t_IssueCredential,11,11,8,0
bench_bad_issuer_signature_waiting_06,0,after:StudentAgent.t_WaitCredential,11,11,8,0
bench_bad_issuer_signature_waiting_06,0,after:CompetencyNet.t_DenyInvalidIssuerSignature,11,11,8,0
bench_bad_issuer_signature_waiting_06,0,terminal,11,11,8,0
bench_bad_issuer_signature_waiting_07,0,creation,9,9,1,0
bench_bad_issuer_signature_waiting_07,0,after:StudentAgent.t_SubmitEvidence,10,10,4,0
bench_bad_issuer_signature_waiting_07,0,after:EvidenceNet.t_LMS_Submit,10,10,4,0
bench_bad_issuer_signature_waiting_07,0,after:EvidenceNet.t_Review_Request,10,10,4,0
bench_bad_issuer_signature_waiting_07,0,after:ProfessorAgent.t_StartReview,10,10,4,0
bench_bad_issuer_signature_waiting_07,0,after:ProfessorAgent.t_AssessEvidence,10,10,4,0
bench_bad_issuer_signature_waiting_07,0,after:ProfessorAgent.t_ApproveEvidence,10,10,5,0
bench_bad_issuer_signature_waiting_07,0,after:UniversityAgent.t_VerifyEvidence,10,10,5,0
bench_bad_issuer_signature_waiting_07,0,after:UniversityAgent.t_RequestCredential,11,11,7,0
bench_bad_issuer_signature_waiting_07,0,after:CompetencyNet.t_Verification_Pass,11,11,7,0
bench_bad_issuer_signature_waiting_07,0,after:UniversityAgent.t_IssueCredential,11,11,8,0
bench_bad_issuer_signature_waiting_07,0,after:StudentAgent.t_WaitCredential,11,11,8,0
bench_bad_issuer_signature_waiting_07,0,after:CompetencyNet.t_DenyInvalidIssuerSignature,11,11,8,0
bench_bad_issuer_signature_waiting_07,0,terminal,11,11,8,0
bench_bad_issuer_signature_waiting_08,0,creation,9,9,1,0
bench_bad_issuer_signature_waiting_08,0,after:StudentAgent.t_SubmitEvidence,10,10,4,0
bench_bad_issuer_signature_waiting_08,0,after:EvidenceNet.t_LMS_Submit,10,10,4,0
bench_bad_issuer_signature_waiting_08,0,after:EvidenceNet.t_Review_Request,10,10,4,0
bench_bad_issuer_signature_waiting_08,0,after:ProfessorAgent.t_StartReview,10,10,4,0
bench_bad_issuer_signature_waiting_08,0,after:ProfessorAgent.t_AssessEvidence,10,10,4,0
bench_bad_issuer_signature_waiting_08,0,after:ProfessorAgent.t_ApproveEvidence,10,10,5,0
bench_bad_issuer_signature_waiting_08,0,after:UniversityAgent.t_VerifyEvidence,10,10,5,0
bench_bad_issuer_signature_waiting_08,0,after:UniversityAgent.t_RequestCredential,11,11,7,0
bench_bad_issuer_signature_waiting_08,0,after:CompetencyNet.t_Verification_Pass,11,11,7,0
bench_bad_issuer_signature_waiting_08,0,after:UniversityAgent.t_IssueCredential,11,11,8,0
bench_bad_issuer_signature_waiting_08,0,after:StudentAgent.t_WaitCredential,11,11,8,0
bench_bad_issuer_signature_waiting_08,0,after:CompetencyNet.t_DenyInvalidIssuerSignature,11,11,8,0
bench_bad_issuer_signature_waiting_08,0,terminal,11,11,8,0
bench_bad_issuer_signature_waiting_09,0,creation,9,9,1,0
bench_bad_issuer_signature_waiting_09,0,after:StudentAgent.t_SubmitEvidence,10,10,4,0
bench_bad_issuer_signature_waiting_09,0,after:EvidenceNet.t_LMS_Submit,10,10,4,0
bench_bad_issuer_signature_waiting_09,0,after:EvidenceNet.t_Review_Request,10,10,4,0
bench_bad_issuer_signature_waiting_09,0,after:ProfessorAgent.t_StartReview,10,10,4,0
bench_bad_issuer_signature_waiting_09,0,after:ProfessorAgent.t_AssessEvidence,10,10,4,0
bench_bad_issuer_signature_waiting_09,0,after:ProfessorAgent.t_ApproveEvidence,10,10,5,0
bench_bad_issuer_signature_waiting_09,0,after:UniversityAgent.t_VerifyEvidence,10,10,5,0
bench_bad_issuer_signature_waiting_09,0,after:UniversityAgent.t_RequestCredential,11,11,7,0
bench_bad_issuer_signature_waiting_09,0,after:CompetencyNet.t_Verification_Pass,11,11,7,0
bench_bad_issuer_signature_waiting_09,0,after:UniversityAgent.t_IssueCredential,11,11,8,0
bench_bad_issuer_signature_waiting_09,0,after:StudentAgent.t_WaitCredential,11,11,8,0
bench_bad_issuer_signature_waiting_09,0,after:CompetencyNet.t_DenyInvalidIssuerSignature,11,11,8,0
bench_bad_issuer_signature_waiting_09,0,terminal,11,11,8,0
bench_bad_issuer_signature_waiting_10,0,creation,9,9,1,0
bench_bad_issuer_signature_waiting_10,0,after:StudentAgent.t_SubmitEvidence,10,10,4,0
bench_bad_issuer_signature_waiting_10,0,after:EvidenceNet.t_LMS_Submit,10,10,4,0
bench_bad_issuer_signature_waiting_10,0,after:EvidenceNet.t_Review_Request,10,10,4,0
bench_bad_issuer_signature_waiting_10,0,after:ProfessorAgent.t_StartReview,10,10,4,0
bench_bad_issuer_signature_waiting_10,0,after:ProfessorAgent.t_AssessEvidence,10,10,4,0
bench_bad_issuer_signature_waiting_10,0,after:ProfessorAgent.t_ApproveEvidence,10,10,5,0
bench_bad_issuer_signature_waiting_10,0,after:UniversityAgent.t_VerifyEvidence,10,10,5,0
bench_bad_issuer_signature_waiting_10,0,after:UniversityAgent.t_RequestCredential,11,11,7,0
bench_bad_issuer_signature_waiting_10,0,after:CompetencyNet.t_Verification_Pass,11,11,7,0
bench_bad_issuer_signature_waiting_10,0,after:UniversityAgent.t_IssueCredential,11,11,8,0
bench_bad_issuer_signature_waiting_10,0,after:StudentAgent.t_WaitCredential,11,11,8,0
bench_bad_issuer_signature_waiting_10,0,after:CompetencyNet.t_DenyInvalidIssuerSignature,11,11,8,0
bench_bad_issuer_signature_waiting_10,0,terminal,11,11,8,0
bench_bad_issuer_signature_waiting_11,0,creation,9,9,1,0
bench_bad_issuer_signature_waiting_11,0,after:StudentAgent.t_SubmitEvidence,10,10,4,0
bench_bad_issuer_signature_waiting_11,0,after:EvidenceNet.t_LMS_Submit,10,10,4,0
bench_bad_issuer_signature_waiting_11,0,after:EvidenceNet.t_Review_Request,10,10,4,0
bench_bad_issuer_signature_waiting_11,0,after:ProfessorAgent.t_StartReview,10,10,4,0
bench_bad_issuer_signature_waiting_11,0,after:ProfessorAgent.t_AssessEvidence,10,10,4,0
bench_bad_issuer_signature_waiting_11,0,after:ProfessorAgent.t_ApproveEvidence,10,10,5,0
bench_bad_issuer_signature_waiting_11,0,after:UniversityAgent.t_VerifyEvidence,10,10,5,0
bench_bad_issuer_signature_waiting_11,0,after:UniversityAgent.t_RequestCredential,11,11,7,0
bench_bad_issuer_signature_waiting_11,0,after:CompetencyNet.t_Verification_Pass,11,11,7,0
bench_bad_issuer_signature_waiting_11,0,after:UniversityAgent.t_IssueCredential,11,11,8,0
bench_bad_issuer_signature_waiting_11,0,after:StudentAgent.t_WaitCredential,11,11,8,0
bench_bad_issuer_signature_waiting_11,0,after:CompetencyNet.t_DenyInvalidIssuerSignature,11,11,8,0
bench_bad_issuer_signature_waiting_11,0,terminal,11,11,8,0
bench_bad_issuer_signature_waiting_12,0,creation,9,9,1,0
bench_bad_issuer_signature_waiting_12,0,after:StudentAgent.t_SubmitEvidence,10,10,4,0
bench_bad_issuer_signature_waiting_12,0,after:EvidenceNet.t_LMS_Submit,10,10,4,0
bench_bad_issuer_signature_waiting_12,0,after:EvidenceNet.t_Review_Request,10,10,4,0
bench_bad_issuer_signature_waiting_12,0,after:ProfessorAgent.t_StartReview,10,10,4,0
bench_bad_issuer_signature_waiting_12,0,after:ProfessorAgent.t_AssessEvidence,10,10,4,0
bench_bad_issuer_signature_waiting_12,0,after:ProfessorAgent.t_ApproveEvidence,10,10,5,0
bench_bad_issuer_signature_waiting_12,0,after:UniversityAgent.t_VerifyEvidence,10,10,5,0
bench_bad_issuer_signature_waiting_12,0,after:UniversityAgent.t_RequestCredential,11,11,7,0
bench_bad_issuer_signature_waiting_12,0,after:CompetencyNet.t_Verification_Pass,11,11,7,0
bench_bad_issuer_signature_waiting_12,0,after:UniversityAgent.t_IssueCredential,11,11,8,0
bench_bad_issuer_signature_waiting_12,0,after:StudentAgent.t_WaitCredential,11,11,8,0
bench_bad_issuer_signature_waiting_12,0,after:CompetencyNet.t_DenyInvalidIssuerSignature,11,11,8,0
bench_bad_issuer_signature_waiting_12,0,terminal,11,11,8,0
bench_bad_issuer_signature_waiting_13,0,creation,9,9,1,0
bench_bad_issuer_signature_waiting_13,0,after:StudentAgent.t_SubmitEvidence,10,10,4,0
bench_bad_issuer_signature_waiting_13,0,after:EvidenceNet.t_LMS_Submit,10,10,4,0
bench_bad_issuer_signature_waiting_13,0,after:EvidenceNet.t_Review_Request,10,10,4,0
bench_bad_issuer_signature_waiting_13,0,after:ProfessorAgent.t_StartReview,10,10,4,0
bench_bad_issuer_signature_waiting_13,0,after:ProfessorAgent.t_AssessEvidence,10,10,4,0
bench_bad_issuer_signature_waiting_13,0,after:ProfessorAgent.t_ApproveEvidence,10,10,5,0
bench_bad_issuer_signature_waiting_13,0,after:UniversityAgent.t_VerifyEvidence,10,10,5,0
bench_bad_issuer_signature_waiting_13,0,after:UniversityAgent.t_RequestCredential,11,11,7,0
bench_bad_issuer_signature_waiting_13,0,after:CompetencyNet.t_Verification_Pass,11,11,7,0
bench_bad_issuer_signature_waiting_13,0,after:UniversityAgent.t_IssueCredential,11,11,8,0
bench_bad_issuer_signature_waiting_13,0,after:StudentAgent.t_WaitCredential,11,11,8,0
bench_bad_issuer_signature_waiting_13,0,after:CompetencyNet.t_DenyInvalidIssuerSignature,11,11,8,0
bench_bad_issuer_signature_waiting_13,0,terminal,11,11,8,0
bench_bad_issuer_signature_waiting_14,0,creation,9,9,1,0
bench_bad_issuer_signature_waiting_14,0,after:StudentAgent.t_SubmitEvidence,10,10,4,0
bench_bad_issuer_signature_waiting_14,0,after:EvidenceNet.t_LMS_Submit,10,10,4,0
bench_bad_issuer_signature_waiting_14,0,after:EvidenceNet.t_Review_Request,10,10,4,0
bench_bad_issuer_signature_waiting_14,0,after:ProfessorAgent.t_StartReview,10,10,4,0
bench_bad_issuer_signature_waiting_14,0,after:ProfessorAgent.t_AssessEvidence,10,10,4,0
bench_bad_issuer_signature_waiting_14,0,after:ProfessorAgent.t_ApproveEvidence,10,10,5,0
bench_bad_issuer_signature_waiting_14,0,after:UniversityAgent.t_VerifyEvidence,10,10,5,0
bench_bad_issuer_signature_waiting_14,0,after:UniversityAgent.t_RequestCredential,11,11,7,0
bench_bad_issuer_signature_waiting_14,0,after:CompetencyNet.t_Verification_Pass,11,11,7,0
bench_bad_issuer_signature_waiting_14,0,after:UniversityAgent.t_IssueCredential,11,11,8,0
bench_bad_issuer_signature_waiting_14,0,after:StudentAgent.t_WaitCredential,11,11,8,0
bench_bad_issuer_signature_waiting_14,0,after:CompetencyNet.t_DenyInvalidIssuerSignature,11,11,8,0
bench_bad_issuer_signature_waiting_14,0,terminal,11,11,8,0
bench_bad_issuer_signature_waiting_15,0,creation,9,9,1,0
bench_bad_issuer_signature_waiting_15,0,after:StudentAgent.t_SubmitEvidence,10,10,4,0
bench_bad_issuer_signature_waiting_15,0,after:EvidenceNet.t_LMS_Submit,10,10,4,0
bench_bad_issuer_signature_waiting_15,0,after:EvidenceNet.t_Review_Request,10,10,4,0
bench_bad_issuer_signature_waiting_15,0,after:ProfessorAgent.t_StartReview,10,10,4,0
bench_bad_issuer_signature_waiting_15,0,after:ProfessorAgent.t_AssessEvidence,10,10,4,0
bench_bad_issuer_signature_waiting_15,0,after:ProfessorAgent.t_ApproveEvidence,10,10,5,0
bench_bad_issuer_signature_waiting_15,0,after:UniversityAgent.t_VerifyEvidence,10,10,5,0
bench_bad_issuer_signature_waiting_15,0,after:UniversityAgent.t_RequestCredential,11,11,7,0
bench_bad_issuer_signature_waiting_15,0,after:CompetencyNet.t_Verification_Pass,11,11,7,0
bench_bad_issuer_signature_waiting_15,0,after:UniversityAgent.t_IssueCredential,11,11,8,0
bench_bad_issuer_signature_waiting_15,0,after:StudentAgent.t_WaitCredential,11,11,8,0
bench_bad_issuer_signature_waiting_15,0,after:CompetencyNet.t_DenyInvalidIssuerSignature,11,11,8,0
bench_bad_issuer_signature_waiting_15,0,terminal,11,11,8,0
bench_bad_issuer_signature_waiting_16,0,creation,9,9,1,0
bench_bad_issuer_signature_waiting_16,0,after:StudentAgent.t_SubmitEvidence,10,10,4,0
bench_bad_issuer_signature_waiting_16,0,after:EvidenceNet.t_LMS_Submit,10,10,4,0
bench_bad_issuer_signature_waiting_16,0,after:EvidenceNet.t_Review_Request,10,10,4,0
bench_bad_issuer_signature_waiting_16,0,after:ProfessorAgent.t_StartReview,10,10,4,0
bench_bad_issuer_signature_waiting_16,0,after:ProfessorAgent.t_AssessEvidence,10,10,4,0
bench_bad_issuer_signature_waiting_16,0,after:ProfessorAgent.t_ApproveEvidence,10,10,5,0
bench_bad_issuer_signature_waiting_16,0,after:UniversityAgent.t_VerifyEvidence,10,10,5,0
bench_bad_issuer_signature_waiting_16,0,after:UniversityAgent.t_RequestCredential,11,11,7,0
bench_bad_issuer_signature_waiting_16,0,after:CompetencyNet.t_Verification_Pass,11,11,7,0
bench_bad_issuer_signature_waiting_16,0,after:UniversityAgent.t_IssueCredential,11,11,8,0
bench_bad_issuer_signature_waiting_16,0,after:StudentAgent.t_WaitCredential,11,11,8,0
bench_bad_issuer_signature_waiting_16,0,after:CompetencyNet.t_DenyInvalidIssuerSignature,11,11,8,0
bench_bad_issuer_signature_waiting_16,0,terminal,11,11,8,0
bench_bad_issuer_signature_waiting_17,0,creation,9,9,1,0
bench_bad_issuer_signature_waiting_17,0,after:StudentAgent.t_SubmitEvidence,10,10,4,0
bench_bad_issuer_signature_waiting_17,0,after:EvidenceNet.t_LMS_Submit,10,10,4,0
bench_bad_issuer_signature_waiting_17,0,after:EvidenceNet.t_Review_Request,10,10,4,0
bench_bad_issuer_signature_waiting_17,0,after:ProfessorAgent.t_StartReview,10,10,4,0
bench_bad_issuer_signature_waiting_17,0,after:ProfessorAgent.t_AssessEvidence,10,10,4,0
bench_bad_issuer_signature_waiting_17,0,after:ProfessorAgent.t_ApproveEvidence,10,10,5,0
bench_bad_issuer_signature_waiting_17,0,after:UniversityAgent.t_VerifyEvidence,10,10,5,0
bench_bad_issuer_signature_waiting_17,0,after:UniversityAgent.t_RequestCredential,11,11,7,0
bench_bad_issuer_signature_waiting_17,0,after:CompetencyNet.t_Verification_Pass,11,11,7,0
bench_bad_issuer_signature_waiting_17,0,after:UniversityAgent.t_IssueCredential,11,11,8,0
bench_bad_issuer_signature_waiting_17,0,after:StudentAgent.t_WaitCredential,11,11,8,0
bench_bad_issuer_signature_waiting_17,0,after:CompetencyNet.t_DenyInvalidIssuerSignature,11,11,8,0
bench_bad_issuer_signature_waiting_17,0,terminal,11,11,8,0
bench_bad_issuer_signature_waiting_18,0,creation,9,9,1,0
bench_bad_issuer_signature_waiting_18,0,after:StudentAgent.t_SubmitEvidence,10,10,4,0
bench_bad_issuer_signature_waiting_18,0,after:EvidenceNet.t_LMS_Submit,10,10,4,0
bench_bad_issuer_signature_waiting_18,0,after:EvidenceNet.t_Review_Request,10,10,4,0
bench_bad_issuer_signature_waiting_18,0,after:ProfessorAgent.t_StartReview,10,10,4,0
bench_bad_issuer_signature_waiting_18,0,after:ProfessorAgent.t_AssessEvidence,10,10,4,0
bench_bad_issuer_signature_waiting_18,0,after:ProfessorAgent.t_ApproveEvidence,10,10,5,0
bench_bad_issuer_signature_waiting_18,0,after:UniversityAgent.t_VerifyEvidence,10,10,5,0
bench_bad_issuer_signature_waiting_18,0,after:UniversityAgent.t_RequestCredential,11,11,7,0
bench_bad_issuer_signature_waiting_18,0,after:CompetencyNet.t_Verification_Pass,11,11,7,0
bench_bad_issuer_signature_waiting_18,0,after:UniversityAgent.t_IssueCredential,11,11,8,0
bench_bad_issuer_signature_waiting_18,0,after:StudentAgent.t_WaitCredential,11,11,8,0
bench_bad_issuer_signature_waiting_18,0,after:CompetencyNet.t_DenyInvalidIssuerSignature,11,11,8,0
bench_bad_issuer_signature_waiting_18,0,terminal,11,11,8,0
bench_bad_issuer_signature_waiting_19,0,creation,9,9,1,0
bench_bad_issuer_signature_waiting_19,0,after:StudentAgent.t_SubmitEvidence,10,10,4,0
bench_bad_issuer_signature_waiting_19,0,after:EvidenceNet.t_LMS_Submit,10,10,4,0
bench_bad_issuer_signature_waiting_19,0,after:EvidenceNet.t_Review_Request,10,10,4,0
bench_bad_issuer_signature_waiting_19,0,after:ProfessorAgent.t_StartReview,10,10,4,0
bench_bad_issuer_signature_waiting_19,0,after:ProfessorAgent.t_AssessEvidence,10,10,4,0
bench_bad_issuer_signature_waiting_19,0,after:ProfessorAgent.t_ApproveEvidence,10,10,5,0
bench_bad_issuer_signature_waiting_19,0,after:UniversityAgent.t_VerifyEvidence,10,10,5,0
bench_bad_issuer_signature_waiting_19,0,after:UniversityAgent.t_RequestCredential,11,11,7,0
bench_bad_issuer_signature_waiting_19,0,after:CompetencyNet.t_Verification_Pass,11,11,7,0
bench_bad_issuer_signature_waiting_19,0,after:UniversityAgent.t_IssueCredential,11,11,8,0
bench_bad_issuer_signature_waiting_19,0,after:StudentAgent.t_WaitCredential,11,11,8,0
bench_bad_issuer_signature_waiting_19,0,after:CompetencyNet.t_DenyInvalidIssuerSignature,11,11,8,0
bench_bad_issuer_signature_waiting_19,0,terminal,11,11,8,0
bench_bad_issuer_signature_waiting_20,0,creation,9,9,1,0
bench_bad_issuer_signature_waiting_20,0,after:StudentAgent.t_SubmitEvidence,10,10,4,0
bench_bad_issuer_signature_waiting_20,0,after:EvidenceNet.t_LMS_Submit,10,10,4,0
bench_bad_issuer_signature_waiting_20,0,after:EvidenceNet.t_Review_Request,10,10,4,0
bench_bad_issuer_signature_waiting_20,0,after:ProfessorAgent.t_StartReview,10,10,4,0
bench_bad_issuer_signature_waiting_20,0,after:ProfessorAgent.t_AssessEvidence,10,10,4,0
bench_bad_issuer_signature_waiting_20,0,after:ProfessorAgent.t_ApproveEvidence,10,10,5,0
bench_bad_issuer_signature_waiting_20,0,after:UniversityAgent.t_VerifyEvidence,10,10,5,0
bench_bad_issuer_signature_waiting_20,0,after:UniversityAgent.t_RequestCredential,11,11,7,0
bench_bad_issuer_signature_waiting_20,0,after:CompetencyNet.t_Verification_Pass,11,11,7,0
bench_bad_issuer_signature_waiting_20,0,after:UniversityAgent.t_IssueCredential,11,11,8,0
bench_bad_issuer_signature_waiting_20,0,after:StudentAgent.t_WaitCredential,11,11,8,0
bench_bad_issuer_signature_waiting_20,0,after:CompetencyNet.t_DenyInvalidIssuerSignature,11,11,8,0
bench_bad_issuer_signature_waiting_20,0,terminal,11,11,8,0
bench_bad_issuer_signature_waiting_21,0,creation,9,9,1,0
bench_bad_issuer_signature_waiting_21,0,after:StudentAgent.t_SubmitEvidence,10,10,4,0
bench_bad_issuer_signature_waiting_21,0,after:EvidenceNet.t_LMS_Submit,10,10,4,0
bench_bad_issuer_signature_waiting_21,0,after:EvidenceNet.t_Review_Request,10,10,4,0
bench_bad_issuer_signature_waiting_21,0,after:ProfessorAgent.t_StartReview,10,10,4,0
bench_bad_issuer_signature_waiting_21,0,after:ProfessorAgent.t_AssessEvidence,10,10,4,0
bench_bad_issuer_signature_waiting_21,0,after:ProfessorAgent.t_ApproveEvidence,10,10,5,0
bench_bad_issuer_signature_waiting_21,0,after:UniversityAgent.t_VerifyEvidence,10,10,5,0
bench_bad_issuer_signature_waiting_21,0,after:UniversityAgent.t_RequestCredential,11,11,7,0
bench_bad_issuer_signature_waiting_21,0,after:CompetencyNet.t_Verification_Pass,11,11,7,0
bench_bad_issuer_signature_waiting_21,0,after:UniversityAgent.t_IssueCredential,11,11,8,0
bench_bad_issuer_signature_waiting_21,0,after:StudentAgent.t_WaitCredential,11,11,8,0
bench_bad_issuer_signature_waiting_21,0,after:CompetencyNet.t_DenyInvalidIssuerSignature,11,11,8,0
bench_bad_issuer_signature_waiting_21,0,terminal,11,11,8,0
bench_bad_issuer_signature_waiting_22,0,creation,9,9,1,0
bench_bad_issuer_signature_waiting_22,0,after:StudentAgent.t_SubmitEvidence,10,10,4,0
bench_bad_issuer_signature_waiting_22,0,after:EvidenceNet.t_LMS_Submit,10,10,4,0
bench_bad_issuer_signature_waiting_22,0,after:EvidenceNet.t_Review_Request,10,10,4,0
bench_bad_issuer_signature_waiting_22,0,after:ProfessorAgent.t_StartReview,10,10,4,0
bench_bad_issuer_signature_waiting_22,0,after:ProfessorAgent.t_AssessEvidence,10,10,4,0
bench_bad_issuer_signature_waiting_22,0,after:ProfessorAgent.t_ApproveEvidence,10,10,5,0
bench_bad_issuer_signature_waiting_22,0,after:UniversityAgent.t_VerifyEvidence,10,10,5,0
bench_bad_issuer_signature_waiting_22,0,after:UniversityAgent.t_RequestCredential,11,11,7,0
bench_bad_issuer_signature_waiting_22,0,after:CompetencyNet.t_Verification_Pass,11,11,7,0
bench_bad_issuer_signature_waiting_22,0,after:UniversityAgent.t_IssueCredential,11,11,8,0
bench_bad_issuer_signature_waiting_22,0,after:StudentAgent.t_WaitCredential,11,11,8,0
bench_bad_issuer_signature_waiting_22,0,after:CompetencyNet.t_DenyInvalidIssuerSignature,11,11,8,0
bench_bad_issuer_signature_waiting_22,0,terminal,11,11,8,0
bench_bad_issuer_signature_waiting_23,0,creation,9,9,1,0
bench_bad_issuer_signature_waiting_23,0,after:StudentAgent.t_SubmitEvidence,10,10,4,0
bench_bad_issuer_signature_waiting_23,0,after:EvidenceNet.t_LMS_Submit,10,10,4,0
bench_bad_issuer_signature_waiting_23,0,after:EvidenceNet.t_Review_Request,10,10,4,0
bench_bad_issuer_signature_waiting_23,0,after:ProfessorAgent.t_StartReview,10,10,4,0
bench_bad_issuer_signature_waiting_23,0,after:ProfessorAgent.t_AssessEvidence,10,10,4,0
bench_bad_issuer_signature_waiting_23,0,after:ProfessorAgent.t_ApproveEvidence,10,10,5,0
bench_bad_issuer_signature_waiting_23,0,after:UniversityAgent.t_VerifyEvidence,10,10,5,0
bench_bad_issuer_signature_waiting_23,0,after:UniversityAgent.t_RequestCredential,11,11,7,0
bench_bad_issuer_signature_waiting_23,0,after:CompetencyNet.t_Verification_Pass,11,11,7,0
bench_bad_issuer_signature_waiting_23,0,after:UniversityAgent.t_IssueCredential,11,11,8,0
bench_bad_issuer_signature_waiting_23,0,after:StudentAgent.t_WaitCredential,11,11,8,0
bench_bad_issuer_signature_waiting_23,0,after:CompetencyNet.t_DenyInvalidIssuerSignature,11,11,8,0
bench_bad_issuer_signature_waiting_23,0,terminal,11,11,8,0
bench_bad_issuer_signature_waiting_24,0,creation,9,9,1,0
bench_bad_issuer_signature_waiting_24,0,after:StudentAgent.t_SubmitEvidence,10,10,4,0
bench_bad_issuer_signature_waiting_24,0,after:EvidenceNet.t_LMS_Submit,10,10,4,0
bench_bad_issuer_signature_waiting_24,0,after:EvidenceNet.t_Review_Request,10,10,4,0
bench_bad_issuer_signature_waiting_24,0,after:ProfessorAgent.t_StartReview,10,10,4,0
bench_bad_issuer_signature_waiting_24,0,after:ProfessorAgent.t_AssessEvidence,10,10,4,0
bench_bad_issuer_signature_waiting_24,0,after:ProfessorAgent.t_ApproveEvidence,10,10,5,0
bench_bad_issuer_signature_waiting_24,0,after:UniversityAgent.t_VerifyEvidence,10,10,5,0
bench_bad_issuer_signature_waiting_24,0,after:UniversityAgent.t_RequestCredential,11,11,7,0
bench_bad_issuer_signature_waiting_24,0,after:CompetencyNet.t_Verification_Pass,11,11,7,0
bench_bad_issuer_signature_waiting_24,0,after:UniversityAgent.t_IssueCredential,11,11,8,0
bench_bad_issuer_signature_waiting_24,0,after:StudentAgent.t_WaitCredential,11,11,8,0
bench_bad_issuer_signature_waiting_24,0,after:CompetencyNet.t_DenyInvalidIssuerSignature,11,11,8,0
bench_bad_issuer_signature_waiting_24,0,terminal,11,11,8,0
bench_bad_issuer_signature_waiting_25,0,creation,9,9,1,0
bench_bad_issuer_signature_waiting_25,0,after:StudentAgent.t_SubmitEvidence,10,10,4,0
bench_bad_issuer_signature_waiting_25,0,after:EvidenceNet.t_LMS_Submit,10,10,4,0
bench_bad_issuer_signature_waiting_25,0,after:EvidenceNet.t_Review_Request,10,10,4,0
bench_bad_issuer_signature_waiting_25,0,after:ProfessorAgent.t_StartReview,10,10,4,0
bench_bad_issuer_signature_waiting_25,0,after:ProfessorAgent.t_AssessEvidence,10,10,4,0
bench_bad_issuer_signature_waiting_25,0,after:ProfessorAgent.t_ApproveEvidence,10,10,5,0
bench_bad_issuer_signature_waiting_25,0,after:UniversityAgent.t_VerifyEvidence,10,10,5,0
bench_bad_issuer_signature_waiting_25,0,after:UniversityAgent.t_RequestCredential,11,11,7,0
bench_bad_issuer_signature_waiting_25,0,after:CompetencyNet.t_Verification_Pass,11,11,7,0
bench_bad_issuer_signature_waiting_25,0,after:UniversityAgent.t_IssueCredential,11,11,8,0
bench_bad_issuer_signature_waiting_25,0,after:StudentAgent.t_WaitCredential,11,11,8,0
bench_bad_issuer_signature_waiting_25,0,after:CompetencyNet.t_DenyInvalidIssuerSignature,11,11,8,0
bench_bad_issuer_signature_waiting_25,0,terminal,11,11,8,0
bench_bad_issuer_signature_waiting_26,0,creation,9,9,1,0
bench_bad_issuer_signature_waiting_26,0,after:StudentAgent.t_SubmitEvidence,10,10,4,0
bench_bad_issuer_signature_waiting_26,0,after:EvidenceNet.t_LMS_Submit,10,10,4,0
bench_bad_issuer_signature_waiting_26,0,after:EvidenceNet.t_Review_Request,10,10,4,0
bench_bad_issuer_signature_waiting_26,0,after:ProfessorAgent.t_StartReview,10,10,4,0
bench_bad_issuer_signature_waiting_26,0,after:ProfessorAgent.t_AssessEvidence,10,10,4,0
bench_bad_issuer_signature_waiting_26,0,after:ProfessorAgent.t_ApproveEvidence,10,10,5,0
bench_bad_issuer_signature_waiting_26,0,after:UniversityAgent.t_VerifyEvidence,10,10,5,0
bench_bad_issuer_signature_waiting_26,0,after:UniversityAgent.t_RequestCredential,11,11,7,0
bench_bad_issuer_signature_waiting_26,0,after:CompetencyNet.t_Verification_Pass,11,11,7,0
bench_bad_issuer_signature_waiting_26,0,after:UniversityAgent.t_IssueCredential,11,11,8,0
bench_bad_issuer_signature_waiting_26,0,after:StudentAgent.t_WaitCredential,11,11,8,0
bench_bad_issuer_signature_waiting_26,0,after:CompetencyNet.t_DenyInvalidIssuerSignature,11,11,8,0
bench_bad_issuer_signature_waiting_26,0,terminal,11,11,8,0
bench_bad_issuer_signature_waiting_27,0,creation,9,9,1,0
bench_bad_issuer_signature_waiting_27,0,after:StudentAgent.t_SubmitEvidence,10,10,4,0
bench_bad_issuer_signature_waiting_27,0,after:EvidenceNet.t_LMS_Submit,10,10,4,0
bench_bad_issuer_signature_waiting_27,0,after:EvidenceNet.t_Review_Request,10,10,4,0
bench_bad_issuer_signature_waiting_27,0,after:ProfessorAgent.t_StartReview,10,10,4,0
bench_bad_issuer_signature_waiting_27,0,after:ProfessorAgent.t_AssessEvidence,10,10,4,0
bench_bad_issuer_signature_waiting_27,0,after:ProfessorAgent.t_ApproveEvidence,10,10,5,0
bench_bad_issuer_signature_waiting_27,0,after:UniversityAgent.t_VerifyEvidence,10,10,5,0
bench_bad_issuer_signature_waiting_27,0,after:UniversityAgent.t_RequestCredential,11,11,7,0
bench_bad_issuer_signature_waiting_27,0,after:CompetencyNet.t_Verification_Pass,11,11,7,0
bench_bad_issuer_signature_waiting_27,0,after:UniversityAgent.t_IssueCredential,11,11,8,0
bench_bad_issuer_signature_waiting_27,0,after:StudentAgent.t_WaitCredential,11,11,8,0
bench_bad_issuer_signature_waiting_27,0,after:CompetencyNet.t_DenyInvalidIssuerSignature,11,11,8,0
bench_bad_issuer_signature_waiting_27,0,terminal,11,11,8,0
bench_bad_issuer_signature_waiting_28,0,creation,9,9,1,0
bench_bad_issuer_signature_waiting_28,0,after:StudentAgent.t_SubmitEvidence,10,10,4,0
bench_bad_issuer_signature_waiting_28,0,after:EvidenceNet.t_LMS_Submit,10,10,4,0
bench_bad_issuer_signature_waiting_28,0,after:EvidenceNet.t_Review_Request,10,10,4,0
bench_bad_issuer_signature_waiting_28,0,after:ProfessorAgent.t_StartReview,10,10,4,0
bench_bad_issuer_signature_waiting_28,0,after:ProfessorAgent.t_AssessEvidence,10,10,4,0
bench_bad_issuer_signature_waiting_28,0,after:ProfessorAgent.t_ApproveEvidence,10,10,5,0
bench_bad_issuer_signature_waiting_28,0,after:UniversityAgent.t_VerifyEvidence,10,10,5,0
bench_bad_issuer_signature_waiting_28,0,after:UniversityAgent.t_RequestCredential,11,11,7,0
bench_bad_issuer_signature_waiting_28,0,after:CompetencyNet.t_Verification_Pass,11,11,7,0
bench_bad_issuer_signature_waiting_28,0,after:UniversityAgent.t_IssueCredential,11,11,8,0
bench_bad_issuer_signature_waiting_28,0,after:StudentAgent.t_WaitCredential,11,11,8,0
bench_bad_issuer_signature_waiting_28,0,after:CompetencyNet.t_DenyInvalidIssuerSignature,11,11,8,0
bench_bad_issuer_signature_waiting_28,0,terminal,11,11,8,0
bench_bad_issuer_signature_waiting_29,0,creation,9,9,1,0
bench_bad_issuer_signature_waiting_29,0,after:StudentAgent.t_SubmitEvidence,10,10,4,0
bench_bad_issuer_signature_waiting_29,0,after:EvidenceNet.t_LMS_Submit,10,10,4,0
bench_bad_issuer_signature_waiting_29,0,after:EvidenceNet.t_Review_Request,10,10,4,0
bench_bad_issuer_signature_waiting_29,0,after:ProfessorAgent.t_StartReview,10,10,4,0
bench_bad_issuer_signature_waiting_29,0,after:ProfessorAgent.t_AssessEvidence,10,10,4,0
bench_bad_issuer_signature_waiting_29,0,after:ProfessorAgent.t_ApproveEvidence,10,10,5,0
bench_bad_issuer_signature_waiting_29,0,after:UniversityAgent.t_VerifyEvidence,10,10,5,0
bench_bad_issuer_signature_waiting_29,0,after:UniversityAgent.t_RequestCredential,11,11,7,0
bench_bad_issuer_signature_waiting_29,0,after:CompetencyNet.t_Verification_Pass,11,11,7,0
bench_bad_issuer_signature_waiting_29,0,after:UniversityAgent.t_IssueCredential,11,11,8,0
bench_bad_issuer_signature_waiting_29,0,after:StudentAgent.t_WaitCredential,11,11,8,0
bench_bad_issuer_signature_waiting_29,0,after:CompetencyNet.t_DenyInvalidIssuerSignature,11,11,8,0
bench_bad_issuer_signature_waiting_29,0,terminal,11,11,8,0
bench_bad_issuer_signature_waiting_30,0,creation,9,9,1,0
bench_bad_issuer_signature_waiting_30,0,after:StudentAgent.t_SubmitEvidence,10,10,4,0
bench_bad_issuer_signature_waiting_30,0,after:EvidenceNet.t_LMS_Submit,10,10,4,0
bench_bad_issuer_signature_waiting_30,0,after:EvidenceNet.t_Review_Request,10,10,4,0
bench_bad_issuer_signature_waiting_30,0,after:ProfessorAgent.t_StartReview,10,10,4,0
bench_bad_issuer_signature_waiting_30,0,after:ProfessorAgent.t_AssessEvidence,10,10,4,0
bench_bad_issuer_signature_waiting_30,0,after:ProfessorAgent.t_ApproveEvidence,10,10,5,0
bench_bad_issuer_signature_waiting_30,0,after:UniversityAgent.t_VerifyEvidence,10,10,5,0
bench_bad_issuer_signature_waiting_30,0,after:UniversityAgent.t_RequestCredential,11,11,7,0
bench_bad_issuer_signature_waiting_30,0,after:CompetencyNet.t_Verification_Pass,11,11,7,0
bench_bad_issuer_signature_waiting_30,0,after:UniversityAgent.t_IssueCredential,11,11,8,0
bench_bad_issuer_signature_waiting_30,0,after:StudentAgent.t_WaitCredential,11,11,8,0
bench_bad_issuer_signature_waiting_30,0,after:CompetencyNet.t_DenyInvalidIssuerSignature,11,11,8,0
bench_bad_issuer_signature_waiting_30,0,terminal,11,11,8,0
